city,region,year,month,temp,temp_max,temp_min,precip,wind,radiation
Belo Horizonte,Sudeste,1980,1,21.13225806451613,25.074193548387097,18.13225806451613,257.2,11.216129032258063,18.100967741935484
Belo Horizonte,Sudeste,1980,2,21.5,25.66551724137931,17.97241379310345,163.1,11.489655172413793,19.75241379310345
Belo Horizonte,Sudeste,1980,3,21.677419354838708,27.019354838709678,16.567741935483873,50.400000000000006,9.993548387096775,22.365161290322582
Belo Horizonte,Sudeste,1980,4,19.933333333333334,24.426666666666666,16.366666666666667,125.8,11.486666666666668,15.575333333333333
Belo Horizonte,Sudeste,1980,5,18.687096774193545,23.951612903225808,13.98709677419355,4.4,10.374193548387098,15.481935483870968
Belo Horizonte,Sudeste,1980,6,16.646666666666665,21.540000000000003,12.29,20.5,11.473333333333333,11.853000000000002
Belo Horizonte,Sudeste,1980,7,17.04516129032258,23.006451612903227,11.525806451612903,1.3,11.093548387096773,15.153548387096773
Belo Horizonte,Sudeste,1980,8,18.799999999999997,24.309677419354838,13.606451612903227,9.5,13.077419354838709,16.82677419354839
Belo Horizonte,Sudeste,1980,9,19.266666666666666,24.586666666666666,14.29,47.199999999999996,13.513333333333332,17.733333333333334
Belo Horizonte,Sudeste,1980,10,21.032258064516128,26.432258064516127,16.151612903225807,97.4,13.754838709677419,21.8341935483871
Belo Horizonte,Sudeste,1980,11,20.163333333333334,24.07,16.966666666666665,261.4,13.03,17.054333333333332
Belo Horizonte,Sudeste,1980,12,21.12258064516129,25.096774193548388,18.03548387096774,344.9,12.187096774193549,18.219677419354838
Belo Horizonte,Sudeste,1981,1,21.316129032258065,25.648387096774194,17.529032258064515,215.7,11.380645161290323,19.83483870967742
Belo Horizonte,Sudeste,1981,2,21.857142857142858,26.592857142857145,17.439285714285713,40.3,12.807142857142859,23.13642857142857
Belo Horizonte,Sudeste,1981,3,21.66774193548387,25.56451612903226,18.44193548387097,255.6,11.106451612903227,15.753870967741936
Belo Horizonte,Sudeste,1981,4,18.8,23.576666666666664,14.306666666666667,21.4,11.95,17.38
Belo Horizonte,Sudeste,1981,5,17.68064516129032,22.44516129032258,13.535483870967743,25.1,11.412903225806453,13.688387096774193
Belo Horizonte,Sudeste,1981,6,15.686666666666667,20.776666666666664,10.983333333333333,48.8,11.266666666666667,12.953333333333335
Belo Horizonte,Sudeste,1981,7,15.390322580645162,20.993548387096773,10.19032258064516,0.8,11.974193548387097,14.75258064516129
Belo Horizonte,Sudeste,1981,8,17.34193548387097,23.306451612903224,11.63225806451613,33.9,10.983870967741936,18.276451612903227
Belo Horizonte,Sudeste,1981,9,19.926666666666666,26.4,13.84,46.1,12.016666666666667,21.677666666666667
Belo Horizonte,Sudeste,1981,10,18.932258064516127,22.712903225806453,15.906451612903227,219.6,12.761290322580646,14.926129032258064
Belo Horizonte,Sudeste,1981,11,20.726666666666667,24.793333333333333,17.66,324.59999999999997,11.08,17.113333333333333
Belo Horizonte,Sudeste,1981,12,21.15806451612903,25.448387096774194,17.63225806451613,203.2,11.745161290322581,19.962903225806453
Belo Horizonte,Sudeste,1982,1,20.529032258064515,24.038709677419355,17.864516129032257,372.4,11.951612903225806,16.028387096774193
Belo Horizonte,Sudeste,1982,2,21.90357142857143,26.760714285714283,17.532142857142855,69.3,11.742857142857144,23.730357142857144
Belo Horizonte,Sudeste,1982,3,20.73548387096774,24.316129032258065,18.1,383.7,10.893548387096773,13.347096774193549
Belo Horizonte,Sudeste,1982,4,18.446666666666665,22.86,14.610000000000001,59.0,10.42,16.115666666666666
Belo Horizonte,Sudeste,1982,5,16.980645161290322,21.58709677419355,12.783870967741937,50.1,11.5,13.676129032258064
Belo Horizonte,Sudeste,1982,6,17.540000000000003,23.103333333333335,12.676666666666668,3.1,10.496666666666666,13.901
Belo Horizonte,Sudeste,1982,7,17.206451612903226,23.067741935483873,11.858064516129033,9.6,11.396774193548387,15.06967741935484
Belo Horizonte,Sudeste,1982,8,19.029032258064515,24.351612903225806,14.348387096774195,9.6,12.296774193548387,16.212258064516128
Belo Horizonte,Sudeste,1982,9,19.1,24.506666666666668,14.266666666666667,24.299999999999997,13.513333333333332,18.522
Belo Horizonte,Sudeste,1982,10,20.693548387096776,25.33225806451613,17.009677419354837,125.3,12.870967741935484,18.50709677419355
Belo Horizonte,Sudeste,1982,11,23.583333333333332,28.94,18.833333333333332,77.5,11.303333333333335,24.297666666666665
Belo Horizonte,Sudeste,1982,12,21.141935483870967,25.032258064516128,18.206451612903226,329.1,12.316129032258065,16.451612903225808
Belo Horizonte,Sudeste,1983,1,21.009677419354837,24.509677419354837,18.729032258064517,457.8,13.264516129032257,14.044516129032258
Belo Horizonte,Sudeste,1983,2,21.732142857142858,25.964285714285715,18.067857142857143,156.6,12.967857142857143,19.346785714285716
Belo Horizonte,Sudeste,1983,3,21.251612903225805,25.5258064516129,17.84193548387097,175.8,11.754838709677419,17.887096774193548
Belo Horizonte,Sudeste,1983,4,20.326666666666668,24.823333333333334,16.06,105.1,10.546666666666665,16.985
Belo Horizonte,Sudeste,1983,5,19.551612903225806,24.432258064516127,15.448387096774193,28.8,12.193548387096774,14.086774193548386
Belo Horizonte,Sudeste,1983,6,18.573333333333334,24.003333333333334,13.74,2.2,9.863333333333333,14.402666666666667
Belo Horizonte,Sudeste,1983,7,17.925806451612903,23.606451612903225,12.583870967741936,40.1,10.964516129032258,14.963225806451613
Belo Horizonte,Sudeste,1983,8,17.583870967741937,23.654838709677417,11.516129032258064,5.5,10.887096774193548,18.557419354838707
Belo Horizonte,Sudeste,1983,9,19.8,24.529999999999998,16.03666666666667,94.5,14.023333333333333,16.220000000000002
Belo Horizonte,Sudeste,1983,10,19.606451612903225,23.741935483870968,16.283870967741937,200.6,13.438709677419356,17.641612903225806
Belo Horizonte,Sudeste,1983,11,20.63,24.686666666666667,17.40666666666667,255.8,10.8,17.528333333333332
Belo Horizonte,Sudeste,1983,12,20.94193548387097,24.799999999999997,17.58709677419355,248.1,11.583870967741936,17.745806451612903
Belo Horizonte,Sudeste,1984,1,22.929032258064513,28.203225806451613,17.887096774193548,137.5,10.438709677419356,24.97193548387097
Belo Horizonte,Sudeste,1984,2,23.420689655172417,28.455172413793104,18.879310344827587,56.1,11.262068965517242,24.71206896551724
Belo Horizonte,Sudeste,1984,3,22.258064516129032,26.848387096774193,18.0258064516129,108.2,11.05483870967742,19.20387096774194
Belo Horizonte,Sudeste,1984,4,19.94,24.45,15.933333333333334,60.3,12.363333333333333,15.850333333333333
Belo Horizonte,Sudeste,1984,5,20.48709677419355,26.51290322580645,14.7,4.7,9.558064516129033,17.27
Belo Horizonte,Sudeste,1984,6,18.863333333333333,24.85666666666667,13.343333333333334,0.39999999999999997,10.28,15.349333333333334
Belo Horizonte,Sudeste,1984,7,17.835483870967742,23.687096774193545,12.429032258064517,12.5,11.958064516129031,15.45258064516129
Belo Horizonte,Sudeste,1984,8,17.80322580645161,22.74516129032258,13.241935483870968,82.0,12.887096774193548,13.553870967741936
Belo Horizonte,Sudeste,1984,9,18.883333333333333,24.029999999999998,14.353333333333333,43.8,13.129999999999999,18.872666666666664
Belo Horizonte,Sudeste,1984,10,21.35483870967742,26.706451612903226,16.29032258064516,43.199999999999996,12.493548387096775,22.29064516129032
Belo Horizonte,Sudeste,1984,11,21.779999999999998,26.636666666666667,17.776666666666664,292.09999999999997,12.629999999999999,20.61733333333333
Belo Horizonte,Sudeste,1984,12,21.270967741935483,25.193548387096776,18.583870967741937,268.1,12.893548387096773,17.250645161290322
Belo Horizonte,Sudeste,1985,1,20.60967741935484,23.983870967741936,18.438709677419357,656.2,13.561290322580646,14.011290322580646
Belo Horizonte,Sudeste,1985,2,22.375,27.260714285714283,17.932142857142857,161.6,10.435714285714285,22.816785714285714
Belo Horizonte,Sudeste,1985,3,21.664516129032258,26.01290322580645,18.34193548387097,232.8,10.535483870967743,17.781935483870967
Belo Horizonte,Sudeste,1985,4,19.933333333333334,24.65666666666667,15.796666666666665,50.6,11.216666666666667,18.032333333333334
Belo Horizonte,Sudeste,1985,5,18.496774193548386,23.18064516129032,14.235483870967743,28.8,9.729032258064517,13.898387096774194
Belo Horizonte,Sudeste,1985,6,15.370000000000001,21.616666666666667,9.44,5.4,9.79,15.907666666666668
Belo Horizonte,Sudeste,1985,7,15.529032258064515,21.36774193548387,10.13225806451613,0.0,13.025806451612903,15.276451612903225
Belo Horizonte,Sudeste,1985,8,18.40967741935484,24.906451612903226,12.26774193548387,13.8,11.783870967741937,18.68516129032258
Belo Horizonte,Sudeste,1985,9,19.456666666666667,25.09333333333333,14.256666666666666,110.1,12.483333333333333,19.31066666666667
Belo Horizonte,Sudeste,1985,10,20.806451612903224,25.796774193548387,16.325806451612902,112.9,11.44516129032258,21.187419354838713
Belo Horizonte,Sudeste,1985,11,20.9,25.703333333333333,16.783333333333335,183.8,13.123333333333333,20.35666666666667
Belo Horizonte,Sudeste,1985,12,20.419354838709676,24.316129032258065,16.92258064516129,216.1,11.629032258064516,18.134838709677418
Belo Horizonte,Sudeste,1986,1,21.770967741935483,26.238709677419354,17.580645161290324,178.70000000000002,10.919354838709678,21.835806451612903
Belo Horizonte,Sudeste,1986,2,22.010714285714283,27.032142857142855,17.767857142857142,167.7,10.089285714285714,22.252857142857145
Belo Horizonte,Sudeste,1986,3,22.493548387096773,27.470967741935485,17.932258064516127,36.1,11.235483870967743,21.53774193548387
Belo Horizonte,Sudeste,1986,4,21.71333333333333,26.763333333333332,17.03666666666667,25.200000000000003,11.123333333333333,18.324
Belo Horizonte,Sudeste,1986,5,20.467741935483872,25.983870967741936,15.306451612903226,17.8,11.235483870967743,16.163548387096775
Belo Horizonte,Sudeste,1986,6,16.926666666666666,22.85666666666667,11.503333333333334,1.0,11.856666666666666,14.797
Belo Horizonte,Sudeste,1986,7,16.438709677419357,22.080645161290324,11.212903225806452,38.4,11.229032258064517,14.263870967741935
Belo Horizonte,Sudeste,1986,8,18.93548387096774,25.01290322580645,13.66451612903226,56.0,10.893548387096773,17.53774193548387
Belo Horizonte,Sudeste,1986,9,18.933333333333334,24.44,13.673333333333334,29.200000000000003,13.45,19.687
Belo Horizonte,Sudeste,1986,10,21.03548387096774,26.738709677419354,15.719354838709679,55.0,12.574193548387097,21.730645161290322
Belo Horizonte,Sudeste,1986,11,21.763333333333332,26.886666666666667,17.026666666666667,132.5,13.16,21.378666666666668
Belo Horizonte,Sudeste,1986,12,21.641935483870967,26.01290322580645,18.403225806451612,342.2,13.254838709677419,17.964193548387097
Belo Horizonte,Sudeste,1987,1,22.567741935483873,27.129032258064516,18.532258064516128,234.7,10.603225806451613,21.910645161290322
Belo Horizonte,Sudeste,1987,2,22.310714285714287,26.75,18.435714285714287,96.10000000000001,12.096428571428572,21.97
Belo Horizonte,Sudeste,1987,3,21.293548387096774,25.97741935483871,17.429032258064513,216.4,11.180645161290323,19.15064516129032
Belo Horizonte,Sudeste,1987,4,20.353333333333335,25.10666666666667,16.163333333333334,87.0,10.573333333333332,16.99566666666667
Belo Horizonte,Sudeste,1987,5,19.635483870967743,24.532258064516128,15.151612903225805,57.7,11.564516129032258,14.78516129032258
Belo Horizonte,Sudeste,1987,6,17.016666666666666,22.38,12.313333333333333,49.9,10.620000000000001,13.161666666666667
Belo Horizonte,Sudeste,1987,7,17.61935483870968,23.90967741935484,11.97741935483871,4.800000000000001,10.97741935483871,15.865483870967742
Belo Horizonte,Sudeste,1987,8,18.88064516129032,25.583870967741937,12.7,16.3,11.403225806451612,18.833548387096776
Belo Horizonte,Sudeste,1987,9,20.753333333333334,26.48,15.773333333333333,47.8,13.286666666666667,19.072666666666667
Belo Horizonte,Sudeste,1987,10,23.39032258064516,29.40967741935484,18.154838709677417,95.69999999999999,13.396774193548387,22.219354838709677
Belo Horizonte,Sudeste,1987,11,21.773333333333333,26.4,18.033333333333335,201.5,12.213333333333333,20.12
Belo Horizonte,Sudeste,1987,12,21.509677419354837,25.35483870967742,18.683870967741935,360.0,12.36774193548387,17.759032258064515
Belo Horizonte,Sudeste,1988,1,23.019354838709678,27.687096774193545,18.661290322580644,173.5,10.751612903225807,22.432580645161288
Belo Horizonte,Sudeste,1988,2,22.355172413793102,26.606896551724137,18.920689655172417,187.8,10.441379310344828,19.131724137931037
Belo Horizonte,Sudeste,1988,3,21.70967741935484,26.548387096774192,17.45483870967742,108.39999999999999,10.98709677419355,19.88193548387097
Belo Horizonte,Sudeste,1988,4,21.220000000000002,25.603333333333335,17.57,86.0,11.28,15.568999999999999
Belo Horizonte,Sudeste,1988,5,20.293548387096774,25.5258064516129,15.709677419354838,33.7,9.86774193548387,14.623548387096774
Belo Horizonte,Sudeste,1988,6,17.15666666666667,22.566666666666666,12.41,8.9,12.56,13.999333333333334
Belo Horizonte,Sudeste,1988,7,15.496774193548386,21.593548387096774,9.993548387096775,1.2000000000000002,12.396774193548387,15.577419354838709
Belo Horizonte,Sudeste,1988,8,17.48709677419355,24.18064516129032,11.061290322580644,0.0,12.516129032258064,18.96483870967742
Belo Horizonte,Sudeste,1988,9,21.376666666666665,27.84333333333333,15.303333333333335,19.0,13.503333333333334,21.362666666666666
Belo Horizonte,Sudeste,1988,10,20.57741935483871,25.37741935483871,16.625806451612902,138.6,12.832258064516129,18.756129032258066
Belo Horizonte,Sudeste,1988,11,20.136666666666667,24.240000000000002,16.253333333333334,148.2,12.276666666666667,18.879666666666665
Belo Horizonte,Sudeste,1988,12,21.42258064516129,25.825806451612905,17.429032258064513,197.9,10.261290322580646,20.70193548387097
Belo Horizonte,Sudeste,1989,1,22.73548387096774,27.55806451612903,18.296774193548387,72.8,11.890322580645162,24.27741935483871
Belo Horizonte,Sudeste,1989,2,22.985714285714288,27.889285714285712,18.95,108.9,9.960714285714285,21.503214285714286
Belo Horizonte,Sudeste,1989,3,22.06451612903226,26.906451612903226,17.938709677419357,126.1,10.97741935483871,19.56451612903226
Belo Horizonte,Sudeste,1989,4,22.246666666666666,27.506666666666668,17.27,5.699999999999999,10.6,18.808666666666667
Belo Horizonte,Sudeste,1989,5,18.593548387096774,24.09032258064516,13.396774193548387,5.6000000000000005,12.041935483870969,15.620000000000001
Belo Horizonte,Sudeste,1989,6,17.196666666666665,22.146666666666665,12.78,61.2,11.093333333333334,13.0
Belo Horizonte,Sudeste,1989,7,15.812903225806451,21.874193548387098,10.399999999999999,55.7,11.619354838709677,15.316451612903226
Belo Horizonte,Sudeste,1989,8,17.816129032258065,23.393548387096775,12.951612903225806,17.9,12.916129032258064,16.43806451612903
Belo Horizonte,Sudeste,1989,9,21.033333333333335,26.990000000000002,15.51,55.2,12.713333333333333,20.481
Belo Horizonte,Sudeste,1989,10,19.812903225806455,24.325806451612905,16.151612903225807,152.1,12.903225806451612,18.884193548387096
Belo Horizonte,Sudeste,1989,11,20.666666666666668,24.77,17.513333333333332,310.0,12.996666666666666,17.116666666666667
Belo Horizonte,Sudeste,1989,12,20.44516129032258,23.874193548387098,17.548387096774192,425.0,14.82258064516129,16.633548387096774
Belo Horizonte,Sudeste,1990,1,22.55483870967742,27.616129032258065,17.37741935483871,59.3,11.96774193548387,25.350645161290323
Belo Horizonte,Sudeste,1990,2,22.582142857142856,27.310714285714287,18.567857142857143,135.9,12.192857142857141,20.73428571428571
Belo Horizonte,Sudeste,1990,3,22.799999999999997,27.76451612903226,18.396774193548385,78.9,10.03225806451613,21.30322580645161
Belo Horizonte,Sudeste,1990,4,22.553333333333335,27.696666666666665,17.726666666666667,21.3,10.696666666666665,19.235666666666667
Belo Horizonte,Sudeste,1990,5,18.561290322580643,23.470967741935485,14.283870967741937,78.6,12.048387096774194,14.669677419354839
Belo Horizonte,Sudeste,1990,6,17.959999999999997,23.576666666666664,12.97,6.199999999999999,11.860000000000001,14.372666666666667
Belo Horizonte,Sudeste,1990,7,17.345161290322583,22.567741935483873,12.606451612903227,72.89999999999999,11.096774193548388,13.904838709677419
Belo Horizonte,Sudeste,1990,8,17.45483870967742,22.529032258064515,12.951612903225806,24.599999999999998,12.332258064516129,14.208709677419355
Belo Horizonte,Sudeste,1990,9,18.756666666666668,23.956666666666667,14.023333333333333,65.7,12.216666666666667,18.122333333333334
Belo Horizonte,Sudeste,1990,10,21.46451612903226,26.51290322580645,17.16774193548387,61.1,13.96774193548387,20.570967741935487
Belo Horizonte,Sudeste,1990,11,23.086666666666666,28.4,18.586666666666666,181.6,11.226666666666667,22.753333333333334
Belo Horizonte,Sudeste,1990,12,21.92258064516129,26.496774193548386,18.09032258064516,169.7,12.593548387096773,21.679677419354835
Belo Horizonte,Sudeste,1991,1,21.112903225806452,24.874193548387098,18.13225806451613,480.3,13.161290322580646,16.820645161290322
Belo Horizonte,Sudeste,1991,2,22.014285714285712,26.182142857142857,18.821428571428573,177.9,10.885714285714286,19.137857142857143
Belo Horizonte,Sudeste,1991,3,21.177419354838708,24.925806451612903,18.148387096774194,321.4,12.209677419354838,15.991935483870968
Belo Horizonte,Sudeste,1991,4,20.13,24.709999999999997,15.993333333333334,47.7,10.46,16.91166666666667
Belo Horizonte,Sudeste,1991,5,18.200000000000003,23.238709677419354,13.848387096774195,20.1,11.841935483870968,14.994516129032258
Belo Horizonte,Sudeste,1991,6,17.62,23.7,12.113333333333333,0.7999999999999999,10.97,15.154666666666666
Belo Horizonte,Sudeste,1991,7,17.348387096774193,22.851612903225806,12.319354838709677,1.7,12.851612903225806,14.421290322580646
Belo Horizonte,Sudeste,1991,8,17.896774193548385,23.990322580645163,12.14516129032258,0.4,13.503225806451614,17.681290322580644
Belo Horizonte,Sudeste,1991,9,18.95,24.476666666666667,13.906666666666666,100.0,12.206666666666667,18.651666666666664
Belo Horizonte,Sudeste,1991,10,20.051612903225806,24.887096774193548,15.670967741935485,93.3,13.919354838709678,20.240645161290324
Belo Horizonte,Sudeste,1991,11,21.206666666666667,25.6,17.73,207.9,11.35,20.086333333333336
Belo Horizonte,Sudeste,1991,12,21.92258064516129,26.04516129032258,18.416129032258063,228.6,10.816129032258065,19.566774193548387
Belo Horizonte,Sudeste,1992,1,20.870967741935484,24.016129032258064,18.73225806451613,387.5,12.883870967741935,13.927096774193549
Belo Horizonte,Sudeste,1992,2,20.76551724137931,25.103448275862068,16.810344827586206,131.8,13.562068965517241,19.84551724137931
Belo Horizonte,Sudeste,1992,3,21.793548387096774,26.81935483870968,17.45483870967742,40.6,11.603225806451613,21.369032258064518
Belo Horizonte,Sudeste,1992,4,21.660000000000004,26.313333333333333,17.740000000000002,73.9,9.96,16.226333333333333
Belo Horizonte,Sudeste,1992,5,20.51290322580645,25.89032258064516,15.825806451612904,19.200000000000003,10.716129032258063,15.514516129032257
Belo Horizonte,Sudeste,1992,6,18.086666666666666,23.69333333333333,12.926666666666668,2.0,11.270000000000001,14.425333333333333
Belo Horizonte,Sudeste,1992,7,17.33225806451613,22.648387096774194,12.425806451612903,1.8,12.364516129032259,14.23741935483871
Belo Horizonte,Sudeste,1992,8,18.35483870967742,23.761290322580646,13.525806451612903,17.200000000000003,12.935483870967742,16.054516129032258
Belo Horizonte,Sudeste,1992,9,18.75,23.15,15.076666666666666,120.89999999999999,13.693333333333333,16.068333333333335
Belo Horizonte,Sudeste,1992,10,20.019354838709678,24.23548387096774,16.538709677419355,172.5,12.59032258064516,17.765806451612903
Belo Horizonte,Sudeste,1992,11,20.35,24.1,17.203333333333333,272.5,11.916666666666666,17.058
Belo Horizonte,Sudeste,1992,12,20.567741935483873,24.425806451612903,17.5258064516129,253.8,12.083870967741936,18.248387096774195
Belo Horizonte,Sudeste,1993,1,21.861290322580647,26.79032258064516,17.406451612903226,162.1,10.62258064516129,23.655483870967743
Belo Horizonte,Sudeste,1993,2,21.682142857142857,26.360714285714288,17.942857142857143,113.8,10.585714285714285,21.584285714285716
Belo Horizonte,Sudeste,1993,3,22.98709677419355,28.17096774193548,18.05806451612903,38.4,9.687096774193549,22.174838709677417
Belo Horizonte,Sudeste,1993,4,20.563333333333333,25.03666666666667,16.74,135.70000000000002,10.29,16.243000000000002
Belo Horizonte,Sudeste,1993,5,17.80322580645161,23.09032258064516,13.13225806451613,71.1,12.635483870967741,14.92225806451613
Belo Horizonte,Sudeste,1993,6,16.46333333333333,21.746666666666666,11.65,17.9,11.85,13.588333333333333
Belo Horizonte,Sudeste,1993,7,18.200000000000003,24.299999999999997,12.496774193548386,1.3,11.14516129032258,15.801935483870968
Belo Horizonte,Sudeste,1993,8,18.361290322580647,24.135483870967743,13.003225806451614,15.9,11.832258064516129,16.290967741935482
Belo Horizonte,Sudeste,1993,9,21.259999999999998,27.296666666666667,15.866666666666667,71.9,12.896666666666667,19.976333333333333
Belo Horizonte,Sudeste,1993,10,21.403225806451612,26.700000000000003,16.574193548387097,80.3,12.374193548387098,22.095483870967744
Belo Horizonte,Sudeste,1993,11,22.916666666666668,28.17,18.346666666666668,110.0,12.733333333333333,23.301333333333332
Belo Horizonte,Sudeste,1993,12,21.835483870967742,25.812903225806455,18.438709677419357,256.9,12.151612903225805,18.432258064516127
Belo Horizonte,Sudeste,1994,1,21.561290322580643,25.570967741935487,18.416129032258063,286.3,11.319354838709677,17.973870967741938
Belo Horizonte,Sudeste,1994,2,23.589285714285715,28.853571428571428,18.428571428571427,32.8,10.096428571428572,25.44857142857143
Belo Horizonte,Sudeste,1994,3,20.996774193548386,24.919354838709676,18.067741935483873,265.8,11.709677419354838,15.476774193548387
Belo Horizonte,Sudeste,1994,4,20.07,24.746666666666666,15.986666666666666,60.4,11.2,16.997333333333334
Belo Horizonte,Sudeste,1994,5,19.429032258064513,24.70967741935484,14.870967741935484,29.2,9.925806451612903,15.386774193548387
Belo Horizonte,Sudeste,1994,6,17.03666666666667,23.003333333333334,11.67,15.9,9.463333333333333,15.026666666666667
Belo Horizonte,Sudeste,1994,7,16.725806451612904,22.716129032258067,11.325806451612904,6.800000000000001,11.709677419354838,15.154838709677419
Belo Horizonte,Sudeste,1994,8,18.45483870967742,25.31935483870968,11.69032258064516,0.9,10.932258064516128,19.580000000000002
Belo Horizonte,Sudeste,1994,9,20.7,27.009999999999998,14.636666666666667,1.3,12.34,21.559
Belo Horizonte,Sudeste,1994,10,22.493548387096773,27.94516129032258,17.361290322580647,40.4,13.154838709677419,21.36032258064516
Belo Horizonte,Sudeste,1994,11,21.89,26.586666666666666,17.706666666666667,221.0,12.346666666666668,19.354666666666667
Belo Horizonte,Sudeste,1994,12,21.822580645161292,26.096774193548388,18.174193548387095,271.3,12.441935483870967,20.851612903225806
Belo Horizonte,Sudeste,1995,1,23.529032258064515,28.39032258064516,19.17096774193548,94.3,11.196774193548388,23.823870967741936
Belo Horizonte,Sudeste,1995,2,22.37142857142857,27.00357142857143,18.610714285714288,212.3,11.167857142857143,20.277142857142856
Belo Horizonte,Sudeste,1995,3,21.887096774193548,26.603225806451615,17.725806451612904,163.5,10.583870967741936,20.227096774193548
Belo Horizonte,Sudeste,1995,4,20.4,24.823333333333334,16.716666666666665,94.4,10.636666666666667,16.104333333333333
Belo Horizonte,Sudeste,1995,5,18.796774193548387,23.361290322580647,14.935483870967742,73.3,9.26774193548387,13.89516129032258
Belo Horizonte,Sudeste,1995,6,16.93,22.926666666666666,11.55,4.1,10.146666666666667,15.113666666666667
Belo Horizonte,Sudeste,1995,7,17.990322580645163,23.770967741935483,12.751612903225807,1.0,11.922580645161291,15.511612903225807
Belo Horizonte,Sudeste,1995,8,19.725806451612904,26.32903225806452,13.251612903225807,0.30000000000000004,11.13225806451613,18.99258064516129
Belo Horizonte,Sudeste,1995,9,20.41,26.48,14.7,22.599999999999998,13.946666666666665,20.486
Belo Horizonte,Sudeste,1995,10,21.61935483870968,27.096774193548388,17.003225806451614,138.0,12.654838709677419,21.246129032258064
Belo Horizonte,Sudeste,1995,11,20.44,24.91,16.506666666666668,166.9,12.386666666666667,19.841333333333335
Belo Horizonte,Sudeste,1995,12,21.274193548387096,25.41290322580645,18.093548387096774,398.8,12.251612903225807,17.789354838709677
Belo Horizonte,Sudeste,1996,1,22.57741935483871,27.31935483870968,17.93548387096774,100.4,11.083870967741934,23.726129032258065
Belo Horizonte,Sudeste,1996,2,23.351724137931036,28.406896551724138,18.779310344827586,95.2,10.544827586206896,23.201034482758622
Belo Horizonte,Sudeste,1996,3,22.68064516129032,27.529032258064515,18.55483870967742,138.79999999999998,10.332258064516129,20.348064516129032
Belo Horizonte,Sudeste,1996,4,20.823333333333334,25.85666666666667,16.3,44.1,11.316666666666666,17.640666666666668
Belo Horizonte,Sudeste,1996,5,18.293548387096774,23.64516129032258,13.432258064516128,42.800000000000004,10.238709677419354,15.288709677419355
Belo Horizonte,Sudeste,1996,6,17.01,22.876666666666665,11.44,14.2,11.456666666666667,14.633333333333333
Belo Horizonte,Sudeste,1996,7,17.16774193548387,23.1,11.441935483870967,4.4,11.480645161290322,15.849677419354839
Belo Horizonte,Sudeste,1996,8,18.067741935483873,24.216129032258067,12.55483870967742,20.1,11.958064516129031,18.059677419354838
Belo Horizonte,Sudeste,1996,9,19.279999999999998,24.323333333333334,14.993333333333334,123.19999999999999,12.956666666666667,18.476999999999997
Belo Horizonte,Sudeste,1996,10,21.6,26.751612903225805,17.129032258064516,93.60000000000001,12.19032258064516,20.006129032258066
Belo Horizonte,Sudeste,1996,11,20.1,23.936666666666667,17.086666666666666,303.5,12.626666666666667,16.222
Belo Horizonte,Sudeste,1996,12,21.677419354838708,26.0,18.470967741935485,301.40000000000003,11.73225806451613,19.938709677419357
Belo Horizonte,Sudeste,1997,1,21.864516129032257,25.925806451612903,18.570967741935487,320.5,11.816129032258065,19.462903225806453
Belo Horizonte,Sudeste,1997,2,22.24285714285714,26.82857142857143,17.975,79.7,11.65,22.763571428571428
Belo Horizonte,Sudeste,1997,3,20.12258064516129,24.490322580645163,16.54516129032258,225.20000000000002,11.106451612903227,17.36967741935484
Belo Horizonte,Sudeste,1997,4,19.603333333333335,24.313333333333333,15.356666666666666,49.8,10.033333333333333,17.022333333333332
Belo Horizonte,Sudeste,1997,5,17.68064516129032,22.31935483870968,13.45483870967742,24.7,11.029032258064515,14.23
Belo Horizonte,Sudeste,1997,6,16.73,22.166666666666668,11.46,64.5,11.176666666666668,14.541666666666666
Belo Horizonte,Sudeste,1997,7,16.812903225806455,23.106451612903225,10.667741935483871,0.2,9.893548387096773,16.22064516129032
Belo Horizonte,Sudeste,1997,8,17.780645161290323,24.783870967741933,10.916129032258064,5.199999999999999,10.864516129032259,19.88225806451613
Belo Horizonte,Sudeste,1997,9,22.07,27.95,16.643333333333334,85.4,11.72,19.548333333333336
Belo Horizonte,Sudeste,1997,10,22.648387096774194,28.325806451612905,17.374193548387098,59.699999999999996,13.13225806451613,22.590645161290322
Belo Horizonte,Sudeste,1997,11,24.006666666666668,29.15,19.64333333333333,180.0,10.92,21.344
Belo Horizonte,Sudeste,1997,12,22.35483870967742,26.700000000000003,18.996774193548386,266.2,11.612903225806452,20.395806451612902
Belo Horizonte,Sudeste,1998,1,23.206451612903226,27.69677419354839,19.37741935483871,175.9,10.896774193548387,22.491290322580646
Belo Horizonte,Sudeste,1998,2,23.775000000000002,28.37857142857143,19.607142857142858,91.39999999999999,10.825000000000001,21.788928571428574
Belo Horizonte,Sudeste,1998,3,23.432258064516127,28.216129032258063,19.135483870967743,61.5,11.161290322580646,20.653225806451612
Belo Horizonte,Sudeste,1998,4,22.416666666666668,27.41,18.186666666666667,41.1,11.576666666666666,17.841333333333335
Belo Horizonte,Sudeste,1998,5,19.429032258064513,24.580645161290324,14.925806451612903,49.4,10.764516129032257,14.83290322580645
Belo Horizonte,Sudeste,1998,6,16.756666666666668,21.793333333333333,12.270000000000001,14.6,11.123333333333333,12.421666666666665
Belo Horizonte,Sudeste,1998,7,17.4,23.55806451612903,11.59032258064516,1.4,10.129032258064516,15.963225806451613
Belo Horizonte,Sudeste,1998,8,19.85483870967742,25.519354838709678,14.803225806451612,60.6,11.448387096774193,17.399677419354838
Belo Horizonte,Sudeste,1998,9,22.15,28.38,16.453333333333333,16.9,13.3,21.802000000000003
Belo Horizonte,Sudeste,1998,10,21.23548387096774,26.203225806451613,17.44193548387097,153.5,12.496774193548386,19.091290322580647
Belo Horizonte,Sudeste,1998,11,20.44333333333333,24.376666666666665,17.18,149.6,11.733333333333333,17.583333333333332
Belo Horizonte,Sudeste,1998,12,21.967741935483872,26.351612903225806,18.519354838709678,242.29999999999998,11.667741935483871,20.36
Belo Horizonte,Sudeste,1999,1,22.541935483870965,27.138709677419353,18.496774193548386,163.70000000000002,11.009677419354839,21.74483870967742
Belo Horizonte,Sudeste,1999,2,22.86785714285714,27.564285714285713,18.59642857142857,110.5,11.260714285714286,22.40285714285714
Belo Horizonte,Sudeste,1999,3,21.53548387096774,25.72258064516129,17.796774193548387,251.79999999999998,9.861290322580645,18.4
Belo Horizonte,Sudeste,1999,4,20.8,25.67,16.436666666666667,24.7,10.129999999999999,18.259333333333334
Belo Horizonte,Sudeste,1999,5,18.141935483870967,23.690322580645162,12.712903225806452,6.3,12.332258064516129,16.82161290322581
Belo Horizonte,Sudeste,1999,6,17.959999999999997,23.67,12.639999999999999,5.7,10.66,14.359333333333334
Belo Horizonte,Sudeste,1999,7,18.048387096774192,23.470967741935485,13.041935483870969,4.8,12.154838709677419,14.364193548387098
Belo Horizonte,Sudeste,1999,8,17.690322580645162,24.05806451612903,11.412903225806453,0.8,11.887096774193548,18.441612903225806
Belo Horizonte,Sudeste,1999,9,20.209999999999997,26.28666666666667,14.226666666666667,19.6,13.353333333333333,21.19066666666667
Belo Horizonte,Sudeste,1999,10,20.24516129032258,25.40967741935484,15.616129032258065,79.8,14.119354838709677,19.13774193548387
Belo Horizonte,Sudeste,1999,11,19.513333333333332,23.803333333333335,15.896666666666667,245.1,12.366666666666667,17.669
Belo Horizonte,Sudeste,1999,12,21.316129032258065,25.57741935483871,17.81935483870968,206.7,12.187096774193549,20.786774193548386
Belo Horizonte,Sudeste,2000,1,21.72258064516129,25.938709677419357,18.26451612903226,359.0,11.061290322580644,19.246451612903225
Belo Horizonte,Sudeste,2000,2,21.989655172413794,26.410344827586208,18.17241379310345,146.2,11.648275862068965,21.186206896551724
Belo Horizonte,Sudeste,2000,3,21.338709677419356,25.470967741935485,17.896774193548385,156.5,11.37741935483871,17.93516129032258
Belo Horizonte,Sudeste,2000,4,20.040000000000003,25.21333333333333,15.316666666666666,28.4,10.836666666666668,19.031
Belo Horizonte,Sudeste,2000,5,18.438709677419357,23.80322580645161,13.470967741935485,3.5,11.970967741935485,16.461935483870967
Belo Horizonte,Sudeste,2000,6,17.096666666666668,23.509999999999998,11.120000000000001,1.0,10.28,15.338666666666665
Belo Horizonte,Sudeste,2000,7,16.851612903225806,22.506451612903227,11.748387096774193,7.6000000000000005,11.787096774193548,14.78967741935484
Belo Horizonte,Sudeste,2000,8,18.741935483870968,24.770967741935483,12.990322580645161,30.5,11.783870967741937,17.583548387096776
Belo Horizonte,Sudeste,2000,9,18.459999999999997,22.916666666666668,14.56,79.1,13.29,16.311333333333334
Belo Horizonte,Sudeste,2000,10,22.693548387096776,28.612903225806452,17.12258064516129,36.1,11.735483870967743,23.398064516129033
Belo Horizonte,Sudeste,2000,11,20.94,25.279999999999998,17.27,164.7,12.003333333333334,18.829
Belo Horizonte,Sudeste,2000,12,21.9741935483871,26.190322580645162,18.48709677419355,233.9,12.035483870967743,20.699354838709677
Belo Horizonte,Sudeste,2001,1,22.46451612903226,27.232258064516127,17.919354838709676,102.6,10.083870967741936,23.86
Belo Horizonte,Sudeste,2001,2,24.62857142857143,30.07857142857143,19.235714285714288,29.8,10.492857142857144,24.37357142857143
Belo Horizonte,Sudeste,2001,3,22.874193548387098,28.103225806451615,18.293548387096774,96.19999999999999,9.974193548387097,20.399354838709677
Belo Horizonte,Sudeste,2001,4,22.476666666666667,28.113333333333333,17.16,10.2,11.013333333333332,19.258333333333333
Belo Horizonte,Sudeste,2001,5,19.961290322580645,25.787096774193547,14.664516129032258,30.4,11.819354838709677,15.861612903225806
Belo Horizonte,Sudeste,2001,6,18.81,24.57,13.533333333333333,0.1,11.1,14.181666666666667
Belo Horizonte,Sudeste,2001,7,18.480645161290322,24.925806451612903,12.651612903225805,0.1,11.709677419354838,15.73225806451613
Belo Horizonte,Sudeste,2001,8,18.65806451612903,24.864516129032257,12.990322580645161,14.8,13.574193548387097,17.914193548387097
Belo Horizonte,Sudeste,2001,9,19.959999999999997,25.459999999999997,15.05,53.9,13.676666666666668,18.324666666666666
Belo Horizonte,Sudeste,2001,10,20.616129032258065,25.835483870967742,16.093548387096774,84.7,13.138709677419355,20.567741935483873
Belo Horizonte,Sudeste,2001,11,21.59333333333333,25.970000000000002,18.19333333333333,269.7,11.120000000000001,18.728333333333335
Belo Horizonte,Sudeste,2001,12,21.203225806451613,25.18064516129032,18.01290322580645,322.4,12.761290322580646,18.40258064516129
Belo Horizonte,Sudeste,2002,1,22.1,26.358064516129033,18.580645161290324,245.5,12.32258064516129,20.358709677419355
Belo Horizonte,Sudeste,2002,2,21.264285714285712,25.217857142857145,18.192857142857143,249.5,11.464285714285714,17.133928571428573
Belo Horizonte,Sudeste,2002,3,21.729032258064517,26.593548387096774,17.393548387096775,75.0,11.16451612903226,21.365161290322582
Belo Horizonte,Sudeste,2002,4,21.416666666666668,26.873333333333335,16.266666666666666,15.5,9.770000000000001,19.357666666666667
Belo Horizonte,Sudeste,2002,5,19.725806451612904,25.241935483870968,14.667741935483871,22.8,10.851612903225806,15.91483870967742
Belo Horizonte,Sudeste,2002,6,18.266666666666666,24.46333333333333,12.373333333333333,1.7000000000000002,10.17,14.933666666666666
Belo Horizonte,Sudeste,2002,7,18.406451612903226,24.193548387096776,13.33548387096774,5.7,11.735483870967743,15.009677419354839
Belo Horizonte,Sudeste,2002,8,20.12258064516129,26.23548387096774,14.167741935483871,2.4000000000000004,12.94516129032258,18.317741935483873
Belo Horizonte,Sudeste,2002,9,19.83,25.4,14.773333333333333,114.1,13.626666666666667,19.177666666666667
Belo Horizonte,Sudeste,2002,10,23.24516129032258,29.225806451612904,17.45483870967742,47.099999999999994,12.46774193548387,24.531290322580645
Belo Horizonte,Sudeste,2002,11,21.793333333333333,26.376666666666665,17.696666666666665,177.7,11.620000000000001,20.740666666666666
Belo Horizonte,Sudeste,2002,12,22.44193548387097,26.532258064516128,19.074193548387097,367.8,11.329032258064515,18.249354838709678
Belo Horizonte,Sudeste,2003,1,21.896774193548385,25.480645161290322,18.96451612903226,394.8,12.241935483870968,16.54
Belo Horizonte,Sudeste,2003,2,22.675,27.885714285714283,17.617857142857144,54.5,10.549999999999999,24.220357142857143
Belo Horizonte,Sudeste,2003,3,21.706451612903226,26.154838709677417,17.967741935483872,180.1,9.661290322580646,17.629354838709677
Belo Horizonte,Sudeste,2003,4,20.803333333333335,25.73,16.206666666666667,25.3,10.72,17.958000000000002
Belo Horizonte,Sudeste,2003,5,18.174193548387095,23.73225806451613,12.922580645161291,13.4,11.629032258064516,15.798387096774194
Belo Horizonte,Sudeste,2003,6,18.496666666666666,25.13,12.05,0.0,8.443333333333333,16.577333333333332
Belo Horizonte,Sudeste,2003,7,16.93548387096774,23.44516129032258,10.635483870967741,0.9,11.36774193548387,16.386451612903226
Belo Horizonte,Sudeste,2003,8,18.493548387096773,24.448387096774194,12.85483870967742,35.1,11.3,16.740322580645163
Belo Horizonte,Sudeste,2003,9,20.32,26.27,14.826666666666666,23.900000000000002,12.693333333333333,19.796333333333333
Belo Horizonte,Sudeste,2003,10,21.55806451612903,27.296774193548387,16.306451612903224,54.4,12.941935483870967,22.46193548387097
Belo Horizonte,Sudeste,2003,11,21.90666666666667,26.84333333333333,17.733333333333334,108.1,13.273333333333333,21.325666666666667
Belo Horizonte,Sudeste,2003,12,22.22258064516129,26.91290322580645,18.458064516129035,225.20000000000002,12.529032258064515,20.78774193548387
Belo Horizonte,Sudeste,2004,1,21.348387096774193,25.39032258064516,18.25483870967742,196.0,12.935483870967742,18.436451612903223
Belo Horizonte,Sudeste,2004,2,20.975862068965515,24.73793103448276,18.010344827586206,287.2,11.282758620689656,16.48103448275862
Belo Horizonte,Sudeste,2004,3,20.703225806451613,25.129032258064516,16.90967741935484,110.5,10.254838709677419,18.968709677419355
Belo Horizonte,Sudeste,2004,4,19.896666666666665,24.083333333333332,16.266666666666666,94.4,9.426666666666668,15.233666666666666
Belo Horizonte,Sudeste,2004,5,18.725806451612904,23.906451612903226,14.058064516129033,42.4,10.425806451612903,14.908709677419356
Belo Horizonte,Sudeste,2004,6,16.46333333333333,22.2,11.389999999999999,18.7,9.72,14.515666666666668
Belo Horizonte,Sudeste,2004,7,15.870967741935484,21.574193548387097,10.812903225806451,21.3,12.096774193548388,14.668064516129032
Belo Horizonte,Sudeste,2004,8,18.406451612903226,25.151612903225807,11.758064516129032,0.1,11.351612903225806,19.279999999999998
Belo Horizonte,Sudeste,2004,9,21.793333333333333,28.46333333333333,15.153333333333334,0.7999999999999999,12.573333333333332,23.946666666666665
Belo Horizonte,Sudeste,2004,10,22.44516129032258,28.080645161290324,17.458064516129035,38.7,13.793548387096775,21.44483870967742
Belo Horizonte,Sudeste,2004,11,22.59,27.523333333333333,18.113333333333333,158.6,14.04,20.706666666666667
Belo Horizonte,Sudeste,2004,12,21.393548387096775,25.448387096774194,18.106451612903225,338.2,11.577419354838709,18.6658064516129
Belo Horizonte,Sudeste,2005,1,22.03548387096774,26.003225806451614,18.938709677419357,231.7,11.458064516129031,18.780967741935484
Belo Horizonte,Sudeste,2005,2,21.62142857142857,26.349999999999998,17.307142857142857,97.2,10.821428571428571,22.036785714285713
Belo Horizonte,Sudeste,2005,3,21.603225806451615,25.703225806451613,18.106451612903225,210.7,10.180645161290323,17.97225806451613
Belo Horizonte,Sudeste,2005,4,21.12,26.209999999999997,16.423333333333332,16.9,9.673333333333334,18.397
Belo Horizonte,Sudeste,2005,5,18.932258064516127,24.483870967741936,14.01290322580645,32.5,11.40967741935484,15.698387096774193
Belo Horizonte,Sudeste,2005,6,17.40666666666667,22.90666666666667,12.436666666666667,9.4,10.729999999999999,13.873333333333333
Belo Horizonte,Sudeste,2005,7,16.980645161290322,22.700000000000003,11.712903225806452,3.1,11.203225806451613,14.985806451612904
Belo Horizonte,Sudeste,2005,8,19.22258064516129,25.490322580645163,13.193548387096774,3.4000000000000004,12.016129032258064,18.791935483870965
Belo Horizonte,Sudeste,2005,9,20.766666666666666,26.186666666666667,16.053333333333335,68.0,12.993333333333334,18.657333333333334
Belo Horizonte,Sudeste,2005,10,23.532258064516128,29.58709677419355,17.65806451612903,33.5,12.941935483870967,23.975806451612904
Belo Horizonte,Sudeste,2005,11,20.34333333333333,24.16,17.34333333333333,182.1,12.853333333333333,16.119666666666667
Belo Horizonte,Sudeste,2005,12,20.5,24.583870967741937,16.848387096774193,244.0,12.083870967741936,18.393870967741936
Belo Horizonte,Sudeste,2006,1,22.72258064516129,27.593548387096774,17.883870967741935,54.4,11.770967741935483,24.122903225806454
Belo Horizonte,Sudeste,2006,2,24.12857142857143,29.02857142857143,19.52857142857143,110.1,11.067857142857141,22.65642857142857
Belo Horizonte,Sudeste,2006,3,21.92258064516129,26.270967741935483,18.561290322580643,179.1,10.541935483870969,18.044838709677418
Belo Horizonte,Sudeste,2006,4,20.653333333333332,25.373333333333335,16.313333333333333,42.5,10.18,16.858333333333334
Belo Horizonte,Sudeste,2006,5,18.551612903225806,24.258064516129032,13.051612903225807,13.099999999999998,9.287096774193548,16.581612903225807
Belo Horizonte,Sudeste,2006,6,16.743333333333332,22.446666666666665,11.546666666666665,2.9000000000000004,12.236666666666668,13.921333333333333
Belo Horizonte,Sudeste,2006,7,17.396774193548385,24.03548387096774,11.09032258064516,3.9,9.851612903225806,16.432903225806452
Belo Horizonte,Sudeste,2006,8,19.596774193548388,26.125806451612902,13.54516129032258,9.0,11.351612903225806,18.785806451612903
Belo Horizonte,Sudeste,2006,9,20.173333333333336,26.446666666666665,14.68,30.6,13.053333333333335,19.836000000000002
Belo Horizonte,Sudeste,2006,10,20.76774193548387,24.980645161290322,17.287096774193547,127.3,12.061290322580644,16.916774193548385
Belo Horizonte,Sudeste,2006,11,20.756666666666668,24.676666666666666,17.44,194.3,12.59,17.723333333333336
Belo Horizonte,Sudeste,2006,12,21.56451612903226,25.07741935483871,18.54516129032258,296.9,11.16451612903226,16.66032258064516
Belo Horizonte,Sudeste,2007,1,21.93548387096774,25.44516129032258,19.12258064516129,292.3,10.941935483870967,15.541935483870969
Belo Horizonte,Sudeste,2007,2,21.52857142857143,25.978571428571428,17.635714285714286,106.2,11.728571428571428,21.495
Belo Horizonte,Sudeste,2007,3,22.62258064516129,28.25483870967742,16.903225806451612,25.299999999999997,10.82258064516129,23.44516129032258
Belo Horizonte,Sudeste,2007,4,21.446666666666665,26.28666666666667,17.08,101.3,10.593333333333334,17.39
Belo Horizonte,Sudeste,2007,5,18.716129032258067,24.26451612903226,13.435483870967742,11.0,11.148387096774194,15.88225806451613
Belo Horizonte,Sudeste,2007,6,17.573333333333334,24.28666666666667,11.213333333333333,2.6,9.576666666666666,16.378
Belo Horizonte,Sudeste,2007,7,17.948387096774194,24.09032258064516,12.106451612903227,23.2,11.348387096774195,16.16032258064516
Belo Horizonte,Sudeste,2007,8,18.141935483870967,24.916129032258063,11.716129032258063,0.9,12.806451612903226,19.274838709677418
Belo Horizonte,Sudeste,2007,9,20.826666666666664,27.256666666666668,14.65,2.7,14.903333333333334,21.957666666666668
Belo Horizonte,Sudeste,2007,10,23.44516129032258,29.64516129032258,17.683870967741935,29.5,12.85483870967742,24.39741935483871
Belo Horizonte,Sudeste,2007,11,23.086666666666666,28.31,18.816666666666666,93.3,13.79,21.485333333333333
Belo Horizonte,Sudeste,2007,12,22.593548387096774,27.438709677419357,18.345161290322583,192.8,12.325806451612904,22.345161290322583
Belo Horizonte,Sudeste,2008,1,21.816129032258065,26.364516129032257,18.038709677419355,251.5,11.935483870967742,19.30290322580645
Belo Horizonte,Sudeste,2008,2,22.158620689655173,26.70344827586207,18.093103448275862,137.7,10.479310344827585,21.027241379310343
Belo Horizonte,Sudeste,2008,3,21.34193548387097,25.66774193548387,17.793548387096774,177.0,10.174193548387096,18.449354838709677
Belo Horizonte,Sudeste,2008,4,21.040000000000003,25.709999999999997,16.86,98.0,10.026666666666667,17.115000000000002
Belo Horizonte,Sudeste,2008,5,18.06451612903226,23.425806451612903,12.838709677419354,33.5,9.66451612903226,15.516451612903225
Belo Horizonte,Sudeste,2008,6,17.6,23.166666666666668,12.473333333333333,1.7000000000000002,10.229999999999999,13.959
Belo Horizonte,Sudeste,2008,7,16.37741935483871,23.15806451612903,10.048387096774194,0.7,9.651612903225805,17.11
Belo Horizonte,Sudeste,2008,8,19.63225806451613,25.925806451612903,13.509677419354839,10.299999999999999,11.638709677419355,18.86806451612903
Belo Horizonte,Sudeste,2008,9,19.94333333333333,26.016666666666666,14.243333333333334,83.2,12.386666666666667,20.447333333333333
Belo Horizonte,Sudeste,2008,10,22.961290322580645,28.61935483870968,17.69677419354839,25.8,14.154838709677419,22.843225806451613
Belo Horizonte,Sudeste,2008,11,21.64333333333333,26.176666666666666,18.05666666666667,192.8,12.49,19.772333333333332
Belo Horizonte,Sudeste,2008,12,21.151612903225807,25.032258064516128,18.07741935483871,386.09999999999997,11.948387096774193,17.178709677419352
Belo Horizonte,Sudeste,2009,1,21.716129032258067,25.83225806451613,18.40967741935484,317.5,11.86774193548387,18.43064516129032
Belo Horizonte,Sudeste,2009,2,22.446428571428573,26.88214285714286,18.639285714285712,117.2,10.725,21.48392857142857
Belo Horizonte,Sudeste,2009,3,22.048387096774192,26.458064516129035,18.37741935483871,220.5,10.280645161290321,17.85516129032258
Belo Horizonte,Sudeste,2009,4,20.083333333333332,24.59333333333333,16.063333333333336,69.1,9.54,16.69033333333333
Belo Horizonte,Sudeste,2009,5,18.451612903225808,23.770967741935483,13.548387096774194,7.0,9.82258064516129,16.04
Belo Horizonte,Sudeste,2009,6,17.10666666666667,22.453333333333333,12.379999999999999,20.2,10.003333333333334,14.073
Belo Horizonte,Sudeste,2009,7,18.541935483870965,24.53548387096774,12.951612903225806,1.7000000000000002,11.058064516129033,15.56225806451613
Belo Horizonte,Sudeste,2009,8,18.716129032258067,24.52258064516129,13.303225806451612,24.3,13.135483870967741,16.856129032258064
Belo Horizonte,Sudeste,2009,9,21.426666666666666,26.573333333333334,16.496666666666666,104.0,12.153333333333334,19.166999999999998
Belo Horizonte,Sudeste,2009,10,21.396774193548385,25.80322580645161,17.62258064516129,127.8,11.287096774193548,19.041290322580643
Belo Horizonte,Sudeste,2009,11,22.87,27.523333333333333,18.46333333333333,139.3,10.883333333333333,22.243333333333332
Belo Horizonte,Sudeste,2009,12,21.529032258064515,25.596774193548388,18.338709677419356,395.5,12.064516129032258,17.383225806451613
Belo Horizonte,Sudeste,2010,1,23.03548387096774,27.68064516129032,18.606451612903225,63.1,10.790322580645162,24.16322580645161
Belo Horizonte,Sudeste,2010,2,23.974999999999998,29.02857142857143,19.13214285714286,35.2,12.257142857142856,23.9775
Belo Horizonte,Sudeste,2010,3,22.15806451612903,26.45483870967742,18.57741935483871,182.6,10.829032258064515,18.259032258064515
Belo Horizonte,Sudeste,2010,4,20.163333333333334,25.113333333333333,15.47,65.8,10.746666666666666,17.023999999999997
Belo Horizonte,Sudeste,2010,5,18.80322580645161,24.31935483870968,13.83548387096774,47.4,10.812903225806451,15.78483870967742
Belo Horizonte,Sudeste,2010,6,16.116666666666667,22.3,10.373333333333333,5.3,10.46,15.172333333333334
Belo Horizonte,Sudeste,2010,7,17.509677419354837,23.338709677419356,12.158064516129034,1.8,11.98709677419355,14.556451612903226
Belo Horizonte,Sudeste,2010,8,17.89032258064516,24.809677419354838,11.112903225806452,0.6,11.251612903225807,20.22483870967742
Belo Horizonte,Sudeste,2010,9,20.86,27.45,14.629999999999999,19.3,13.253333333333334,22.017
Belo Horizonte,Sudeste,2010,10,21.806451612903224,27.370967741935484,17.1,103.8,12.458064516129031,21.25225806451613
Belo Horizonte,Sudeste,2010,11,20.93,25.006666666666668,17.723333333333336,229.0,11.76,17.868
Belo Horizonte,Sudeste,2010,12,22.5,26.725806451612904,18.780645161290323,324.8,10.77741935483871,20.75258064516129
Belo Horizonte,Sudeste,2011,1,22.093548387096774,26.24516129032258,18.206451612903226,155.6,12.33548387096774,20.78451612903226
Belo Horizonte,Sudeste,2011,2,23.532142857142855,28.564285714285713,18.49642857142857,64.6,10.185714285714285,23.999642857142856
Belo Horizonte,Sudeste,2011,3,21.187096774193545,25.0,18.135483870967743,240.1,9.806451612903226,15.193225806451613
Belo Horizonte,Sudeste,2011,4,20.296666666666667,24.883333333333333,16.153333333333332,67.7,10.573333333333332,17.008333333333333
Belo Horizonte,Sudeste,2011,5,18.203225806451613,23.53548387096774,13.209677419354838,5.2,9.483870967741936,15.534193548387098
Belo Horizonte,Sudeste,2011,6,17.216666666666665,22.836666666666666,11.83,7.8,11.136666666666667,14.343
Belo Horizonte,Sudeste,2011,7,17.238709677419354,23.451612903225808,11.287096774193548,0.0,10.674193548387096,16.239032258064515
Belo Horizonte,Sudeste,2011,8,19.83225806451613,26.5,13.361290322580645,0.0,12.729032258064517,19.350645161290323
Belo Horizonte,Sudeste,2011,9,20.173333333333336,26.566666666666666,13.803333333333335,2.2,13.176666666666668,21.827
Belo Horizonte,Sudeste,2011,10,20.348387096774193,24.845161290322583,16.493548387096773,142.5,13.219354838709679,17.49451612903226
Belo Horizonte,Sudeste,2011,11,19.636666666666667,23.759999999999998,15.936666666666667,260.7,12.606666666666666,17.854666666666667
Belo Horizonte,Sudeste,2011,12,20.703225806451613,24.351612903225806,18.009677419354837,406.5,11.209677419354838,16.080000000000002
Belo Horizonte,Sudeste,2012,1,21.219354838709677,25.270967741935483,17.72258064516129,299.5,12.3,19.570645161290326
Belo Horizonte,Sudeste,2012,2,22.224137931034484,27.220689655172414,17.53793103448276,44.0,11.248275862068965,23.29551724137931
Belo Horizonte,Sudeste,2012,3,21.996774193548386,26.851612903225806,17.496774193548386,102.5,10.52258064516129,20.41774193548387
Belo Horizonte,Sudeste,2012,4,21.496666666666666,26.363333333333333,16.96,29.8,10.843333333333334,17.68433333333333
Belo Horizonte,Sudeste,2012,5,17.851612903225806,22.419354838709676,13.670967741935485,62.800000000000004,10.970967741935485,13.639354838709677
Belo Horizonte,Sudeste,2012,6,18.446666666666665,24.05666666666667,13.523333333333333,12.8,10.473333333333333,14.084
Belo Horizonte,Sudeste,2012,7,17.52258064516129,23.925806451612903,11.483870967741936,2.2,11.95483870967742,16.409032258064517
Belo Horizonte,Sudeste,2012,8,17.561290322580643,23.138709677419353,12.332258064516129,2.1,14.958064516129031,16.380645161290325
Belo Horizonte,Sudeste,2012,9,21.016666666666666,27.45,14.556666666666667,23.9,13.42,21.869000000000003
Belo Horizonte,Sudeste,2012,10,22.741935483870968,28.76774193548387,16.970967741935485,23.0,12.95483870967742,23.66483870967742
Belo Horizonte,Sudeste,2012,11,21.096666666666668,25.076666666666664,17.80666666666667,222.8,12.629999999999999,17.882333333333335
Belo Horizonte,Sudeste,2012,12,23.75483870967742,28.44516129032258,19.33225806451613,86.6,10.161290322580646,24.940967741935484
Belo Horizonte,Sudeste,2013,1,22.335483870967742,26.490322580645163,18.883870967741935,232.4,11.758064516129032,18.267419354838708
Belo Horizonte,Sudeste,2013,2,22.72142857142857,27.571428571428573,18.110714285714284,64.5,10.714285714285714,22.79321428571429
Belo Horizonte,Sudeste,2013,3,21.95483870967742,26.206451612903226,18.59032258064516,183.0,11.838709677419354,17.09903225806452
Belo Horizonte,Sudeste,2013,4,19.46333333333333,24.013333333333332,15.496666666666666,55.2,10.136666666666667,16.230666666666668
Belo Horizonte,Sudeste,2013,5,18.62258064516129,24.006451612903227,13.770967741935483,37.6,10.261290322580646,15.148709677419355
Belo Horizonte,Sudeste,2013,6,18.37,23.773333333333333,13.503333333333334,24.400000000000002,9.566666666666666,13.782666666666668
Belo Horizonte,Sudeste,2013,7,18.248387096774195,24.251612903225805,12.796774193548387,2.1,10.435483870967742,15.320322580645161
Belo Horizonte,Sudeste,2013,8,18.925806451612903,25.219354838709677,12.870967741935484,1.1,12.36774193548387,17.929032258064513
Belo Horizonte,Sudeste,2013,9,20.8,26.946666666666665,15.293333333333333,32.0,13.286666666666667,20.529666666666667
Belo Horizonte,Sudeste,2013,10,20.39032258064516,25.280645161290323,16.193548387096776,99.1,13.696774193548388,20.168064516129032
Belo Horizonte,Sudeste,2013,11,21.576666666666664,26.543333333333337,17.44333333333333,107.4,12.843333333333334,20.478666666666665
Belo Horizonte,Sudeste,2013,12,22.01290322580645,25.98709677419355,18.809677419354838,325.8,11.629032258064516,17.941290322580645
Belo Horizonte,Sudeste,2014,1,22.62258064516129,28.006451612903227,17.516129032258064,98.8,10.390322580645162,26.34774193548387
Belo Horizonte,Sudeste,2014,2,23.425,28.914285714285715,17.975,28.4,12.025,24.12035714285714
Belo Horizonte,Sudeste,2014,3,22.190322580645162,26.864516129032257,18.13225806451613,93.4,11.40967741935484,18.93032258064516
Belo Horizonte,Sudeste,2014,4,21.333333333333332,26.30666666666667,16.93,70.4,10.336666666666668,17.169666666666668
Belo Horizonte,Sudeste,2014,5,19.325806451612905,25.212903225806453,13.7,10.8,10.55483870967742,16.38806451612903
Belo Horizonte,Sudeste,2014,6,18.516666666666666,24.220000000000002,13.313333333333333,5.4,10.610000000000001,14.459666666666667
Belo Horizonte,Sudeste,2014,7,17.519354838709678,22.9,12.703225806451613,38.6,12.074193548387097,13.89774193548387
Belo Horizonte,Sudeste,2014,8,18.541935483870965,25.316129032258065,12.038709677419355,2.1,11.3,19.44709677419355
Belo Horizonte,Sudeste,2014,9,21.566666666666666,28.173333333333336,15.343333333333334,4.0,13.753333333333334,23.219333333333335
Belo Horizonte,Sudeste,2014,10,22.070967741935487,27.90967741935484,16.664516129032258,62.0,13.251612903225807,23.695806451612906
Belo Horizonte,Sudeste,2014,11,21.65666666666667,26.41,17.8,174.2,12.143333333333334,19.29366666666667
Belo Horizonte,Sudeste,2014,12,22.23225806451613,26.9,17.780645161290323,110.0,11.916129032258064,22.07709677419355
Belo Horizonte,Sudeste,2015,1,24.85483870967742,30.55806451612903,19.23225806451613,61.6,10.53225806451613,26.405806451612904
Belo Horizonte,Sudeste,2015,2,22.603571428571428,27.34642857142857,18.464285714285715,197.9,12.089285714285714,20.639642857142857
Belo Horizonte,Sudeste,2015,3,22.741935483870968,27.57741935483871,18.63225806451613,107.89999999999999,10.370967741935484,19.28258064516129
Belo Horizonte,Sudeste,2015,4,21.10666666666667,25.803333333333335,16.96,59.199999999999996,10.126666666666667,15.714
Belo Horizonte,Sudeste,2015,5,18.94193548387097,23.845161290322583,14.893548387096773,50.900000000000006,11.803225806451612,13.716774193548385
Belo Horizonte,Sudeste,2015,6,18.290000000000003,23.720000000000002,13.58,8.8,12.523333333333333,13.394333333333332
Belo Horizonte,Sudeste,2015,7,18.706451612903226,24.574193548387097,13.596774193548388,0.8,11.754838709677419,14.583225806451612
Belo Horizonte,Sudeste,2015,8,19.35483870967742,25.651612903225807,13.416129032258064,1.7,12.080645161290322,17.986129032258066
Belo Horizonte,Sudeste,2015,9,23.223333333333336,29.90666666666667,17.153333333333332,46.2,12.283333333333333,21.151666666666664
Belo Horizonte,Sudeste,2015,10,24.9,31.074193548387097,19.206451612903226,32.0,13.451612903225806,24.369032258064518
Belo Horizonte,Sudeste,2015,11,24.586666666666666,29.69333333333333,20.326666666666664,175.0,12.466666666666667,21.92866666666667
Belo Horizonte,Sudeste,2015,12,23.603225806451615,28.27741935483871,19.580645161290324,141.0,11.53225806451613,23.149032258064516
Belo Horizonte,Sudeste,2016,1,22.39032258064516,26.125806451612902,19.20967741935484,399.0,12.7,16.999354838709678
Belo Horizonte,Sudeste,2016,2,23.651724137931033,28.52758620689655,19.013793103448275,82.0,9.96896551724138,23.04862068965517
Belo Horizonte,Sudeste,2016,3,23.038709677419355,27.861290322580647,18.91290322580645,95.0,11.709677419354838,20.20193548387097
Belo Horizonte,Sudeste,2016,4,22.883333333333333,28.296666666666667,17.533333333333335,45.699999999999996,10.860000000000001,18.753333333333334
Belo Horizonte,Sudeste,2016,5,19.870967741935484,25.138709677419353,14.896774193548387,9.9,10.209677419354838,15.305483870967743
Belo Horizonte,Sudeste,2016,6,17.91,23.246666666666666,13.19,20.9,10.493333333333334,13.550666666666666
Belo Horizonte,Sudeste,2016,7,18.683870967741935,25.061290322580643,12.893548387096773,0.4,11.67741935483871,15.775483870967742
Belo Horizonte,Sudeste,2016,8,20.04516129032258,26.532258064516128,13.938709677419356,5.9,12.425806451612903,18.934193548387096
Belo Horizonte,Sudeste,2016,9,21.973333333333336,28.153333333333332,16.383333333333333,42.1,12.686666666666667,21.087333333333333
Belo Horizonte,Sudeste,2016,10,22.864516129032257,28.006451612903227,18.283870967741933,49.1,13.667741935483871,20.523548387096774
Belo Horizonte,Sudeste,2016,11,21.673333333333336,26.256666666666668,17.92,210.2,11.9,19.134999999999998
Belo Horizonte,Sudeste,2016,12,22.229032258064517,26.76774193548387,18.335483870967742,280.0,11.687096774193549,21.48774193548387
Belo Horizonte,Sudeste,2017,1,23.351612903225806,27.903225806451612,19.361290322580647,57.6,15.48709677419355,24.021935483870966
Belo Horizonte,Sudeste,2017,2,22.285714285714285,26.460714285714285,18.707142857142856,98.7,16.810714285714287,21.308214285714286
Belo Horizonte,Sudeste,2017,3,22.116129032258065,26.648387096774194,18.13225806451613,68.2,15.335483870967742,20.800967741935484
Belo Horizonte,Sudeste,2017,4,21.25,25.653333333333332,17.43,16.900000000000002,15.733333333333333,16.395
Belo Horizonte,Sudeste,2017,5,19.038709677419355,23.48709677419355,15.574193548387097,34.6,14.951612903225806,13.536129032258065
Belo Horizonte,Sudeste,2017,6,18.41,23.476666666666667,14.493333333333334,13.2,15.383333333333333,14.675999999999998
Belo Horizonte,Sudeste,2017,7,16.270967741935483,21.09032258064516,12.180645161290323,0.8,18.729032258064517,14.683225806451613
Belo Horizonte,Sudeste,2017,8,19.206451612903226,25.738709677419354,13.654838709677419,1.3,18.809677419354838,19.366774193548387
Belo Horizonte,Sudeste,2017,9,19.69333333333333,25.696666666666665,14.343333333333334,11.3,20.89333333333333,20.817999999999998
Belo Horizonte,Sudeste,2017,10,22.48709677419355,28.23225806451613,17.700000000000003,61.7,19.66774193548387,21.48032258064516
Belo Horizonte,Sudeste,2017,11,20.62,24.523333333333333,17.39333333333333,154.8,16.603333333333335,17.275333333333332
Belo Horizonte,Sudeste,2017,12,21.96451612903226,26.016129032258064,18.68064516129032,170.6,14.52258064516129,19.322903225806453
Belo Horizonte,Sudeste,2018,1,23.067741935483873,27.458064516129035,19.238709677419354,132.6,15.85483870967742,22.305806451612902
Belo Horizonte,Sudeste,2018,2,21.535714285714285,25.410714285714285,18.575,172.8,15.225,18.117857142857144
Belo Horizonte,Sudeste,2018,3,22.23548387096774,26.40967741935484,18.97741935483871,174.8,13.44516129032258,19.879677419354838
Belo Horizonte,Sudeste,2018,4,20.003333333333334,24.073333333333334,16.693333333333335,47.9,15.546666666666665,16.298666666666666
Belo Horizonte,Sudeste,2018,5,18.52258064516129,23.387096774193548,14.529032258064515,35.3,15.361290322580645,15.787096774193548
Belo Horizonte,Sudeste,2018,6,18.88,23.8,14.813333333333333,8.3,13.986666666666668,14.086
Belo Horizonte,Sudeste,2018,7,18.325806451612905,24.02258064516129,13.52258064516129,3.1000000000000005,14.12258064516129,16.706451612903226
Belo Horizonte,Sudeste,2018,8,18.606451612903225,23.783870967741933,14.312903225806451,49.8,16.161290322580644,16.321290322580644
Belo Horizonte,Sudeste,2018,9,20.68,26.43,15.986666666666668,71.2,17.08,19.971
Belo Horizonte,Sudeste,2018,10,21.95483870967742,26.79032258064516,18.061290322580643,116.5,16.84193548387097,18.662258064516127
Belo Horizonte,Sudeste,2018,11,20.59333333333333,24.113333333333333,17.57,187.3,17.523333333333333,17.27766666666667
Belo Horizonte,Sudeste,2018,12,21.93548387096774,26.335483870967742,18.312903225806455,233.0,13.712903225806452,22.09258064516129
Belo Horizonte,Sudeste,2019,1,23.95483870967742,28.903225806451612,19.47741935483871,22.2,15.283870967741937,25.914193548387097
Belo Horizonte,Sudeste,2019,2,23.24642857142857,27.585714285714285,19.557142857142857,149.2,14.357142857142858,20.93892857142857
Belo Horizonte,Sudeste,2019,3,22.425806451612903,26.83225806451613,18.616129032258065,90.0,14.312903225806451,20.16322580645161
Belo Horizonte,Sudeste,2019,4,22.15666666666667,26.92,18.16,35.2,13.946666666666665,18.04866666666667
Belo Horizonte,Sudeste,2019,5,20.467741935483872,25.19677419354839,16.700000000000003,60.3,12.954838709677418,15.212580645161289
Belo Horizonte,Sudeste,2019,6,18.446666666666665,23.596666666666668,14.16,0.7,15.386666666666667,15.496333333333332
Belo Horizonte,Sudeste,2019,7,17.690322580645162,23.567741935483873,12.67741935483871,0.3,17.135483870967743,16.97193548387097
Belo Horizonte,Sudeste,2019,8,19.23225806451613,25.229032258064517,14.09032258064516,6.2,18.348387096774193,17.923548387096773
Belo Horizonte,Sudeste,2019,9,22.41,28.436666666666667,16.85,52.0,18.256666666666668,19.913333333333334
Belo Horizonte,Sudeste,2019,10,22.774193548387096,28.67096774193548,17.77741935483871,73.3,18.690322580645162,22.23709677419355
Belo Horizonte,Sudeste,2019,11,22.363333333333333,27.18,18.68,203.6,17.740000000000002,20.157
Belo Horizonte,Sudeste,2019,12,22.04516129032258,26.14516129032258,18.67096774193548,217.8,15.8,21.344193548387096
Belo Horizonte,Sudeste,2020,1,22.76774193548387,26.861290322580647,19.612903225806452,365.9,14.390322580645162,20.15225806451613
Belo Horizonte,Sudeste,2020,2,22.137931034482758,25.817241379310346,19.196551724137933,245.5,15.082758620689654,18.523793103448277
Belo Horizonte,Sudeste,2020,3,21.029032258064515,25.003225806451614,17.690322580645162,194.20000000000002,14.574193548387097,18.306774193548385
Belo Horizonte,Sudeste,2020,4,20.086666666666666,24.46333333333333,16.743333333333332,91.8,14.116666666666667,17.03066666666667
Belo Horizonte,Sudeste,2020,5,17.503225806451614,22.39032258064516,13.325806451612904,53.7,13.951612903225806,15.831612903225807
Belo Horizonte,Sudeste,2020,6,18.283333333333335,23.4,14.016666666666667,4.5,14.173333333333334,15.428666666666667
Belo Horizonte,Sudeste,2020,7,18.432258064516127,23.822580645161292,14.0,2.2,15.845161290322581,16.60516129032258
Belo Horizonte,Sudeste,2020,8,18.174193548387095,23.9741935483871,13.01290322580645,13.3,17.26451612903226,18.698387096774194
Belo Horizonte,Sudeste,2020,9,22.433333333333334,28.683333333333334,16.453333333333333,7.7,17.86,21.60533333333333
Belo Horizonte,Sudeste,2020,10,22.31935483870968,27.451612903225808,18.138709677419353,161.1,17.31935483870968,18.765806451612903
Belo Horizonte,Sudeste,2020,11,20.983333333333334,25.470000000000002,17.163333333333334,110.10000000000001,16.77,21.361
Belo Horizonte,Sudeste,2020,12,22.125806451612902,26.306451612903224,18.51290322580645,177.2,14.280645161290321,20.969032258064516
Belo Horizonte,Sudeste,2021,1,22.593548387096774,27.387096774193548,18.345161290322583,109.0,16.164516129032258,23.623870967741937
Belo Horizonte,Sudeste,2021,2,21.521428571428572,25.42142857142857,18.389285714285712,302.3,15.053571428571429,18.62607142857143
Belo Horizonte,Sudeste,2021,3,21.94516129032258,26.61935483870968,17.932258064516127,69.8,14.558064516129033,21.620967741935484
Belo Horizonte,Sudeste,2021,4,20.33,25.509999999999998,15.803333333333335,32.4,15.656666666666666,19.552666666666667
Belo Horizonte,Sudeste,2021,5,19.62258064516129,24.919354838709676,14.996774193548386,7.1,14.370967741935484,16.413870967741936
Belo Horizonte,Sudeste,2021,6,17.966666666666665,23.226666666666667,13.556666666666667,6.8,14.79,15.666333333333334
Belo Horizonte,Sudeste,2021,7,17.003225806451614,22.83225806451613,11.758064516129032,0.0,15.948387096774193,17.728709677419356
Belo Horizonte,Sudeste,2021,8,18.748387096774195,24.425806451612903,13.603225806451613,3.5,18.496774193548386,18.61741935483871
Belo Horizonte,Sudeste,2021,9,23.176666666666666,29.59333333333333,17.053333333333335,3.9,18.116666666666667,21.225
Belo Horizonte,Sudeste,2021,10,21.093548387096774,25.858064516129033,17.40967741935484,222.3,18.68064516129032,19.551290322580645
Belo Horizonte,Sudeste,2021,11,20.646666666666665,25.116666666666667,16.96,303.9,16.28666666666667,20.562333333333335
Belo Horizonte,Sudeste,2021,12,20.887096774193548,25.048387096774192,17.425806451612903,199.9,15.90967741935484,20.661612903225805
Belo Horizonte,Sudeste,2022,1,21.664516129032258,25.951612903225808,18.28064516129032,441.4,16.161290322580644,20.44709677419355
Belo Horizonte,Sudeste,2022,2,21.178571428571427,25.303571428571427,18.20357142857143,352.9,13.535714285714286,18.903214285714284
Belo Horizonte,Sudeste,2022,3,22.96451612903226,28.11935483870968,18.003225806451614,6.8,15.66451612903226,24.0458064516129
Belo Horizonte,Sudeste,2022,4,21.883333333333333,27.263333333333332,17.146666666666665,38.300000000000004,16.053333333333335,19.71033333333333
Belo Horizonte,Sudeste,2022,5,18.238709677419354,23.538709677419355,13.670967741935485,18.5,15.758064516129032,17.156129032258065
Belo Horizonte,Sudeste,2022,6,18.08,24.08,13.06,0.6,15.176666666666668,16.705666666666666
Belo Horizonte,Sudeste,2022,7,18.148387096774194,24.070967741935487,13.04516129032258,0.5,16.5258064516129,17.681290322580644
Belo Horizonte,Sudeste,2022,8,18.938709677419357,25.470967741935485,13.074193548387097,0.8,19.548387096774192,19.450322580645164
Belo Horizonte,Sudeste,2022,9,20.516666666666666,26.61,15.156666666666666,48.0,18.466666666666665,19.491666666666667
Belo Horizonte,Sudeste,2022,10,21.95483870967742,27.625806451612902,17.41290322580645,111.7,18.61935483870968,21.948709677419355
Belo Horizonte,Sudeste,2022,11,19.886666666666667,24.779999999999998,15.83,239.79999999999998,17.15666666666667,21.85033333333333
Belo Horizonte,Sudeste,2022,12,20.64516129032258,24.5,17.761290322580646,316.0,16.661290322580644,17.969354838709677
Belo Horizonte,Sudeste,2023,1,20.9741935483871,25.141935483870967,17.98709677419355,395.59999999999997,15.399999999999999,19.518709677419356
Belo Horizonte,Sudeste,2023,2,22.685714285714287,27.75714285714286,18.74642857142857,68.1,14.664285714285715,24.325357142857143
Belo Horizonte,Sudeste,2023,3,23.051612903225806,28.23225806451613,18.416129032258063,31.0,15.858064516129033,22.256129032258062
Belo Horizonte,Sudeste,2023,4,20.88,25.666666666666668,17.043333333333333,69.9,16.993333333333332,17.44066666666667
Belo Horizonte,Sudeste,2023,5,18.812903225806455,24.322580645161292,14.061290322580644,2.2,15.119354838709677,17.154193548387095
Belo Horizonte,Sudeste,2023,6,17.36,22.75,12.753333333333334,12.700000000000001,13.606666666666666,16.234333333333332
Belo Horizonte,Sudeste,2023,7,18.358064516129033,23.951612903225808,13.448387096774193,5.7,16.529032258064515,16.429354838709678
Belo Horizonte,Sudeste,2023,8,20.138709677419353,26.216129032258067,14.796774193548387,30.1,17.051612903225806,17.895806451612902
Belo Horizonte,Sudeste,2023,9,22.34333333333333,28.466666666666665,17.116666666666667,35.4,19.15666666666667,21.104666666666667
Belo Horizonte,Sudeste,2023,10,23.27741935483871,28.58709677419355,19.070967741935487,146.0,17.480645161290322,21.40290322580645
Belo Horizonte,Sudeste,2023,11,24.303333333333335,29.683333333333334,19.523333333333333,104.1,16.923333333333332,25.100666666666665
Belo Horizonte,Sudeste,2023,12,23.31935483870968,28.219354838709677,19.14516129032258,139.7,17.032258064516128,25.293870967741935
Belo Horizonte,Sudeste,2024,1,22.603225806451615,26.76451612903226,19.364516129032257,241.4,13.33548387096774,20.30322580645161
Belo Horizonte,Sudeste,2024,2,22.282758620689656,26.727586206896554,18.720689655172414,160.6,15.168965517241379,21.111034482758622
Belo Horizonte,Sudeste,2024,3,23.07741935483871,27.59032258064516,19.383870967741935,129.7,14.025806451612903,20.27806451612903
Belo Horizonte,Sudeste,2024,4,21.8,27.033333333333335,17.296666666666667,30.3,13.603333333333333,19.708000000000002
Belo Horizonte,Sudeste,2024,5,21.229032258064517,26.816129032258065,16.067741935483873,0.1,14.335483870967742,18.037419354838708
Belo Horizonte,Sudeste,2024,6,19.073333333333334,25.043333333333333,13.643333333333334,0.0,14.063333333333333,17.23166666666667
Belo Horizonte,Sudeste,2024,7,18.93548387096774,25.067741935483873,13.429032258064517,0.1,14.983870967741936,17.70387096774194
Belo Horizonte,Sudeste,2024,8,20.080645161290324,26.80322580645161,13.86774193548387,1.0,17.44516129032258,19.88
Belo Horizonte,Sudeste,2024,9,23.470000000000002,30.259999999999998,17.043333333333333,1.7,18.7,23.049333333333333
Belo Horizonte,Sudeste,2024,10,22.58709677419355,27.94193548387097,18.261290322580646,160.5,17.561290322580643,20.468709677419355
Belo Horizonte,Sudeste,2024,11,21.55666666666667,25.796666666666667,17.94333333333333,147.4,15.003333333333334,19.68
Belo Horizonte,Sudeste,2024,12,22.45483870967742,26.674193548387095,18.961290322580645,217.1,11.577419354838709,20.281290322580645
Belém,Norte,1980,1,25.467741935483872,28.361290322580647,23.858064516129033,328.0,12.348387096774195,15.363548387096774
Belém,Norte,1980,2,24.99310344827586,27.47241379310345,23.70689655172414,499.9,12.793103448275861,13.198275862068966
Belém,Norte,1980,3,25.429032258064513,28.46451612903226,23.812903225806455,418.5,11.819354838709677,15.74
Belém,Norte,1980,4,25.88,29.029999999999998,24.13,297.5,11.276666666666667,16.419
Belém,Norte,1980,5,26.490322580645163,29.74516129032258,24.470967741935485,122.0,12.058064516129033,18.33709677419355
Belém,Norte,1980,6,26.30666666666667,29.583333333333332,24.223333333333336,93.6,11.856666666666666,18.278000000000002
Belém,Norte,1980,7,26.141935483870967,29.470967741935485,24.06451612903226,82.9,11.693548387096774,18.965806451612906
Belém,Norte,1980,8,26.57741935483871,30.096774193548388,24.251612903225805,63.7,13.912903225806453,20.547096774193548
Belém,Norte,1980,9,27.153333333333332,30.863333333333333,24.39333333333333,26.1,14.5,22.130333333333333
Belém,Norte,1980,10,27.603225806451615,31.81935483870968,24.606451612903225,21.7,15.761290322580646,22.253548387096775
Belém,Norte,1980,11,27.493333333333332,31.59,24.676666666666666,43.9,14.523333333333333,21.611333333333334
Belém,Norte,1980,12,26.961290322580645,30.748387096774195,24.58709677419355,110.4,14.483870967741936,19.319032258064517
Belém,Norte,1981,1,25.603225806451615,28.6,23.932258064516127,344.6,13.077419354838709,16.203870967741935
Belém,Norte,1981,2,25.782142857142855,29.182142857142857,23.900000000000002,245.9,13.010714285714286,17.90357142857143
Belém,Norte,1981,3,26.335483870967742,29.258064516129032,24.4,136.7,14.796774193548387,19.351935483870967
Belém,Norte,1981,4,26.45,29.676666666666666,24.493333333333332,214.4,11.92,18.398666666666667
Belém,Norte,1981,5,26.16774193548387,29.26451612903226,24.312903225806455,201.2,10.887096774193548,16.741612903225807
Belém,Norte,1981,6,26.483333333333334,29.65,24.236666666666668,43.2,11.586666666666668,18.697666666666667
Belém,Norte,1981,7,26.23548387096774,29.580645161290324,23.787096774193547,51.5,11.219354838709679,19.38741935483871
Belém,Norte,1981,8,27.070967741935487,31.032258064516128,24.29032258064516,41.0,13.490322580645161,21.362903225806452
Belém,Norte,1981,9,27.216666666666665,31.4,24.313333333333333,41.5,15.116666666666667,22.677333333333333
Belém,Norte,1981,10,27.799999999999997,32.13548387096775,24.761290322580646,13.700000000000001,15.745161290322581,22.890645161290323
Belém,Norte,1981,11,28.029999999999998,32.23,25.116666666666667,27.3,14.639999999999999,21.557666666666666
Belém,Norte,1981,12,26.77741935483871,30.306451612903224,24.677419354838708,164.1,14.538709677419355,18.23
Belém,Norte,1982,1,25.306451612903224,28.061290322580643,23.76774193548387,335.6,11.425806451612903,14.606774193548388
Belém,Norte,1982,2,25.414285714285715,28.375,23.717857142857145,264.7,11.924999999999999,15.527142857142858
Belém,Norte,1982,3,25.687096774193545,28.63225806451613,24.083870967741937,345.4,11.612903225806452,16.478709677419353
Belém,Norte,1982,4,25.57,28.296666666666667,24.009999999999998,379.5,10.65,14.976333333333335
Belém,Norte,1982,5,26.112903225806452,29.17096774193548,24.103225806451615,179.9,11.52258064516129,17.29032258064516
Belém,Norte,1982,6,26.470000000000002,29.740000000000002,24.15,33.7,12.823333333333332,19.173000000000002
Belém,Norte,1982,7,26.325806451612905,29.980645161290322,23.838709677419356,29.8,14.290322580645162,19.77032258064516
Belém,Norte,1982,8,26.848387096774193,30.72258064516129,24.02258064516129,20.5,14.19032258064516,20.85225806451613
Belém,Norte,1982,9,27.459999999999997,31.84333333333333,24.146666666666665,9.100000000000001,16.096666666666668,22.680666666666664
Belém,Norte,1982,10,27.503225806451614,31.91290322580645,24.27741935483871,9.5,15.703225806451613,22.883548387096774
Belém,Norte,1982,11,27.720000000000002,32.11333333333333,24.473333333333336,23.2,16.29,21.91433333333333
Belém,Norte,1982,12,27.09032258064516,30.835483870967742,24.629032258064516,74.6,15.180645161290323,19.248387096774195
Belém,Norte,1983,1,26.719354838709677,30.061290322580643,24.73548387096774,141.3,15.393548387096773,18.345161290322583
Belém,Norte,1983,2,26.314285714285713,29.571428571428573,24.510714285714283,179.5,14.696428571428571,17.727857142857143
Belém,Norte,1983,3,26.364516129032257,29.419354838709676,24.700000000000003,286.0,12.880645161290323,16.489677419354837
Belém,Norte,1983,4,26.663333333333334,29.883333333333333,24.743333333333332,179.4,13.08,18.096999999999998
Belém,Norte,1983,5,27.23225806451613,30.55806451612903,24.990322580645163,73.1,14.116129032258065,19.54612903225806
Belém,Norte,1983,6,26.876666666666665,30.103333333333335,24.646666666666665,51.2,13.153333333333334,18.88566666666667
Belém,Norte,1983,7,26.758064516129032,30.299999999999997,24.225806451612904,25.7,14.245161290322581,19.84903225806452
Belém,Norte,1983,8,27.141935483870967,30.967741935483872,24.548387096774192,36.1,14.619354838709677,20.28290322580645
Belém,Norte,1983,9,27.603333333333335,31.98,24.283333333333335,7.8,16.44,22.832666666666668
Belém,Norte,1983,10,27.687096774193545,32.13225806451613,24.44516129032258,38.9,16.206451612903226,22.53258064516129
Belém,Norte,1983,11,27.71333333333333,32.059999999999995,24.256666666666668,2.5,15.55,22.831
Belém,Norte,1983,12,26.503225806451614,30.083870967741937,24.30322580645161,116.7,13.593548387096776,18.84225806451613
Belém,Norte,1984,1,25.383870967741935,28.57741935483871,23.490322580645163,229.6,12.358064516129033,17.700322580645164
Belém,Norte,1984,2,25.03793103448276,28.06206896551724,23.382758620689657,315.7,13.427586206896551,16.66793103448276
Belém,Norte,1984,3,25.335483870967742,28.09032258064516,23.796774193548387,440.5,11.848387096774195,15.232903225806451
Belém,Norte,1984,4,25.246666666666666,28.11,23.73,641.8,10.483333333333333,14.575
Belém,Norte,1984,5,25.335483870967742,27.893548387096775,23.783870967741933,394.8,8.829032258064515,14.045806451612904
Belém,Norte,1984,6,25.773333333333333,28.993333333333332,23.783333333333335,129.1,11.78,17.749333333333333
Belém,Norte,1984,7,25.674193548387095,28.903225806451612,23.561290322580643,97.3,11.383870967741935,18.432258064516127
Belém,Norte,1984,8,26.4,29.932258064516127,23.983870967741936,40.5,13.058064516129033,20.828387096774193
Belém,Norte,1984,9,26.946666666666665,30.576666666666664,24.313333333333333,37.1,13.479999999999999,22.295666666666666
Belém,Norte,1984,10,27.48709677419355,31.425806451612903,24.593548387096774,39.4,14.077419354838709,22.09193548387097
Belém,Norte,1984,11,27.16,31.06,24.53666666666667,51.1,14.379999999999999,21.108333333333334
Belém,Norte,1984,12,26.751612903225805,30.151612903225807,24.561290322580643,93.2,13.625806451612904,19.39741935483871
Belém,Norte,1985,1,24.770967741935483,27.048387096774192,23.56451612903226,458.9,11.422580645161291,11.75258064516129
Belém,Norte,1985,2,24.678571428571427,27.325,23.189285714285713,410.5,11.935714285714285,13.706071428571429
Belém,Norte,1985,3,25.374193548387098,28.11935483870968,23.835483870967742,410.8,12.451612903225806,15.311612903225805
Belém,Norte,1985,4,25.290000000000003,27.78666666666667,23.73,358.7,11.673333333333334,15.161000000000001
Belém,Norte,1985,5,25.296774193548384,28.135483870967743,23.65806451612903,345.8,10.329032258064515,14.826451612903226
Belém,Norte,1985,6,25.623333333333335,28.52,23.673333333333336,109.8,10.66,16.887666666666668
Belém,Norte,1985,7,25.693548387096776,28.81935483870968,23.593548387096774,85.0,12.074193548387097,18.568387096774195
Belém,Norte,1985,8,26.44193548387097,30.016129032258064,23.948387096774194,43.8,13.47741935483871,20.693225806451615
Belém,Norte,1985,9,26.923333333333336,30.873333333333335,24.15,28.099999999999998,15.393333333333334,22.358333333333334
Belém,Norte,1985,10,27.700000000000003,31.96451612903226,24.43548387096774,7.199999999999999,15.393548387096773,22.836451612903225
Belém,Norte,1985,11,27.546666666666667,31.60666666666667,24.913333333333334,40.4,14.31,20.843
Belém,Norte,1985,12,25.625806451612902,28.44516129032258,23.961290322580645,258.6,12.293548387096775,15.72741935483871
Belém,Norte,1986,1,25.299999999999997,28.351612903225806,23.570967741935487,291.3,13.754838709677419,16.83225806451613
Belém,Norte,1986,2,25.067857142857143,27.86785714285714,23.417857142857144,340.4,12.317857142857141,16.107499999999998
Belém,Norte,1986,3,25.161290322580644,27.861290322580647,23.538709677419355,367.6,11.787096774193548,15.56516129032258
Belém,Norte,1986,4,25.28666666666667,28.023333333333333,23.84,392.9,12.053333333333335,14.177
Belém,Norte,1986,5,25.92258064516129,28.96451612903226,24.141935483870967,183.8,13.051612903225807,16.241290322580646
Belém,Norte,1986,6,25.52,28.596666666666668,23.666666666666668,224.0,11.176666666666668,16.207
Belém,Norte,1986,7,25.903225806451612,29.083870967741937,23.674193548387095,59.699999999999996,12.764516129032257,19.330645161290324
Belém,Norte,1986,8,26.661290322580644,30.280645161290323,23.980645161290322,25.9,14.390322580645162,21.059354838709677
Belém,Norte,1986,9,26.9,30.709999999999997,24.466666666666665,48.3,16.046666666666667,21.022333333333332
Belém,Norte,1986,10,27.480645161290322,31.603225806451615,24.467741935483872,32.0,14.274193548387096,22.88193548387097
Belém,Norte,1986,11,27.226666666666667,31.196666666666665,24.633333333333333,66.1,15.473333333333333,20.691666666666666
Belém,Norte,1986,12,26.43548387096774,29.68064516129032,24.34193548387097,156.2,13.761290322580646,18.442258064516132
Belém,Norte,1987,1,25.725806451612904,28.929032258064513,24.009677419354837,223.5,14.019354838709678,17.501290322580644
Belém,Norte,1987,2,25.889285714285712,29.089285714285715,24.13214285714286,202.5,14.760714285714286,17.685714285714287
Belém,Norte,1987,3,25.80322580645161,28.690322580645162,24.225806451612904,343.1,12.506451612903225,16.034193548387098
Belém,Norte,1987,4,26.173333333333336,29.23,24.416666666666668,240.4,13.28,16.681666666666665
Belém,Norte,1987,5,26.816129032258065,29.974193548387095,24.693548387096776,107.9,11.790322580645162,18.65838709677419
Belém,Norte,1987,6,26.66,29.84,24.529999999999998,80.9,12.263333333333332,18.532666666666668
Belém,Norte,1987,7,27.096774193548388,30.493548387096773,24.719354838709677,41.2,12.825806451612902,19.87516129032258
Belém,Norte,1987,8,27.448387096774194,31.129032258064516,24.76774193548387,25.8,14.345161290322581,21.01483870967742
Belém,Norte,1987,9,28.083333333333332,32.38333333333333,24.896666666666665,16.5,15.573333333333332,23.13533333333333
Belém,Norte,1987,10,28.287096774193547,32.63225806451613,25.029032258064515,14.5,15.44516129032258,23.181612903225805
Belém,Norte,1987,11,28.46333333333333,32.88,25.066666666666666,6.5,16.013333333333332,22.668666666666663
Belém,Norte,1987,12,28.08709677419355,32.14193548387097,25.174193548387095,67.2,15.14516129032258,21.06096774193548
Belém,Norte,1988,1,26.070967741935487,29.067741935483873,24.31935483870968,226.5,13.183870967741935,16.962903225806453
Belém,Norte,1988,2,26.055172413793105,28.941379310344825,24.524137931034485,318.6,12.655172413793103,16.525862068965516
Belém,Norte,1988,3,25.638709677419353,28.251612903225805,24.151612903225807,339.8,12.64516129032258,15.234516129032258
Belém,Norte,1988,4,25.663333333333334,28.333333333333332,24.19,368.8,10.376666666666667,13.916
Belém,Norte,1988,5,26.125806451612902,28.94516129032258,24.406451612903226,291.6,10.390322580645162,15.887096774193548
Belém,Norte,1988,6,26.136666666666667,29.13,24.183333333333334,127.2,10.883333333333333,17.338
Belém,Norte,1988,7,26.37741935483871,29.687096774193545,24.07741935483871,61.6,12.387096774193548,19.634838709677418
Belém,Norte,1988,8,27.496774193548386,31.429032258064513,24.548387096774192,27.700000000000003,13.019354838709678,21.961612903225806
Belém,Norte,1988,9,27.33,31.15666666666667,24.69,54.7,14.546666666666665,22.559
Belém,Norte,1988,10,27.816129032258065,31.94193548387097,24.648387096774194,6.0,15.812903225806451,23.186451612903223
Belém,Norte,1988,11,27.416666666666668,31.053333333333335,24.803333333333335,58.0,14.673333333333334,20.365333333333336
Belém,Norte,1988,12,26.11935483870968,29.193548387096776,24.12258064516129,185.0,12.458064516129031,18.144516129032258
Belém,Norte,1989,1,25.51290322580645,28.606451612903225,23.729032258064517,206.6,13.287096774193548,17.240322580645163
Belém,Norte,1989,2,25.275000000000002,28.235714285714288,23.635714285714283,274.2,12.696428571428571,16.6325
Belém,Norte,1989,3,25.248387096774195,28.032258064516128,23.66774193548387,321.6,11.48709677419355,15.751612903225807
Belém,Norte,1989,4,25.43,27.990000000000002,23.913333333333334,338.7,10.68,14.556999999999999
Belém,Norte,1989,5,25.361290322580647,28.05806451612903,23.75483870967742,324.1,10.254838709677419,14.923548387096774
Belém,Norte,1989,6,25.813333333333333,28.740000000000002,23.959999999999997,136.4,11.133333333333333,16.71366666666667
Belém,Norte,1989,7,25.970967741935485,29.103225806451615,23.812903225806455,106.1,11.983870967741936,18.418387096774193
Belém,Norte,1989,8,26.5258064516129,30.070967741935487,24.13225806451613,75.6,13.596774193548388,20.687096774193545
Belém,Norte,1989,9,27.426666666666666,31.513333333333332,24.32,31.0,15.076666666666666,23.18933333333333
Belém,Norte,1989,10,27.374193548387098,31.312903225806455,24.529032258064515,38.2,14.219354838709679,22.412258064516127
Belém,Norte,1989,11,27.916666666666668,31.763333333333332,25.06,23.1,15.036666666666667,21.467333333333332
Belém,Norte,1989,12,26.574193548387097,29.629032258064516,24.58709677419355,216.5,13.880645161290323,16.90838709677419
Belém,Norte,1990,1,26.345161290322583,29.53548387096774,24.29032258064516,108.7,13.712903225806452,18.916129032258063
Belém,Norte,1990,2,25.650000000000002,28.375,24.103571428571428,260.7,12.192857142857141,15.613214285714287
Belém,Norte,1990,3,25.90967741935484,28.93548387096774,24.206451612903226,306.7,12.729032258064517,17.140645161290323
Belém,Norte,1990,4,26.516666666666666,29.823333333333334,24.62,219.5,12.120000000000001,18.627666666666666
Belém,Norte,1990,5,26.703225806451613,30.009677419354837,24.648387096774194,118.4,12.567741935483872,19.19
Belém,Norte,1990,6,26.553333333333335,29.773333333333333,24.453333333333333,90.8,12.576666666666666,18.498333333333335
Belém,Norte,1990,7,26.11935483870968,29.31935483870968,23.98709677419355,98.3,11.30967741935484,18.77774193548387
Belém,Norte,1990,8,26.70967741935484,30.416129032258063,24.148387096774194,41.7,13.974193548387097,21.02774193548387
Belém,Norte,1990,9,27.43,31.386666666666667,24.41,8.3,15.09,22.390333333333334
Belém,Norte,1990,10,28.19677419354839,32.903225806451616,24.73225806451613,8.9,16.45806451612903,23.60709677419355
Belém,Norte,1990,11,27.773333333333333,31.80666666666667,24.796666666666667,17.2,15.063333333333333,20.943666666666665
Belém,Norte,1990,12,27.532258064516128,31.299999999999997,25.06451612903226,51.1,13.593548387096773,20.403548387096773
Belém,Norte,1991,1,25.451612903225808,28.241935483870968,23.95483870967742,387.3,12.406451612903227,14.526774193548386
Belém,Norte,1991,2,25.885714285714283,28.714285714285715,24.160714285714285,274.4,12.853571428571428,16.545714285714286
Belém,Norte,1991,3,25.793548387096774,28.57741935483871,24.24516129032258,284.1,13.254838709677419,15.91709677419355
Belém,Norte,1991,4,25.77,28.720000000000002,24.09333333333333,292.4,11.583333333333334,16.477999999999998
Belém,Norte,1991,5,26.02258064516129,28.874193548387098,24.29032258064516,316.0,10.009677419354839,15.687096774193549
Belém,Norte,1991,6,26.459999999999997,29.543333333333333,24.459999999999997,118.8,12.07,17.303333333333335
Belém,Norte,1991,7,26.580645161290324,29.80322580645161,24.238709677419354,43.0,12.587096774193547,18.92096774193548
Belém,Norte,1991,8,26.929032258064513,30.82903225806452,24.125806451612902,15.1,14.725806451612904,20.603870967741937
Belém,Norte,1991,9,27.17,31.28666666666667,24.1,14.5,15.813333333333333,21.911
Belém,Norte,1991,10,27.138709677419353,31.52258064516129,24.183870967741935,40.5,16.35483870967742,22.003870967741936
Belém,Norte,1991,11,27.446666666666665,31.526666666666664,24.32,4.6,16.003333333333334,21.604333333333333
Belém,Norte,1991,12,27.55806451612903,31.46451612903226,24.700000000000003,14.1,15.23225806451613,19.88516129032258
Belém,Norte,1992,1,26.635483870967743,29.76451612903226,24.654838709677417,128.1,15.019354838709678,17.718709677419355
Belém,Norte,1992,2,25.83448275862069,28.989655172413794,24.03793103448276,287.8,14.024137931034483,16.421724137931037
Belém,Norte,1992,3,25.89032258064516,29.038709677419355,24.216129032258067,319.2,13.125806451612902,16.618387096774192
Belém,Norte,1992,4,26.53666666666667,29.759999999999998,24.553333333333335,186.8,14.129999999999999,18.204
Belém,Norte,1992,5,27.038709677419355,30.345161290322583,24.703225806451613,59.1,14.148387096774194,19.563870967741938
Belém,Norte,1992,6,26.67,29.92,24.266666666666666,25.200000000000003,15.053333333333335,18.596999999999998
Belém,Norte,1992,7,26.43548387096774,30.03548387096774,23.845161290322583,29.7,13.154838709677419,19.56032258064516
Belém,Norte,1992,8,26.748387096774195,30.567741935483873,24.080645161290324,33.6,15.067741935483872,20.629677419354838
Belém,Norte,1992,9,27.126666666666665,31.206666666666667,24.05,11.4,16.71,22.030666666666665
Belém,Norte,1992,10,27.43548387096774,31.99032258064516,24.01290322580645,7.8,16.496774193548386,23.20741935483871
Belém,Norte,1992,11,27.35666666666667,31.383333333333333,24.346666666666668,34.2,16.17,21.184666666666665
Belém,Norte,1992,12,27.283870967741933,30.89032258064516,24.72258064516129,37.3,16.280645161290323,19.725483870967743
Belém,Norte,1993,1,26.06451612903226,29.219354838709677,24.151612903225807,155.3,13.383870967741935,17.39258064516129
Belém,Norte,1993,2,25.425,28.392857142857142,23.810714285714287,260.9,13.575000000000001,15.56
Belém,Norte,1993,3,25.683870967741935,28.825806451612905,23.925806451612903,265.5,12.893548387096773,18.013870967741934
Belém,Norte,1993,4,26.029999999999998,29.203333333333333,24.11,236.4,13.110000000000001,18.03033333333333
Belém,Norte,1993,5,26.470967741935485,29.687096774193545,24.41290322580645,215.0,12.774193548387096,18.18322580645161
Belém,Norte,1993,6,26.55666666666667,29.78666666666667,24.416666666666668,54.9,13.25,18.698666666666668
Belém,Norte,1993,7,26.606451612903225,30.093548387096774,24.151612903225807,40.0,13.925806451612903,19.695806451612906
Belém,Norte,1993,8,26.690322580645162,30.432258064516127,24.12258064516129,36.1,15.16451612903226,20.476774193548387
Belém,Norte,1993,9,27.256666666666668,31.413333333333334,24.346666666666668,17.6,16.296666666666667,22.463
Belém,Norte,1993,10,27.55806451612903,31.603225806451615,24.793548387096774,40.3,15.45483870967742,22.249032258064517
Belém,Norte,1993,11,27.30666666666667,30.766666666666666,25.009999999999998,63.0,13.733333333333333,20.574666666666666
Belém,Norte,1993,12,27.006451612903227,30.20967741935484,24.903225806451612,101.8,13.922580645161291,18.343548387096774
Belém,Norte,1994,1,25.574193548387097,28.4,23.929032258064513,314.2,11.970967741935485,15.959032258064516
Belém,Norte,1994,2,25.24642857142857,28.214285714285715,23.65357142857143,344.7,13.299999999999999,15.682500000000001
Belém,Norte,1994,3,25.26774193548387,28.206451612903226,23.693548387096776,381.0,12.0,15.87516129032258
Belém,Norte,1994,4,25.446666666666665,28.34333333333333,23.883333333333333,338.4,10.656666666666666,15.125333333333334
Belém,Norte,1994,5,25.683870967741935,28.60967741935484,23.990322580645163,271.9,12.187096774193549,15.492903225806451
Belém,Norte,1994,6,25.866666666666667,28.896666666666665,23.93,117.8,12.863333333333333,17.675
Belém,Norte,1994,7,26.129032258064516,29.345161290322583,23.825806451612905,48.9,11.893548387096773,19.418064516129032
Belém,Norte,1994,8,26.799999999999997,30.4741935483871,24.24516129032258,31.1,13.261290322580646,21.18032258064516
Belém,Norte,1994,9,27.396666666666665,31.396666666666665,24.473333333333336,20.5,15.403333333333334,22.365666666666666
Belém,Norte,1994,10,27.532258064516128,31.674193548387095,24.383870967741935,18.9,15.758064516129032,22.786451612903225
Belém,Norte,1994,11,27.466666666666665,31.35,24.66,31.5,15.053333333333335,21.396
Belém,Norte,1994,12,26.79032258064516,30.154838709677417,24.54516129032258,116.2,14.670967741935485,18.621612903225806
Belém,Norte,1995,1,25.925806451612903,29.061290322580643,24.164516129032258,181.5,13.148387096774194,17.741612903225807
Belém,Norte,1995,2,25.42142857142857,28.271428571428572,23.75,292.0,13.617857142857144,16.7225
Belém,Norte,1995,3,25.870967741935484,29.0258064516129,24.18064516129032,325.0,13.158064516129032,17.072903225806453
Belém,Norte,1995,4,25.55,28.296666666666667,24.063333333333333,576.6,10.773333333333333,13.592333333333332
Belém,Norte,1995,5,25.683870967741935,28.258064516129032,24.070967741935487,368.40000000000003,9.887096774193548,14.30225806451613
Belém,Norte,1995,6,26.48,29.596666666666668,24.433333333333334,119.8,11.053333333333335,18.322333333333333
Belém,Norte,1995,7,26.490322580645163,29.929032258064513,24.103225806451615,43.0,11.583870967741936,19.434193548387096
Belém,Norte,1995,8,27.648387096774194,31.970967741935485,24.516129032258064,8.7,14.025806451612903,21.92322580645161
Belém,Norte,1995,9,27.783333333333335,32.29666666666667,24.663333333333334,23.1,14.726666666666667,23.112000000000002
Belém,Norte,1995,10,27.996774193548386,32.46774193548387,24.76451612903226,23.0,15.574193548387097,23.309032258064516
Belém,Norte,1995,11,27.13,30.61,24.75,131.0,12.976666666666667,20.01033333333333
Belém,Norte,1995,12,27.112903225806452,30.641935483870967,24.73225806451613,70.7,13.119354838709677,20.33258064516129
Belém,Norte,1996,1,25.56451612903226,28.306451612903224,23.799999999999997,296.2,10.332258064516129,15.636129032258063
Belém,Norte,1996,2,25.610344827586207,28.7551724137931,23.817241379310346,273.0,12.020689655172415,17.041379310344826
Belém,Norte,1996,3,25.5258064516129,28.200000000000003,24.0,392.1,11.306451612903226,15.056451612903226
Belém,Norte,1996,4,25.583333333333332,28.2,23.986666666666668,421.0,10.0,14.770666666666667
Belém,Norte,1996,5,25.812903225806455,28.606451612903225,24.067741935483873,311.9,9.170967741935485,15.39258064516129
Belém,Norte,1996,6,26.263333333333332,29.296666666666667,24.253333333333334,116.8,10.493333333333334,17.764666666666663
Belém,Norte,1996,7,26.141935483870967,29.509677419354837,24.02258064516129,104.2,11.541935483870969,18.91032258064516
Belém,Norte,1996,8,26.60967741935484,30.103225806451615,24.258064516129032,55.1,14.109677419354838,20.51258064516129
Belém,Norte,1996,9,27.283333333333335,31.126666666666665,24.56,31.6,16.616666666666667,22.02766666666667
Belém,Norte,1996,10,27.780645161290323,31.919354838709676,24.729032258064517,13.8,15.187096774193549,22.633870967741935
Belém,Norte,1996,11,27.709999999999997,31.57,24.926666666666666,30.5,14.613333333333333,20.416333333333334
Belém,Norte,1996,12,27.35483870967742,31.080645161290324,24.893548387096775,66.2,14.748387096774193,20.037096774193547
Belém,Norte,1997,1,25.848387096774193,28.86774193548387,24.161290322580644,252.0,11.203225806451613,16.241612903225807
Belém,Norte,1997,2,25.928571428571427,29.385714285714283,23.88214285714286,135.0,13.803571428571429,19.291785714285712
Belém,Norte,1997,3,25.548387096774192,28.299999999999997,24.051612903225806,343.8,12.867741935483872,15.097096774193549
Belém,Norte,1997,4,25.636666666666667,28.62,23.976666666666667,387.5,10.693333333333333,15.710333333333333
Belém,Norte,1997,5,26.11935483870968,29.270967741935483,24.138709677419353,189.9,10.893548387096773,17.511935483870968
Belém,Norte,1997,6,26.833333333333332,30.316666666666666,24.256666666666668,29.2,12.053333333333335,19.841333333333335
Belém,Norte,1997,7,26.47741935483871,30.312903225806455,24.041935483870965,50.5,12.600000000000001,20.04290322580645
Belém,Norte,1997,8,26.506451612903227,30.52258064516129,24.148387096774194,73.4,13.616129032258065,20.31935483870968
Belém,Norte,1997,9,27.41,31.753333333333334,24.256666666666668,7.7,15.456666666666667,22.871333333333332
Belém,Norte,1997,10,28.116129032258065,32.84838709677419,24.780645161290323,7.4,15.993548387096775,24.041612903225804
Belém,Norte,1997,11,27.733333333333334,31.853333333333335,24.983333333333334,31.3,14.620000000000001,21.28666666666667
Belém,Norte,1997,12,27.43548387096774,31.122580645161293,25.01290322580645,65.7,14.53225806451613,20.450322580645164
Belém,Norte,1998,1,26.38064516129032,29.538709677419355,24.706451612903226,269.3,12.680645161290323,16.460645161290323
Belém,Norte,1998,2,27.142857142857142,30.353571428571428,25.275000000000002,124.8,13.653571428571428,19.110714285714288
Belém,Norte,1998,3,26.483870967741936,29.54516129032258,24.87741935483871,310.0,12.606451612903227,16.483225806451614
Belém,Norte,1998,4,27.226666666666667,30.486666666666668,25.413333333333334,216.0,12.026666666666667,18.194333333333336
Belém,Norte,1998,5,27.22258064516129,30.393548387096775,25.29032258064516,146.0,11.880645161290323,18.366774193548387
Belém,Norte,1998,6,26.553333333333335,29.903333333333332,24.62,97.4,12.49,18.784666666666666
Belém,Norte,1998,7,26.325806451612905,29.706451612903226,24.374193548387098,83.0,12.441935483870967,18.574838709677422
Belém,Norte,1998,8,26.88064516129032,30.56451612903226,24.470967741935485,37.5,13.912903225806453,21.057096774193546
Belém,Norte,1998,9,27.303333333333335,31.35,24.696666666666665,38.2,15.266666666666667,21.759999999999998
Belém,Norte,1998,10,27.700000000000003,31.774193548387096,24.896774193548385,38.4,15.26774193548387,22.766451612903225
Belém,Norte,1998,11,27.293333333333333,30.953333333333333,24.886666666666667,100.4,13.376666666666667,20.298000000000002
Belém,Norte,1998,12,26.919354838709676,30.43548387096774,24.606451612903225,112.2,12.790322580645162,19.21677419354839
Belém,Norte,1999,1,25.916129032258063,29.032258064516128,24.096774193548388,197.0,11.003225806451614,17.245806451612903
Belém,Norte,1999,2,25.389285714285712,28.142857142857142,23.87857142857143,368.0,11.950000000000001,15.00357142857143
Belém,Norte,1999,3,25.0,27.83225806451613,23.432258064516127,523.3,11.19032258064516,13.889999999999999
Belém,Norte,1999,4,25.290000000000003,28.35,23.69333333333333,432.3,11.586666666666668,15.258999999999999
Belém,Norte,1999,5,24.96451612903226,27.54516129032258,23.42258064516129,433.2,9.600000000000001,13.242258064516129
Belém,Norte,1999,6,25.86,29.113333333333333,23.92,159.0,10.886666666666667,17.406333333333336
Belém,Norte,1999,7,26.138709677419353,29.561290322580643,23.96451612903226,100.3,11.319354838709677,19.276774193548388
Belém,Norte,1999,8,26.561290322580643,30.32903225806452,24.345161290322583,79.1,12.770967741935483,20.50516129032258
Belém,Norte,1999,9,26.576666666666664,30.34,24.21333333333333,59.1,14.78,21.4
Belém,Norte,1999,10,26.89032258064516,30.693548387096776,24.39032258064516,56.9,14.174193548387096,22.223870967741938
Belém,Norte,1999,11,27.470000000000002,31.21333333333333,24.783333333333335,30.8,14.26,21.401
Belém,Norte,1999,12,26.80322580645161,30.154838709677417,24.59032258064516,139.20000000000002,12.903225806451612,17.830645161290324
Belém,Norte,2000,1,25.470967741935485,28.5,23.683870967741935,297.2,11.641935483870967,15.875483870967741
Belém,Norte,2000,2,24.8,27.617241379310343,23.29310344827586,435.1,11.179310344827586,14.42103448275862
Belém,Norte,2000,3,25.187096774193545,28.067741935483873,23.519354838709678,398.7,11.77741935483871,15.624193548387098
Belém,Norte,2000,4,25.10666666666667,27.776666666666664,23.55666666666667,451.2,10.06,13.446666666666665
Belém,Norte,2000,5,25.664516129032258,28.625806451612902,23.93548387096774,300.0,10.319354838709677,15.341290322580644
Belém,Norte,2000,6,25.863333333333333,29.08,23.873333333333335,153.0,11.383333333333333,17.910333333333334
Belém,Norte,2000,7,25.383870967741935,28.54516129032258,23.438709677419357,198.6,10.548387096774194,17.056451612903224
Belém,Norte,2000,8,26.335483870967742,29.961290322580645,23.874193548387098,51.0,13.529032258064515,21.023225806451613
Belém,Norte,2000,9,26.61,30.413333333333334,24.14333333333333,67.7,14.74,21.343666666666664
Belém,Norte,2000,10,27.05483870967742,30.993548387096773,24.24516129032258,44.2,14.793548387096775,22.65258064516129
Belém,Norte,2000,11,27.90666666666667,32.00666666666667,24.759999999999998,5.800000000000001,15.520000000000001,22.532333333333334
Belém,Norte,2000,12,26.61935483870968,30.061290322580643,24.32903225806452,123.89999999999999,14.86774193548387,19.21
Belém,Norte,2001,1,25.067741935483873,28.05483870967742,23.44193548387097,299.1,12.780645161290321,15.961612903225806
Belém,Norte,2001,2,24.807142857142857,27.61785714285714,23.289285714285715,342.2,11.714285714285714,14.510357142857144
Belém,Norte,2001,3,25.18064516129032,28.03548387096774,23.606451612903225,392.5,12.351612903225806,15.037419354838711
Belém,Norte,2001,4,25.243333333333332,27.736666666666668,23.66,395.3,10.603333333333333,13.547333333333334
Belém,Norte,2001,5,26.316129032258065,29.419354838709676,24.306451612903224,194.5,11.996774193548386,17.71451612903226
Belém,Norte,2001,6,25.503333333333334,28.613333333333333,23.59,195.4,10.126666666666667,17.082666666666668
Belém,Norte,2001,7,26.01290322580645,29.458064516129035,23.864516129032257,66.2,12.36774193548387,19.59451612903226
Belém,Norte,2001,8,27.070967741935487,31.10967741935484,24.229032258064517,14.5,13.625806451612902,21.84709677419355
Belém,Norte,2001,9,27.09,31.063333333333333,24.39,41.699999999999996,14.696666666666665,22.16
Belém,Norte,2001,10,27.73548387096774,32.012903225806454,24.741935483870968,24.3,15.280645161290321,22.728064516129034
Belém,Norte,2001,11,28.243333333333332,32.46333333333333,25.10666666666667,9.4,14.883333333333333,22.483333333333334
Belém,Norte,2001,12,27.574193548387097,31.154838709677417,25.309677419354838,100.3,14.396774193548387,19.309677419354838
Belém,Norte,2002,1,25.961290322580645,29.032258064516128,24.325806451612905,226.6,12.5,16.72483870967742
Belém,Norte,2002,2,25.957142857142856,29.135714285714283,24.27857142857143,257.4,13.239285714285714,17.2775
Belém,Norte,2002,3,25.641935483870967,28.700000000000003,24.051612903225806,431.6,11.719354838709679,15.485161290322582
Belém,Norte,2002,4,25.55666666666667,28.296666666666667,24.013333333333332,369.7,10.093333333333334,13.860333333333333
Belém,Norte,2002,5,26.096774193548388,29.07741935483871,24.322580645161292,300.59999999999997,11.932258064516128,16.37258064516129
Belém,Norte,2002,6,25.87,29.096666666666668,23.966666666666665,174.7,11.58,17.616333333333333
Belém,Norte,2002,7,26.519354838709678,29.822580645161292,24.19677419354839,32.2,12.790322580645162,19.475161290322582
Belém,Norte,2002,8,26.96451612903226,31.01290322580645,24.306451612903224,29.3,14.138709677419355,21.363225806451613
Belém,Norte,2002,9,27.636666666666667,32.12666666666667,24.39,12.6,15.753333333333332,23.033666666666665
Belém,Norte,2002,10,27.812903225806455,32.229032258064514,24.738709677419354,20.7,16.261290322580646,22.411935483870966
Belém,Norte,2002,11,27.776666666666664,32.093333333333334,24.796666666666667,30.1,14.826666666666666,22.324666666666666
Belém,Norte,2002,12,26.835483870967742,30.187096774193545,24.812903225806455,117.7,14.093548387096773,18.17032258064516
Belém,Norte,2003,1,26.52258064516129,29.719354838709677,24.483870967741936,164.3,14.54516129032258,18.126774193548385
Belém,Norte,2003,2,25.314285714285713,28.12142857142857,23.910714285714285,475.90000000000003,12.37857142857143,13.705
Belém,Norte,2003,3,25.43548387096774,28.048387096774192,23.929032258064513,374.3,12.216129032258063,14.225161290322582
Belém,Norte,2003,4,25.59333333333333,28.483333333333334,24.066666666666666,377.1,11.326666666666666,14.241333333333333
Belém,Norte,2003,5,26.280645161290323,29.306451612903224,24.429032258064513,218.6,11.364516129032259,17.046774193548387
Belém,Norte,2003,6,26.326666666666664,29.52,24.21333333333333,101.0,11.343333333333334,18.736
Belém,Norte,2003,7,26.62258064516129,30.203225806451613,24.164516129032258,48.7,12.312903225806451,19.546451612903226
Belém,Norte,2003,8,26.84193548387097,30.703225806451613,24.348387096774193,50.8,13.077419354838709,20.92064516129032
Belém,Norte,2003,9,27.363333333333333,31.566666666666666,24.58,26.6,14.876666666666667,22.210333333333335
Belém,Norte,2003,10,27.700000000000003,31.825806451612905,24.787096774193547,51.5,15.735483870967743,21.83225806451613
Belém,Norte,2003,11,27.913333333333334,31.876666666666665,25.12,30.2,14.453333333333335,21.861
Belém,Norte,2003,12,27.40967741935484,31.083870967741937,25.067741935483873,98.3,14.390322580645162,20.289354838709677
Belém,Norte,2004,1,26.14516129032258,28.925806451612903,24.570967741935487,259.1,12.729032258064517,15.896129032258065
Belém,Norte,2004,2,25.113793103448273,27.824137931034482,23.67241379310345,431.5,12.317241379310344,13.042068965517242
Belém,Norte,2004,3,25.551612903225806,28.296774193548387,24.074193548387097,477.6,12.016129032258064,14.21032258064516
Belém,Norte,2004,4,26.126666666666665,28.993333333333332,24.459999999999997,366.8,11.353333333333333,15.841333333333333
Belém,Norte,2004,5,26.712903225806453,29.958064516129035,24.677419354838708,149.0,12.387096774193548,18.286129032258064
Belém,Norte,2004,6,26.27,29.496666666666666,24.10666666666667,65.7,12.036666666666667,18.696
Belém,Norte,2004,7,26.009677419354837,29.32903225806452,23.838709677419356,106.6,12.670967741935485,18.745483870967742
Belém,Norte,2004,8,26.551612903225806,30.27741935483871,24.138709677419353,62.2,13.929032258064517,20.793870967741935
Belém,Norte,2004,9,27.296666666666667,31.490000000000002,24.623333333333335,42.3,15.503333333333334,22.172666666666665
Belém,Norte,2004,10,27.75483870967742,32.0,24.77741935483871,43.5,15.77741935483871,22.60483870967742
Belém,Norte,2004,11,28.03666666666667,32.196666666666665,24.959999999999997,13.3,15.533333333333333,22.20133333333333
Belém,Norte,2004,12,27.874193548387098,31.94516129032258,25.20967741935484,46.9,14.635483870967741,21.052258064516128
Belém,Norte,2005,1,27.283870967741933,30.77741935483871,25.106451612903225,216.79999999999998,13.358064516129033,19.104193548387098
Belém,Norte,2005,2,26.339285714285715,29.360714285714288,24.789285714285715,343.1,11.764285714285714,15.961785714285714
Belém,Norte,2005,3,26.0258064516129,28.925806451612903,24.42258064516129,444.6,11.464516129032257,15.704193548387096
Belém,Norte,2005,4,26.15,29.220000000000002,24.44333333333333,307.5,11.496666666666666,16.089333333333332
Belém,Norte,2005,5,26.13225806451613,28.993548387096773,24.370967741935484,237.9,10.761290322580646,16.22225806451613
Belém,Norte,2005,6,26.65,29.80666666666667,24.466666666666665,68.6,12.203333333333335,18.435666666666666
Belém,Norte,2005,7,26.916129032258063,30.42258064516129,24.33225806451613,42.1,12.112903225806452,19.721612903225807
Belém,Norte,2005,8,27.593548387096774,31.79032258064516,24.76451612903226,20.599999999999998,14.02258064516129,21.300645161290323
Belém,Norte,2005,9,28.15,32.559999999999995,24.92,6.4,16.003333333333334,22.978
Belém,Norte,2005,10,28.18064516129032,32.46774193548387,25.141935483870967,22.3,16.106451612903225,22.61709677419355
Belém,Norte,2005,11,28.366666666666667,32.440000000000005,25.596666666666668,24.1,15.12,21.06
Belém,Norte,2005,12,26.567741935483873,29.68064516129032,24.751612903225805,253.5,11.506451612903225,16.43935483870968
Belém,Norte,2006,1,26.20967741935484,29.40967741935484,24.38064516129032,204.6,11.561290322580644,17.660967741935483
Belém,Norte,2006,2,26.071428571428573,29.00357142857143,24.400000000000002,202.0,12.917857142857143,17.05857142857143
Belém,Norte,2006,3,25.458064516129035,28.25483870967742,23.938709677419357,494.8,12.251612903225807,14.841612903225805
Belém,Norte,2006,4,25.33,27.959999999999997,23.86,516.7,9.223333333333333,13.612
Belém,Norte,2006,5,25.580645161290324,28.299999999999997,23.90967741935484,403.2,10.135483870967741,14.190645161290321
Belém,Norte,2006,6,26.33,29.34333333333333,24.266666666666666,79.9,11.393333333333334,17.98966666666667
Belém,Norte,2006,7,26.799999999999997,30.348387096774193,24.45483870967742,38.6,12.27741935483871,19.778709677419354
Belém,Norte,2006,8,27.37741935483871,31.416129032258063,24.651612903225807,16.7,13.964516129032257,21.226451612903226
Belém,Norte,2006,9,27.883333333333333,32.26,24.873333333333335,20.4,15.389999999999999,22.531333333333336
Belém,Norte,2006,10,28.345161290322583,32.87096774193548,25.096774193548388,6.1000000000000005,15.370967741935484,23.09967741935484
Belém,Norte,2006,11,27.90666666666667,31.996666666666666,25.283333333333335,65.8,14.629999999999999,21.048
Belém,Norte,2006,12,27.5258064516129,31.241935483870968,25.06451612903226,60.8,15.04516129032258,20.294193548387096
Belém,Norte,2007,1,27.12258064516129,30.306451612903224,25.22258064516129,125.0,14.154838709677419,19.081935483870968
Belém,Norte,2007,2,25.728571428571428,28.525000000000002,24.20357142857143,261.9,12.75,15.450357142857143
Belém,Norte,2007,3,25.45483870967742,28.183870967741935,23.95483870967742,468.2,11.764516129032257,14.437096774193549
Belém,Norte,2007,4,25.779999999999998,28.7,24.18,425.9,10.796666666666665,14.710333333333333
Belém,Norte,2007,5,26.448387096774194,29.480645161290322,24.519354838709678,216.9,11.041935483870969,17.25
Belém,Norte,2007,6,26.45,29.636666666666667,24.240000000000002,70.9,11.92,18.706333333333337
Belém,Norte,2007,7,26.516129032258064,29.903225806451612,24.241935483870968,63.7,12.46774193548387,19.316774193548387
Belém,Norte,2007,8,27.26774193548387,31.25483870967742,24.661290322580644,40.8,14.058064516129033,20.5458064516129
Belém,Norte,2007,9,27.55666666666667,31.836666666666666,24.709999999999997,30.2,15.81,22.216333333333335
Belém,Norte,2007,10,27.641935483870967,31.741935483870968,24.835483870967742,43.0,16.10967741935484,21.986451612903227
Belém,Norte,2007,11,27.986666666666668,32.010000000000005,25.256666666666668,36.2,15.870000000000001,20.913999999999998
Belém,Norte,2007,12,26.893548387096775,30.387096774193548,24.893548387096775,179.2,13.83548387096774,19.158709677419353
Belém,Norte,2008,1,25.629032258064516,28.364516129032257,23.98709677419355,277.0,12.54516129032258,15.692258064516128
Belém,Norte,2008,2,25.655172413793103,28.682758620689654,23.951724137931034,241.3,13.113793103448277,17.092758620689654
Belém,Norte,2008,3,25.138709677419353,27.641935483870967,23.638709677419353,626.4,10.86774193548387,14.193225806451613
Belém,Norte,2008,4,25.366666666666667,27.95,23.84333333333333,358.0,9.676666666666668,14.267
Belém,Norte,2008,5,25.67096774193548,28.45483870967742,23.93548387096774,265.0,10.209677419354838,15.25290322580645
Belém,Norte,2008,6,25.886666666666667,28.82,23.95,182.5,9.726666666666667,16.199
Belém,Norte,2008,7,26.603225806451615,30.103225806451615,24.148387096774194,45.4,12.141935483870967,19.630967741935482
Belém,Norte,2008,8,27.241935483870968,31.364516129032257,24.496774193548386,35.2,13.706451612903225,21.02516129032258
Belém,Norte,2008,9,27.726666666666667,31.976666666666667,24.78666666666667,24.7,15.530000000000001,22.189
Belém,Norte,2008,10,28.322580645161292,32.79677419354839,25.183870967741935,19.8,15.922580645161291,22.789677419354838
Belém,Norte,2008,11,28.34,32.48,25.456666666666667,20.9,15.58,21.996
Belém,Norte,2008,12,27.53548387096774,30.990322580645163,25.309677419354838,124.0,13.009677419354839,19.22774193548387
Belém,Norte,2009,1,26.154838709677417,29.251612903225805,24.32903225806452,315.90000000000003,12.806451612903226,17.047096774193548
Belém,Norte,2009,2,25.37857142857143,28.167857142857144,23.889285714285712,467.2,12.575000000000001,14.12142857142857
Belém,Norte,2009,3,25.6,28.451612903225808,23.990322580645163,421.5,11.95483870967742,15.499677419354839
Belém,Norte,2009,4,25.416666666666668,27.80666666666667,23.94,654.5,10.860000000000001,12.956999999999999
Belém,Norte,2009,5,25.200000000000003,27.603225806451615,23.76451612903226,578.3,9.087096774193547,12.62225806451613
Belém,Norte,2009,6,25.793333333333333,28.683333333333334,23.946666666666665,217.2,11.576666666666666,16.073666666666664
Belém,Norte,2009,7,26.54516129032258,29.919354838709676,24.083870967741937,27.0,12.174193548387096,19.34774193548387
Belém,Norte,2009,8,27.638709677419353,31.92258064516129,24.548387096774192,18.7,14.174193548387096,21.593225806451613
Belém,Norte,2009,9,28.166666666666668,32.776666666666664,24.77,9.2,16.06,22.587666666666667
Belém,Norte,2009,10,28.496774193548386,33.28064516129032,25.032258064516128,7.0,16.412903225806453,23.54
Belém,Norte,2009,11,28.616666666666667,33.190000000000005,25.279999999999998,10.8,17.236666666666668,22.166
Belém,Norte,2009,12,27.703225806451613,31.299999999999997,25.493548387096773,98.1,15.17741935483871,18.870967741935484
Belém,Norte,2010,1,26.85483870967742,29.94516129032258,24.961290322580645,142.6,13.912903225806453,17.700645161290325
Belém,Norte,2010,2,27.232142857142858,30.232142857142858,25.349999999999998,205.6,15.37857142857143,17.90142857142857
Belém,Norte,2010,3,27.27741935483871,30.53548387096774,25.274193548387096,297.8,13.548387096774194,19.119032258064518
Belém,Norte,2010,4,26.466666666666665,29.23,24.90666666666667,349.8,11.556666666666667,14.547
Belém,Norte,2010,5,27.08709677419355,30.05483870967742,25.225806451612904,200.2,10.558064516129033,17.013870967741934
Belém,Norte,2010,6,26.833333333333332,29.876666666666665,24.776666666666664,90.0,10.639999999999999,18.255333333333333
Belém,Norte,2010,7,26.69677419354839,29.996774193548386,24.616129032258065,95.3,12.587096774193547,18.638387096774192
Belém,Norte,2010,8,27.403225806451612,31.351612903225806,24.712903225806453,43.8,13.841935483870968,21.159032258064517
Belém,Norte,2010,9,28.17,32.67333333333333,25.07,14.5,15.976666666666667,22.543999999999997
Belém,Norte,2010,10,28.467741935483872,32.8,25.425806451612903,26.8,15.280645161290321,22.88516129032258
Belém,Norte,2010,11,28.103333333333335,32.02,25.33,57.5,14.51,21.303333333333335
Belém,Norte,2010,12,27.161290322580644,30.5,25.074193548387097,165.4,13.27741935483871,18.925806451612903
Belém,Norte,2011,1,25.580645161290324,28.312903225806455,23.967741935483872,336.8,12.387096774193548,15.058387096774194
Belém,Norte,2011,2,25.478571428571428,28.175,23.86785714285714,290.1,12.089285714285714,14.77892857142857
Belém,Norte,2011,3,25.69677419354839,28.40967741935484,24.06451612903226,411.5,11.838709677419354,15.396451612903226
Belém,Norte,2011,4,25.37,27.85666666666667,23.89333333333333,459.8,9.84,13.239333333333333
Belém,Norte,2011,5,26.212903225806453,28.983870967741936,24.425806451612903,288.9,10.174193548387096,15.015161290322581
Belém,Norte,2011,6,26.513333333333332,29.529999999999998,24.40666666666667,82.0,12.136666666666667,17.667333333333332
Belém,Norte,2011,7,26.509677419354837,29.929032258064513,24.193548387096776,62.0,11.874193548387096,19.15258064516129
Belém,Norte,2011,8,27.183870967741935,31.22258064516129,24.52258064516129,41.3,13.80967741935484,21.14258064516129
Belém,Norte,2011,9,27.883333333333333,32.38333333333333,24.86,24.0,15.51,22.557666666666666
Belém,Norte,2011,10,28.083870967741937,32.15161290322581,25.074193548387097,49.6,15.100000000000001,21.88
Belém,Norte,2011,11,27.959999999999997,31.806666666666665,25.116666666666667,35.3,14.19,21.12066666666667
Belém,Norte,2011,12,28.177419354838708,32.21290322580645,25.229032258064517,18.7,15.32258064516129,20.623870967741937
Belém,Norte,2012,1,26.661290322580644,29.967741935483872,24.66774193548387,137.2,13.399999999999999,17.389032258064514
Belém,Norte,2012,2,25.813793103448276,28.841379310344827,24.020689655172415,239.9,13.072413793103449,16.377586206896552
Belém,Norte,2012,3,25.490322580645163,28.59032258064516,23.86774193548387,430.7,13.525806451612903,16.676129032258064
Belém,Norte,2012,4,26.263333333333332,29.493333333333332,24.416666666666668,233.79999999999998,12.83,18.288999999999998
Belém,Norte,2012,5,26.470967741935485,29.71935483870968,24.425806451612903,133.2,13.270967741935483,19.147096774193546
Belém,Norte,2012,6,26.196666666666665,29.41,24.09333333333333,104.9,12.35,18.601999999999997
Belém,Norte,2012,7,26.151612903225807,29.39032258064516,24.103225806451615,91.3,13.029032258064515,18.48193548387097
Belém,Norte,2012,8,26.929032258064513,30.651612903225804,24.409677419354836,25.7,14.683870967741935,20.368387096774192
Belém,Norte,2012,9,27.67,31.823333333333334,24.62,6.6,16.46,21.892
Belém,Norte,2012,10,28.10967741935484,32.47741935483871,24.893548387096775,17.0,17.26451612903226,22.300967741935484
Belém,Norte,2012,11,28.396666666666665,32.82,25.173333333333336,15.700000000000001,16.326666666666668,22.006333333333334
Belém,Norte,2012,12,27.24516129032258,30.580645161290324,25.0258064516129,100.2,14.461290322580645,18.614838709677418
Belém,Norte,2013,1,26.441935483870967,29.16774193548387,24.761290322580646,191.29999999999998,13.380645161290323,15.729354838709678
Belém,Norte,2013,2,26.235714285714288,29.24285714285714,24.474999999999998,217.5,14.071428571428571,16.18642857142857
Belém,Norte,2013,3,26.238709677419354,29.116129032258065,24.603225806451615,302.1,14.116129032258065,16.450645161290325
Belém,Norte,2013,4,25.933333333333334,28.933333333333334,24.283333333333335,328.5,12.373333333333333,16.029999999999998
Belém,Norte,2013,5,26.293548387096774,29.335483870967742,24.419354838709676,242.9,11.42258064516129,17.101935483870967
Belém,Norte,2013,6,26.636666666666667,29.726666666666667,24.493333333333332,88.6,12.22,18.785
Belém,Norte,2013,7,25.95483870967742,29.106451612903225,23.925806451612903,150.6,11.432258064516128,17.74225806451613
Belém,Norte,2013,8,26.725806451612904,30.19677419354839,24.574193548387097,71.2,13.496774193548386,20.098387096774193
Belém,Norte,2013,9,27.126666666666665,30.73,24.616666666666667,34.9,17.123333333333335,21.445666666666668
Belém,Norte,2013,10,27.75483870967742,31.748387096774195,24.90967741935484,25.4,16.967741935483872,22.27548387096774
Belém,Norte,2013,11,27.483333333333334,31.10666666666667,24.87,72.3,15.856666666666666,20.371
Belém,Norte,2013,12,27.616129032258065,31.26451612903226,25.070967741935487,56.300000000000004,15.503225806451614,20.424516129032256
Belém,Norte,2014,1,26.280645161290323,29.5258064516129,24.241935483870968,214.0,14.067741935483872,17.973870967741934
Belém,Norte,2014,2,25.478571428571428,28.353571428571428,23.889285714285712,374.3,12.682142857142859,14.673214285714286
Belém,Norte,2014,3,25.61935483870968,28.48709677419355,24.048387096774192,357.40000000000003,13.241935483870968,15.273225806451613
Belém,Norte,2014,4,25.790000000000003,28.763333333333332,24.15666666666667,633.1999999999999,12.479999999999999,15.461
Belém,Norte,2014,5,25.758064516129032,28.39032258064516,24.20967741935484,291.9,10.674193548387096,13.947096774193549
Belém,Norte,2014,6,26.3,29.533333333333335,24.423333333333336,165.6,12.26,17.278000000000002
Belém,Norte,2014,7,26.229032258064517,29.5258064516129,24.241935483870968,104.4,12.893548387096773,19.247096774193547
Belém,Norte,2014,8,26.783870967741933,30.312903225806455,24.325806451612905,42.6,14.341935483870968,20.87709677419355
Belém,Norte,2014,9,27.17,31.116666666666667,24.413333333333334,27.2,16.266666666666666,22.07133333333333
Belém,Norte,2014,10,27.822580645161292,31.887096774193548,24.94516129032258,15.9,16.37741935483871,22.378709677419355
Belém,Norte,2014,11,28.083333333333332,32.28666666666667,24.94333333333333,14.5,16.6,22.21033333333333
Belém,Norte,2014,12,27.65806451612903,31.309677419354838,24.983870967741936,48.8,16.219354838709677,20.199354838709677
Belém,Norte,2015,1,26.687096774193545,29.94516129032258,24.693548387096776,109.8,14.212903225806452,18.600322580645162
Belém,Norte,2015,2,26.092857142857145,29.035714285714285,24.349999999999998,254.4,14.417857142857143,16.80035714285714
Belém,Norte,2015,3,25.629032258064516,28.448387096774194,24.116129032258065,416.0,12.225806451612904,14.67483870967742
Belém,Norte,2015,4,25.69,28.48,24.133333333333333,462.4,13.063333333333334,15.204333333333333
Belém,Norte,2015,5,26.35483870967742,29.4,24.44516129032258,188.9,12.735483870967743,17.216129032258067
Belém,Norte,2015,6,26.41,29.596666666666668,24.423333333333336,102.6,12.926666666666668,18.33566666666667
Belém,Norte,2015,7,26.606451612903225,29.848387096774193,24.387096774193548,62.3,13.51290322580645,18.481290322580644
Belém,Norte,2015,8,27.509677419354837,31.306451612903224,24.635483870967743,6.300000000000001,14.748387096774193,20.95193548387097
Belém,Norte,2015,9,28.086666666666666,32.25333333333334,24.759999999999998,5.8,16.863333333333333,22.329
Belém,Norte,2015,10,28.638709677419353,33.0258064516129,25.293548387096774,4.4,17.216129032258067,23.009677419354837
Belém,Norte,2015,11,28.62,33.0,25.383333333333333,6.2,16.62666666666667,22.417333333333332
Belém,Norte,2015,12,28.125806451612902,31.932258064516127,25.683870967741935,43.4,16.76451612903226,20.34774193548387
Belém,Norte,2016,1,27.003225806451614,29.85483870967742,25.283870967741933,174.1,15.212903225806452,16.359354838709677
Belém,Norte,2016,2,26.46551724137931,29.49310344827586,24.76206896551724,193.6,14.613793103448277,16.59241379310345
Belém,Norte,2016,3,26.40967741935484,29.283870967741933,24.87741935483871,427.9,12.77741935483871,14.918064516129032
Belém,Norte,2016,4,26.71333333333333,29.703333333333333,25.016666666666666,277.2,12.943333333333333,15.674666666666667
Belém,Norte,2016,5,27.15806451612903,30.35483870967742,25.051612903225806,145.7,12.470967741935485,18.872258064516128
Belém,Norte,2016,6,26.720000000000002,30.0,24.55,75.3,12.770000000000001,19.18566666666667
Belém,Norte,2016,7,26.874193548387098,30.361290322580647,24.606451612903225,48.6,12.974193548387097,19.36741935483871
Belém,Norte,2016,8,27.519354838709678,31.470967741935485,24.719354838709677,25.3,15.051612903225807,21.568064516129034
Belém,Norte,2016,9,27.83,31.720000000000002,25.040000000000003,22.3,16.07,21.84466666666667
Belém,Norte,2016,10,28.19677419354839,32.21935483870968,25.33225806451613,30.099999999999998,15.78709677419355,21.42096774193548
Belém,Norte,2016,11,28.459999999999997,32.53666666666667,25.676666666666666,18.3,16.316666666666666,20.926333333333332
Belém,Norte,2016,12,27.299999999999997,30.716129032258067,25.219354838709677,212.1,14.364516129032259,17.833870967741937
Belém,Norte,2017,1,25.816129032258065,29.4,23.864516129032257,423.1,12.561290322580644,15.60741935483871
Belém,Norte,2017,2,25.625,28.825,23.84642857142857,466.0,13.210714285714285,14.58
Belém,Norte,2017,3,25.483870967741936,28.57741935483871,23.72258064516129,430.0,11.87741935483871,13.672580645161291
Belém,Norte,2017,4,26.103333333333335,29.48,24.19,353.2,12.486666666666668,15.562666666666667
Belém,Norte,2017,5,26.635483870967743,30.393548387096775,24.429032258064513,272.7,12.64516129032258,17.227741935483873
Belém,Norte,2017,6,26.69,30.386666666666667,24.433333333333334,178.3,12.906666666666666,17.64833333333333
Belém,Norte,2017,7,26.870967741935484,30.91290322580645,23.79032258064516,105.0,13.193548387096774,19.531612903225806
Belém,Norte,2017,8,27.42258064516129,32.1258064516129,24.116129032258065,33.1,15.596774193548388,20.86225806451613
Belém,Norte,2017,9,27.573333333333334,32.36666666666667,24.38,57.3,16.18,20.282333333333334
Belém,Norte,2017,10,27.309677419354838,32.01935483870968,24.238709677419354,73.0,17.06451612903226,19.567419354838712
Belém,Norte,2017,11,27.529999999999998,32.236666666666665,24.25,27.8,17.3,19.346
Belém,Norte,2017,12,26.92258064516129,31.03870967741935,24.345161290322583,179.6,14.706451612903225,16.233225806451614
Belém,Norte,2018,1,25.835483870967742,29.54516129032258,23.725806451612904,234.5,13.574193548387097,16.93516129032258
Belém,Norte,2018,2,25.375,28.039285714285715,23.842857142857145,456.7,12.046428571428573,13.088571428571429
Belém,Norte,2018,3,25.94193548387097,29.5258064516129,23.938709677419357,306.3,13.674193548387096,16.48
Belém,Norte,2018,4,25.543333333333333,28.926666666666666,23.726666666666667,501.0,11.396666666666667,14.924000000000001
Belém,Norte,2018,5,25.703225806451613,29.25483870967742,23.793548387096774,364.2,12.54516129032258,15.548709677419355
Belém,Norte,2018,6,26.540000000000003,30.323333333333334,23.95,80.89999999999999,12.933333333333334,18.733
Belém,Norte,2018,7,26.46451612903226,30.348387096774193,23.687096774193545,81.0,13.048387096774194,19.14516129032258
Belém,Norte,2018,8,26.425806451612903,31.003225806451614,23.358064516129033,61.9,14.577419354838709,20.205161290322582
Belém,Norte,2018,9,27.293333333333333,32.016666666666666,23.77,34.800000000000004,16.363333333333333,20.978666666666665
Belém,Norte,2018,10,27.55806451612903,32.41612903225806,24.019354838709678,26.900000000000002,17.509677419354837,21.353225806451615
Belém,Norte,2018,11,27.62,32.17666666666666,24.573333333333334,149.5,16.306666666666665,18.321
Belém,Norte,2018,12,25.651612903225807,28.780645161290323,23.825806451612905,328.9,12.3,14.343548387096773
Belém,Norte,2019,1,25.874193548387098,29.04516129032258,23.9741935483871,272.3,13.025806451612903,15.881290322580645
Belém,Norte,2019,2,25.539285714285715,28.310714285714287,23.875,375.6,13.096428571428572,13.379999999999999
Belém,Norte,2019,3,25.448387096774194,28.516129032258064,23.70967741935484,405.2,13.080645161290322,14.919677419354839
Belém,Norte,2019,4,25.703333333333333,28.73,24.02,666.2,11.586666666666668,14.249666666666666
Belém,Norte,2019,5,26.358064516129033,29.996774193548386,24.43548387096774,296.3,12.416129032258064,16.78
Belém,Norte,2019,6,26.673333333333336,30.363333333333333,24.12,171.5,12.483333333333333,18.896333333333335
Belém,Norte,2019,7,26.593548387096774,30.45483870967742,23.73548387096774,92.60000000000001,12.374193548387098,19.389354838709675
Belém,Norte,2019,8,26.9741935483871,31.270967741935483,23.80322580645161,53.9,12.641935483870967,20.61193548387097
Belém,Norte,2019,9,27.163333333333334,31.896666666666665,23.833333333333332,43.9,15.066666666666666,20.478
Belém,Norte,2019,10,27.029032258064515,31.629032258064516,23.674193548387095,82.9,15.738709677419354,20.240645161290324
Belém,Norte,2019,11,27.146666666666665,31.403333333333332,24.116666666666667,60.7,14.443333333333333,19.514333333333333
Belém,Norte,2019,12,26.980645161290322,31.248387096774195,24.43548387096774,163.4,15.425806451612903,17.931290322580644
Belém,Norte,2020,1,25.925806451612903,28.883870967741935,24.141935483870967,265.5,12.248387096774193,15.076129032258065
Belém,Norte,2020,2,25.78620689655172,28.717241379310344,24.06551724137931,443.9,12.617241379310345,14.805517241379311
Belém,Norte,2020,3,25.967741935483872,28.858064516129033,24.23225806451613,551.6,12.251612903225807,15.121612903225806
Belém,Norte,2020,4,26.086666666666666,28.986666666666668,24.35666666666667,461.3,11.766666666666667,14.139666666666667
Belém,Norte,2020,5,26.780645161290323,30.467741935483872,24.55806451612903,250.7,12.219354838709679,17.711290322580645
Belém,Norte,2020,6,26.683333333333334,30.30666666666667,24.243333333333332,138.5,12.763333333333332,18.744333333333334
Belém,Norte,2020,7,27.05806451612903,31.225806451612904,23.83225806451613,38.2,12.670967741935485,20.00741935483871
Belém,Norte,2020,8,27.66774193548387,32.461290322580645,24.003225806451614,33.0,14.025806451612903,21.663548387096775
Belém,Norte,2020,9,27.62,32.67333333333333,23.976666666666667,24.7,15.303333333333335,21.71966666666667
Belém,Norte,2020,10,27.212903225806453,32.12903225806452,23.86774193548387,74.6,16.18709677419355,20.723225806451612
Belém,Norte,2020,11,26.65666666666667,30.553333333333335,24.223333333333336,223.7,13.153333333333334,17.28533333333333
Belém,Norte,2020,12,26.538709677419355,30.567741935483873,24.0,166.7,13.587096774193547,17.903870967741934
Belém,Norte,2021,1,26.103225806451615,29.845161290322583,23.970967741935485,292.2,12.964516129032257,17.18032258064516
Belém,Norte,2021,2,25.803571428571427,29.057142857142857,23.88214285714286,317.4,13.028571428571428,15.2175
Belém,Norte,2021,3,25.335483870967742,28.629032258064516,23.529032258064515,480.5,11.86774193548387,14.814193548387097
Belém,Norte,2021,4,26.17,29.89,24.08,388.1,11.856666666666666,17.529666666666667
Belém,Norte,2021,5,26.335483870967742,29.958064516129035,24.14516129032258,534.7,11.432258064516128,17.458387096774196
Belém,Norte,2021,6,26.240000000000002,29.81,23.85666666666667,140.5,11.09,17.437333333333335
Belém,Norte,2021,7,26.370967741935484,30.325806451612905,23.751612903225805,202.6,11.870967741935484,19.18935483870968
Belém,Norte,2021,8,26.68064516129032,30.95483870967742,23.74516129032258,124.2,13.116129032258065,20.23516129032258
Belém,Norte,2021,9,26.38,30.596666666666668,23.613333333333333,170.0,13.796666666666665,19.756666666666668
Belém,Norte,2021,10,26.938709677419357,31.345161290322583,24.074193548387097,120.0,13.72258064516129,20.774193548387096
Belém,Norte,2021,11,26.69,30.983333333333334,23.836666666666666,157.0,13.566666666666666,19.520666666666667
Belém,Norte,2021,12,26.73225806451613,30.748387096774195,24.258064516129032,180.8,13.76774193548387,17.337419354838712
Belém,Norte,2022,1,25.383870967741935,29.30322580645161,23.26451612903226,419.6,13.074193548387097,16.81967741935484
Belém,Norte,2022,2,25.857142857142858,29.87857142857143,23.7,231.79999999999998,13.607142857142858,18.384642857142858
Belém,Norte,2022,3,25.37741935483871,28.561290322580643,23.706451612903226,528.2,11.593548387096773,14.478064516129033
Belém,Norte,2022,4,25.34,28.87,23.529999999999998,454.7,11.8,15.404
Belém,Norte,2022,5,25.561290322580643,29.309677419354838,23.458064516129035,438.5,12.63225806451613,16.56935483870968
Belém,Norte,2022,6,25.976666666666667,30.196666666666665,23.259999999999998,155.5,12.806666666666667,19.552666666666667
Belém,Norte,2022,7,26.33225806451613,30.651612903225807,23.509677419354837,140.0,13.903225806451612,19.899677419354838
Belém,Norte,2022,8,27.061290322580643,32.064516129032256,23.612903225806452,43.3,14.94516129032258,21.977096774193548
Belém,Norte,2022,9,27.283333333333335,32.53,23.80666666666667,33.7,16.46333333333333,22.203666666666667
Belém,Norte,2022,10,27.31935483870968,32.696774193548386,23.84193548387097,81.7,17.580645161290324,20.97451612903226
Belém,Norte,2022,11,26.77,31.0,23.936666666666667,133.5,14.136666666666667,19.701999999999998
Belém,Norte,2022,12,26.183870967741935,30.31935483870968,23.603225806451615,215.5,14.225806451612904,18.523870967741935
Belém,Norte,2023,1,25.503225806451614,29.483870967741936,23.25483870967742,355.6,12.890322580645162,18.18935483870968
Belém,Norte,2023,2,25.307142857142857,29.110714285714288,23.37857142857143,424.9,12.657142857142857,16.053214285714287
Belém,Norte,2023,3,25.23225806451613,28.654838709677417,23.38064516129032,570.8,12.97741935483871,15.576129032258065
Belém,Norte,2023,4,25.826666666666664,29.61,23.733333333333334,386.4,11.463333333333333,17.66433333333333
Belém,Norte,2023,5,26.41290322580645,30.187096774193545,24.177419354838708,282.3,12.548387096774194,18.123870967741937
Belém,Norte,2023,6,26.613333333333333,30.716666666666665,23.926666666666666,168.6,12.986666666666668,20.125333333333334
Belém,Norte,2023,7,26.851612903225806,31.95483870967742,23.154838709677417,65.7,13.161290322580646,20.588064516129034
Belém,Norte,2023,8,27.470967741935485,32.99677419354838,23.241935483870968,35.7,14.070967741935483,22.16741935483871
Belém,Norte,2023,9,27.716666666666665,33.61,23.456666666666667,34.4,16.37,22.094
Belém,Norte,2023,10,28.02258064516129,33.92903225806452,23.883870967741935,96.4,17.403225806451612,22.02774193548387
Belém,Norte,2023,11,27.779999999999998,33.18666666666667,23.973333333333336,63.300000000000004,16.086666666666666,20.198666666666668
Belém,Norte,2023,12,27.135483870967743,31.812903225806448,24.032258064516128,172.7,13.674193548387096,18.502903225806453
Belém,Norte,2024,1,26.383870967741935,30.616129032258065,23.683870967741935,365.3,13.058064516129033,18.51967741935484
Belém,Norte,2024,2,26.21379310344828,30.099999999999998,23.76206896551724,242.4,13.355172413793104,17.659655172413792
Belém,Norte,2024,3,26.019354838709678,30.0,23.799999999999997,454.4,11.44516129032258,15.786774193548387
Belém,Norte,2024,4,26.133333333333333,30.266666666666666,23.826666666666664,420.7,10.74,16.651
Belém,Norte,2024,5,26.6,31.383870967741935,23.88064516129032,291.2,12.174193548387096,18.956451612903226
Belém,Norte,2024,6,26.496666666666666,31.013333333333332,23.433333333333334,172.6,13.82,20.093666666666664
Belém,Norte,2024,7,27.20967741935484,32.24516129032258,23.22258064516129,54.800000000000004,13.561290322580644,21.4358064516129
Belém,Norte,2024,8,27.538709677419355,33.196774193548386,23.299999999999997,28.2,13.893548387096773,22.22741935483871
Belém,Norte,2024,9,28.0,33.89,23.84,35.9,16.426666666666666,22.520666666666667
Belém,Norte,2024,10,27.951612903225808,33.51290322580645,23.929032258064513,26.5,17.509677419354837,21.500645161290322
Belém,Norte,2024,11,28.173333333333336,34.04666666666667,23.976666666666667,51.8,15.629999999999999,21.374000000000002
Belém,Norte,2024,12,27.0,31.783870967741933,24.067741935483873,170.1,13.016129032258064,18.27516129032258
Brasília,Centro-Oeste,1980,1,20.67096774193548,24.429032258064513,17.94516129032258,391.1,10.880645161290323,16.77032258064516
Brasília,Centro-Oeste,1980,2,20.386206896551727,24.00344827586207,17.675862068965518,435.5,12.979310344827585,15.483793103448274
Brasília,Centro-Oeste,1980,3,21.509677419354837,26.248387096774195,17.22258064516129,57.5,13.86774193548387,21.456129032258065
Brasília,Centro-Oeste,1980,4,20.263333333333332,24.82,16.833333333333332,152.2,13.8,17.562333333333335
Brasília,Centro-Oeste,1980,5,19.770967741935483,24.674193548387095,15.287096774193548,19.0,14.819354838709677,17.34709677419355
Brasília,Centro-Oeste,1980,6,18.956666666666667,24.243333333333332,14.29,6.8,14.44,15.678666666666667
Brasília,Centro-Oeste,1980,7,19.070967741935487,24.996774193548386,13.13225806451613,0.0,14.238709677419354,18.82677419354839
Brasília,Centro-Oeste,1980,8,21.796774193548387,27.26451612903226,16.364516129032257,0.1,15.803225806451612,19.784193548387094
Brasília,Centro-Oeste,1980,9,22.459999999999997,28.136666666666667,17.59,76.5,14.563333333333333,20.796333333333333
Brasília,Centro-Oeste,1980,10,22.951612903225808,28.496774193548386,17.812903225806455,48.7,15.293548387096775,24.40225806451613
Brasília,Centro-Oeste,1980,11,20.67,24.836666666666666,17.87,361.4,11.78,16.69633333333333
Brasília,Centro-Oeste,1980,12,20.60967741935484,24.62258064516129,17.67096774193548,245.0,14.312903225806451,17.739354838709676
Brasília,Centro-Oeste,1981,1,20.825806451612905,24.893548387096775,17.606451612903225,304.4,13.693548387096774,19.200000000000003
Brasília,Centro-Oeste,1981,2,21.974999999999998,26.814285714285713,17.66785714285714,40.2,15.289285714285715,24.29642857142857
Brasília,Centro-Oeste,1981,3,21.270967741935483,25.041935483870965,18.532258064516128,313.4,11.97741935483871,15.54967741935484
Brasília,Centro-Oeste,1981,4,20.146666666666665,24.706666666666667,16.130000000000003,52.3,14.476666666666667,18.926333333333332
Brasília,Centro-Oeste,1981,5,18.629032258064516,23.496774193548386,14.229032258064517,26.5,15.725806451612904,16.752903225806453
Brasília,Centro-Oeste,1981,6,18.433333333333334,23.716666666666665,13.383333333333333,14.7,13.333333333333334,16.154
Brasília,Centro-Oeste,1981,7,17.719354838709677,23.538709677419355,12.306451612903226,6.8,15.125806451612902,17.60258064516129
Brasília,Centro-Oeste,1981,8,20.345161290322583,26.470967741935485,14.396774193548387,1.5,14.964516129032258,21.108709677419355
Brasília,Centro-Oeste,1981,9,23.256666666666668,29.466666666666665,17.203333333333333,9.7,15.56,23.615333333333336
Brasília,Centro-Oeste,1981,10,21.083870967741937,25.70967741935484,17.5258064516129,284.1,12.109677419354838,19.028709677419354
Brasília,Centro-Oeste,1981,11,20.5,24.466666666666665,17.6,280.2,12.19,16.609666666666666
Brasília,Centro-Oeste,1981,12,21.719354838709677,26.183870967741935,17.864516129032257,225.0,11.651612903225805,20.832903225806454
Brasília,Centro-Oeste,1982,1,20.219354838709677,23.906451612903226,17.596774193548388,383.2,12.819354838709677,15.997741935483871
Brasília,Centro-Oeste,1982,2,21.832142857142856,26.24285714285714,17.925,105.5,12.985714285714284,22.109285714285715
Brasília,Centro-Oeste,1982,3,21.080645161290324,25.31935483870968,18.03548387096774,293.9,10.574193548387097,16.723548387096773
Brasília,Centro-Oeste,1982,4,19.686666666666667,23.983333333333334,16.083333333333332,71.0,13.55,17.676
Brasília,Centro-Oeste,1982,5,18.793548387096774,23.65806451612903,14.600000000000001,31.7,14.258064516129032,15.975806451612904
Brasília,Centro-Oeste,1982,6,19.896666666666665,25.40666666666667,14.68,0.1,13.41,17.134
Brasília,Centro-Oeste,1982,7,19.496774193548386,24.780645161290323,14.52258064516129,6.8,14.093548387096773,16.823870967741936
Brasília,Centro-Oeste,1982,8,20.896774193548385,26.200000000000003,15.896774193548387,24.700000000000003,14.635483870967741,18.69
Brasília,Centro-Oeste,1982,9,21.98,26.85666666666667,17.59333333333333,57.5,15.566666666666666,19.91166666666667
Brasília,Centro-Oeste,1982,10,22.067741935483873,26.996774193548386,18.13225806451613,152.3,13.03225806451613,20.501612903225805
Brasília,Centro-Oeste,1982,11,22.60666666666667,27.326666666666664,18.616666666666667,192.7,10.626666666666667,21.627666666666666
Brasília,Centro-Oeste,1982,12,21.612903225806452,25.5,18.39032258064516,213.3,12.716129032258063,18.581612903225807
Brasília,Centro-Oeste,1983,1,20.56451612903226,24.183870967741935,18.36774193548387,317.5,13.887096774193548,13.63225806451613
Brasília,Centro-Oeste,1983,2,21.021428571428572,25.00357142857143,17.867857142857144,247.3,16.107142857142858,17.670714285714286
Brasília,Centro-Oeste,1983,3,21.03548387096774,25.29032258064516,17.94193548387097,283.3,11.94516129032258,17.385806451612904
Brasília,Centro-Oeste,1983,4,21.259999999999998,25.886666666666667,17.326666666666664,81.9,12.9,18.826999999999998
Brasília,Centro-Oeste,1983,5,21.038709677419355,26.164516129032258,16.45483870967742,33.6,14.26774193548387,17.479032258064517
Brasília,Centro-Oeste,1983,6,19.90666666666667,25.290000000000003,14.793333333333333,0.0,13.110000000000001,16.883
Brasília,Centro-Oeste,1983,7,19.81935483870968,25.52258064516129,14.54516129032258,19.3,13.096774193548388,17.486451612903227
Brasília,Centro-Oeste,1983,8,20.61935483870968,26.40967741935484,14.899999999999999,0.1,14.603225806451613,20.32032258064516
Brasília,Centro-Oeste,1983,9,23.276666666666664,28.61,18.563333333333333,41.3,15.126666666666667,21.102666666666668
Brasília,Centro-Oeste,1983,10,21.22258064516129,26.141935483870967,17.541935483870965,159.5,15.474193548387097,20.426129032258064
Brasília,Centro-Oeste,1983,11,20.456666666666667,24.8,17.416666666666668,321.5,11.770000000000001,17.520333333333333
Brasília,Centro-Oeste,1983,12,20.603225806451615,24.5,17.532258064516128,288.8,12.290322580645162,17.649354838709677
Brasília,Centro-Oeste,1984,1,22.02258064516129,26.638709677419353,17.98709677419355,165.2,11.80967741935484,23.671290322580642
Brasília,Centro-Oeste,1984,2,22.151724137931033,27.07241379310345,17.96896551724138,152.8,12.955172413793104,24.185862068965516
Brasília,Centro-Oeste,1984,3,21.519354838709678,25.725806451612904,18.27741935483871,294.4,11.093548387096773,18.293225806451613
Brasília,Centro-Oeste,1984,4,20.46333333333333,24.583333333333332,17.09,86.5,16.07,16.317333333333334
Brasília,Centro-Oeste,1984,5,21.39032258064516,26.53548387096774,16.567741935483873,2.5,12.33548387096774,18.196129032258067
Brasília,Centro-Oeste,1984,6,19.813333333333333,25.35,14.726666666666667,0.1,14.486666666666668,17.051333333333336
Brasília,Centro-Oeste,1984,7,19.37741935483871,24.77741935483871,14.193548387096774,0.1,15.312903225806451,16.74483870967742
Brasília,Centro-Oeste,1984,8,20.725806451612904,26.293548387096774,15.8,69.5,15.251612903225807,18.18967741935484
Brasília,Centro-Oeste,1984,9,20.240000000000002,25.426666666666666,15.753333333333334,84.69999999999999,13.336666666666668,20.688333333333333
Brasília,Centro-Oeste,1984,10,21.94516129032258,26.9,17.503225806451614,144.3,13.290322580645162,20.883225806451613
Brasília,Centro-Oeste,1984,11,22.236666666666668,26.88,18.07,103.0,13.293333333333333,22.262
Brasília,Centro-Oeste,1984,12,21.603225806451615,25.94193548387097,18.048387096774192,191.7,12.432258064516128,20.35677419354839
Brasília,Centro-Oeste,1985,1,19.993548387096773,23.019354838709678,18.05483870967742,395.5,16.496774193548386,12.565483870967741
Brasília,Centro-Oeste,1985,2,22.235714285714288,26.724999999999998,17.964285714285715,73.9,13.407142857142857,22.845357142857143
Brasília,Centro-Oeste,1985,3,21.374193548387098,25.74516129032258,17.97741935483871,200.0,13.016129032258064,18.464193548387097
Brasília,Centro-Oeste,1985,4,20.663333333333334,25.19,16.696666666666665,74.9,13.646666666666667,19.363
Brasília,Centro-Oeste,1985,5,20.27741935483871,25.138709677419353,16.10322580645161,28.0,12.600000000000001,17.02064516129032
Brasília,Centro-Oeste,1985,6,17.493333333333332,23.756666666666668,11.766666666666667,0.1,13.043333333333333,17.646
Brasília,Centro-Oeste,1985,7,17.948387096774194,23.529032258064515,12.67741935483871,0.0,16.799999999999997,17.96
Brasília,Centro-Oeste,1985,8,21.280645161290323,26.94193548387097,15.66451612903226,0.1,16.032258064516128,19.47258064516129
Brasília,Centro-Oeste,1985,9,22.15,27.89,17.0,70.9,14.313333333333333,21.566
Brasília,Centro-Oeste,1985,10,21.06451612903226,25.967741935483872,17.18064516129032,170.0,11.59032258064516,20.684838709677418
Brasília,Centro-Oeste,1985,11,21.053333333333335,25.603333333333335,17.28666666666667,163.0,15.203333333333335,20.680333333333333
Brasília,Centro-Oeste,1985,12,20.519354838709678,24.34193548387097,17.561290322580643,321.3,12.46774193548387,17.5641935483871
Brasília,Centro-Oeste,1986,1,21.219354838709677,25.348387096774193,17.80322580645161,219.79999999999998,12.341935483870968,20.156774193548387
Brasília,Centro-Oeste,1986,2,21.589285714285715,26.089285714285715,17.607142857142858,113.60000000000001,12.189285714285715,22.424285714285713
Brasília,Centro-Oeste,1986,3,21.793548387096774,26.461290322580645,17.648387096774194,87.7,11.635483870967741,21.44451612903226
Brasília,Centro-Oeste,1986,4,22.243333333333332,26.970000000000002,18.116666666666667,49.300000000000004,11.71,19.278000000000002
Brasília,Centro-Oeste,1986,5,20.864516129032257,26.07741935483871,16.229032258064517,26.5,13.077419354838709,17.52741935483871
Brasília,Centro-Oeste,1986,6,18.626666666666665,24.023333333333333,13.653333333333334,0.1,15.79,16.56533333333333
Brasília,Centro-Oeste,1986,7,18.835483870967742,23.996774193548386,14.245161290322581,20.5,13.364516129032259,15.639354838709677
Brasília,Centro-Oeste,1986,8,21.009677419354837,26.419354838709676,15.896774193548387,47.5,13.483870967741936,18.31
Brasília,Centro-Oeste,1986,9,21.37666666666667,26.966666666666665,16.216666666666665,21.5,16.39,22.060333333333332
Brasília,Centro-Oeste,1986,10,21.274193548387096,25.925806451612903,17.293548387096774,179.4,12.812903225806451,19.532258064516128
Brasília,Centro-Oeste,1986,11,21.673333333333336,26.25,17.3,97.8,13.726666666666667,22.528000000000002
Brasília,Centro-Oeste,1986,12,21.429032258064513,25.403225806451612,18.270967741935483,264.1,13.951612903225806,18.373870967741937
Brasília,Centro-Oeste,1987,1,22.219354838709677,26.85483870967742,18.338709677419356,162.20000000000002,11.03225806451613,22.646129032258063
Brasília,Centro-Oeste,1987,2,21.735714285714288,26.37142857142857,18.189285714285713,170.6,13.017857142857142,21.28464285714286
Brasília,Centro-Oeste,1987,3,20.835483870967742,25.038709677419355,17.69677419354839,229.7,12.212903225806452,17.523870967741935
Brasília,Centro-Oeste,1987,4,20.913333333333334,25.39333333333333,17.203333333333333,94.1,12.08,18.16466666666667
Brasília,Centro-Oeste,1987,5,20.606451612903225,25.506451612903227,16.570967741935487,38.699999999999996,12.112903225806452,17.23516129032258
Brasília,Centro-Oeste,1987,6,19.886666666666667,24.936666666666667,15.486666666666668,14.600000000000001,12.223333333333333,15.712333333333333
Brasília,Centro-Oeste,1987,7,19.470967741935485,25.416129032258063,13.780645161290321,0.0,15.025806451612903,17.966451612903228
Brasília,Centro-Oeste,1987,8,21.9741935483871,28.032258064516128,16.129032258064516,1.9,14.058064516129033,19.984516129032258
Brasília,Centro-Oeste,1987,9,23.53666666666667,29.259999999999998,18.353333333333335,39.9,14.326666666666666,21.775
Brasília,Centro-Oeste,1987,10,23.66774193548387,29.135483870967743,18.787096774193547,90.6,11.725806451612904,23.021935483870966
Brasília,Centro-Oeste,1987,11,21.773333333333333,26.23,18.490000000000002,202.3,11.639999999999999,19.301
Brasília,Centro-Oeste,1987,12,21.148387096774194,24.748387096774195,18.42258064516129,314.5,12.074193548387097,16.186774193548388
Brasília,Centro-Oeste,1988,1,22.458064516129035,26.861290322580647,18.66774193548387,141.1,12.241935483870968,22.131290322580647
Brasília,Centro-Oeste,1988,2,21.910344827586208,26.07241379310345,18.67241379310345,268.5,10.26551724137931,19.19965517241379
Brasília,Centro-Oeste,1988,3,21.23225806451613,25.309677419354838,18.083870967741937,215.9,13.100000000000001,17.663870967741936
Brasília,Centro-Oeste,1988,4,21.8,26.240000000000002,18.066666666666666,61.9,12.79,18.613333333333333
Brasília,Centro-Oeste,1988,5,21.66774193548387,26.638709677419353,16.98709677419355,9.7,11.422580645161291,17.311290322580643
Brasília,Centro-Oeste,1988,6,19.176666666666666,24.80666666666667,14.253333333333334,11.9,14.446666666666665,17.16033333333333
Brasília,Centro-Oeste,1988,7,17.864516129032257,23.322580645161292,13.038709677419355,0.0,17.10322580645161,17.379354838709677
Brasília,Centro-Oeste,1988,8,19.570967741935487,25.519354838709678,14.003225806451614,0.0,16.293548387096774,21.121935483870967
Brasília,Centro-Oeste,1988,9,23.3,29.323333333333334,17.65,24.5,15.65,23.453333333333333
Brasília,Centro-Oeste,1988,10,21.65806451612903,26.4741935483871,17.509677419354837,140.4,12.36774193548387,20.618709677419353
Brasília,Centro-Oeste,1988,11,21.209999999999997,25.706666666666667,17.59,183.9,12.45,20.423333333333336
Brasília,Centro-Oeste,1988,12,20.980645161290322,25.048387096774192,17.76774193548387,271.9,11.125806451612902,18.963225806451614
Brasília,Centro-Oeste,1989,1,21.43548387096774,25.951612903225808,17.638709677419353,166.4,12.387096774193548,21.95193548387097
Brasília,Centro-Oeste,1989,2,21.425,25.67142857142857,17.910714285714285,190.2,10.578571428571427,20.007857142857144
Brasília,Centro-Oeste,1989,3,20.938709677419357,25.24516129032258,17.42258064516129,167.3,13.567741935483872,19.180967741935483
Brasília,Centro-Oeste,1989,4,21.563333333333333,26.186666666666667,17.626666666666665,54.8,12.043333333333333,19.311666666666667
Brasília,Centro-Oeste,1989,5,20.083870967741937,25.01290322580645,15.693548387096774,0.9,14.551612903225807,17.280645161290323
Brasília,Centro-Oeste,1989,6,19.28666666666667,24.373333333333335,14.7,30.9,12.78,15.146333333333333
Brasília,Centro-Oeste,1989,7,18.093548387096774,24.051612903225806,12.674193548387096,4.1,14.883870967741935,18.069032258064517
Brasília,Centro-Oeste,1989,8,20.393548387096775,25.88064516129032,15.67741935483871,24.7,15.219354838709679,18.121935483870967
Brasília,Centro-Oeste,1989,9,22.07,27.403333333333332,17.48,72.3,11.733333333333333,20.580333333333332
Brasília,Centro-Oeste,1989,10,21.80322580645161,26.796774193548387,17.822580645161292,154.9,12.761290322580646,20.64516129032258
Brasília,Centro-Oeste,1989,11,21.426666666666666,25.813333333333333,18.166666666666668,276.59999999999997,11.976666666666667,18.741666666666667
Brasília,Centro-Oeste,1989,12,19.57741935483871,22.36774193548387,17.870967741935484,597.1,15.806451612903226,10.786451612903226
Brasília,Centro-Oeste,1990,1,22.18064516129032,26.63225806451613,18.287096774193547,107.2,12.932258064516128,21.751612903225805
Brasília,Centro-Oeste,1990,2,21.767857142857142,26.067857142857143,18.357142857142858,161.2,13.235714285714286,19.47714285714286
Brasília,Centro-Oeste,1990,3,22.06451612903226,26.616129032258065,17.996774193548386,113.6,12.235483870967743,21.265483870967742
Brasília,Centro-Oeste,1990,4,21.876666666666665,26.626666666666665,17.706666666666667,94.0,11.873333333333333,19.812333333333335
Brasília,Centro-Oeste,1990,5,19.89032258064516,24.638709677419353,15.874193548387098,93.0,12.567741935483872,16.379677419354838
Brasília,Centro-Oeste,1990,6,19.509999999999998,24.876666666666665,14.656666666666666,0.1,13.743333333333334,16.731333333333332
Brasília,Centro-Oeste,1990,7,19.26451612903226,24.467741935483872,14.51290322580645,31.6,12.35483870967742,15.891935483870967
Brasília,Centro-Oeste,1990,8,20.77741935483871,26.116129032258065,15.80967741935484,14.399999999999999,15.793548387096775,18.02225806451613
Brasília,Centro-Oeste,1990,9,21.023333333333333,26.473333333333336,16.506666666666668,110.2,13.573333333333332,19.704
Brasília,Centro-Oeste,1990,10,22.47741935483871,27.480645161290322,18.070967741935487,179.9,12.812903225806451,21.779032258064515
Brasília,Centro-Oeste,1990,11,22.366666666666667,27.126666666666665,18.233333333333334,145.29999999999998,11.473333333333333,23.079333333333334
Brasília,Centro-Oeste,1990,12,22.15806451612903,26.48709677419355,18.4741935483871,147.8,12.793548387096775,21.933870967741935
Brasília,Centro-Oeste,1991,1,20.993548387096773,24.919354838709676,18.009677419354837,333.3,13.274193548387096,17.596129032258066
Brasília,Centro-Oeste,1991,2,21.646428571428572,25.925,18.36785714285714,299.5,9.87857142857143,19.448214285714283
Brasília,Centro-Oeste,1991,3,20.97741935483871,24.690322580645162,18.31935483870968,251.79999999999998,12.687096774193549,15.23709677419355
Brasília,Centro-Oeste,1991,4,20.913333333333334,25.33,17.11,119.2,12.183333333333334,18.423
Brasília,Centro-Oeste,1991,5,20.048387096774192,25.216129032258067,15.66451612903226,11.799999999999999,14.083870967741936,17.850967741935484
Brasília,Centro-Oeste,1991,6,19.566666666666666,25.17,14.103333333333333,0.0,14.573333333333332,17.048
Brasília,Centro-Oeste,1991,7,18.883870967741935,24.348387096774193,13.625806451612902,0.0,15.874193548387098,17.728387096774195
Brasília,Centro-Oeste,1991,8,19.903225806451612,25.53548387096774,14.596774193548388,0.0,17.14516129032258,19.636129032258065
Brasília,Centro-Oeste,1991,9,21.19333333333333,26.776666666666664,16.32,69.6,13.696666666666665,20.564
Brasília,Centro-Oeste,1991,10,22.299999999999997,27.31935483870968,17.983870967741936,92.0,15.780645161290321,22.116774193548387
Brasília,Centro-Oeste,1991,11,21.146666666666665,25.493333333333332,17.779999999999998,277.4,11.360000000000001,19.22233333333333
Brasília,Centro-Oeste,1991,12,21.419354838709676,25.458064516129035,18.11935483870968,211.7,11.703225806451613,18.80516129032258
Brasília,Centro-Oeste,1992,1,20.32903225806452,23.51290322580645,18.116129032258065,406.2,13.319354838709677,12.873870967741935
Brasília,Centro-Oeste,1992,2,19.948275862068964,23.7,16.989655172413794,361.1,14.713793103448275,16.785862068965518
Brasília,Centro-Oeste,1992,3,21.396774193548385,26.06451612903226,17.55806451612903,114.3,13.82258064516129,20.516774193548386
Brasília,Centro-Oeste,1992,4,21.62,26.08,18.009999999999998,100.8,10.566666666666666,18.04733333333333
Brasília,Centro-Oeste,1992,5,20.97741935483871,26.093548387096774,16.43548387096774,17.9,11.51290322580645,17.49225806451613
Brasília,Centro-Oeste,1992,6,19.313333333333333,24.720000000000002,14.25,0.30000000000000004,15.620000000000001,17.117
Brasília,Centro-Oeste,1992,7,19.23548387096774,24.45483870967742,14.061290322580644,0.1,15.451612903225806,16.906129032258065
Brasília,Centro-Oeste,1992,8,20.429032258064513,25.82903225806452,15.54516129032258,26.2,15.048387096774194,18.580000000000002
Brasília,Centro-Oeste,1992,9,20.716666666666665,25.373333333333335,17.0,115.8,14.22,17.078
Brasília,Centro-Oeste,1992,10,21.135483870967743,26.05806451612903,17.483870967741936,213.7,12.674193548387096,19.530645161290323
Brasília,Centro-Oeste,1992,11,20.720000000000002,24.86,17.673333333333336,323.2,10.873333333333333,17.570666666666668
Brasília,Centro-Oeste,1992,12,19.95483870967742,23.674193548387095,17.451612903225808,357.9,13.922580645161291,15.430645161290323
Brasília,Centro-Oeste,1993,1,21.59032258064516,26.37741935483871,17.287096774193547,140.5,12.432258064516128,23.692258064516132
Brasília,Centro-Oeste,1993,2,20.485714285714288,24.535714285714285,17.514285714285712,287.4,10.739285714285714,17.187857142857144
Brasília,Centro-Oeste,1993,3,22.783870967741933,27.625806451612902,18.51290322580645,55.6,10.4,22.32451612903226
Brasília,Centro-Oeste,1993,4,21.183333333333334,25.696666666666665,17.386666666666667,104.0,12.806666666666667,18.805333333333333
Brasília,Centro-Oeste,1993,5,19.838709677419356,25.04516129032258,15.274193548387096,20.8,15.529032258064515,17.11032258064516
Brasília,Centro-Oeste,1993,6,19.196666666666665,24.626666666666665,14.31,15.2,14.373333333333333,16.515
Brasília,Centro-Oeste,1993,7,20.151612903225807,25.864516129032257,14.567741935483872,0.0,13.703225806451613,17.74290322580645
Brasília,Centro-Oeste,1993,8,21.154838709677417,26.5258064516129,16.029032258064515,22.9,13.338709677419354,18.15258064516129
Brasília,Centro-Oeste,1993,9,23.416666666666668,28.94,18.290000000000003,96.6,12.733333333333333,20.444666666666667
Brasília,Centro-Oeste,1993,10,21.96451612903226,26.92258064516129,17.793548387096774,106.9,13.693548387096774,21.71741935483871
Brasília,Centro-Oeste,1993,11,22.456666666666667,27.40666666666667,18.42,202.5,12.216666666666667,22.334666666666667
Brasília,Centro-Oeste,1993,12,21.38064516129032,25.451612903225808,18.358064516129033,336.5,13.312903225806451,18.157096774193548
Brasília,Centro-Oeste,1994,1,21.299999999999997,25.538709677419355,18.219354838709677,268.5,11.54516129032258,18.642258064516128
Brasília,Centro-Oeste,1994,2,22.224999999999998,26.75714285714286,18.407142857142855,157.4,10.267857142857142,22.62607142857143
Brasília,Centro-Oeste,1994,3,20.845161290322583,24.851612903225806,17.780645161290323,321.0,12.37741935483871,16.67290322580645
Brasília,Centro-Oeste,1994,4,20.69,25.163333333333334,17.15,146.5,13.576666666666666,18.181333333333335
Brasília,Centro-Oeste,1994,5,20.864516129032257,25.996774193548386,16.432258064516127,8.9,12.351612903225806,18.00774193548387
Brasília,Centro-Oeste,1994,6,19.34,24.60666666666667,14.476666666666667,18.4,13.796666666666665,16.079666666666665
Brasília,Centro-Oeste,1994,7,18.570967741935487,24.048387096774192,13.425806451612903,0.30000000000000004,15.670967741935485,16.94516129032258
Brasília,Centro-Oeste,1994,8,20.98709677419355,27.138709677419353,14.90967741935484,0.0,14.383870967741935,21.362903225806452
Brasília,Centro-Oeste,1994,9,23.740000000000002,29.65,17.743333333333332,3.2,16.103333333333335,23.985
Brasília,Centro-Oeste,1994,10,24.093548387096774,29.687096774193545,18.929032258064513,82.4,14.696774193548388,23.674838709677417
Brasília,Centro-Oeste,1994,11,21.813333333333333,26.27,18.173333333333336,277.4,13.733333333333333,18.740666666666666
Brasília,Centro-Oeste,1994,12,21.65806451612903,25.88064516129032,18.374193548387098,188.1,12.23225806451613,19.29774193548387
Brasília,Centro-Oeste,1995,1,22.09032258064516,26.55483870967742,18.306451612903224,170.1,11.05483870967742,21.337741935483873
Brasília,Centro-Oeste,1995,2,21.50714285714286,25.59642857142857,18.339285714285715,198.7,13.049999999999999,18.731428571428573
Brasília,Centro-Oeste,1995,3,21.770967741935483,26.083870967741937,18.451612903225808,204.6,11.790322580645162,19.241935483870968
Brasília,Centro-Oeste,1995,4,20.676666666666666,24.69,17.613333333333333,134.8,12.93,15.396999999999998
Brasília,Centro-Oeste,1995,5,19.835483870967742,24.174193548387095,16.183870967741935,87.8,11.764516129032257,15.496451612903225
Brasília,Centro-Oeste,1995,6,18.796666666666667,24.4,13.75,0.0,13.723333333333333,17.296666666666667
Brasília,Centro-Oeste,1995,7,19.748387096774195,24.93548387096774,14.838709677419354,0.0,14.941935483870967,17.008064516129032
Brasília,Centro-Oeste,1995,8,21.39032258064516,27.335483870967742,15.76774193548387,0.0,14.609677419354838,20.761935483870968
Brasília,Centro-Oeste,1995,9,23.066666666666666,28.88,17.583333333333332,13.8,16.916666666666668,21.727
Brasília,Centro-Oeste,1995,10,23.03548387096774,28.364516129032257,18.574193548387097,133.8,12.54516129032258,22.09967741935484
Brasília,Centro-Oeste,1995,11,20.766666666666666,25.009999999999998,17.566666666666666,242.9,12.583333333333334,18.36733333333333
Brasília,Centro-Oeste,1995,12,21.11935483870968,25.032258064516128,18.106451612903225,199.7,14.212903225806452,18.04741935483871
Brasília,Centro-Oeste,1996,1,22.048387096774192,26.274193548387096,18.24516129032258,113.4,11.241935483870968,22.265806451612903
Brasília,Centro-Oeste,1996,2,22.655172413793103,27.400000000000002,18.74137931034483,150.4,10.73448275862069,22.697586206896553
Brasília,Centro-Oeste,1996,3,21.81935483870968,26.30322580645161,18.43548387096774,245.5,10.33548387096774,19.434193548387096
Brasília,Centro-Oeste,1996,4,20.916666666666668,25.09,17.40666666666667,87.39999999999999,13.643333333333334,18.166666666666668
Brasília,Centro-Oeste,1996,5,20.225806451612904,25.051612903225806,16.087096774193547,54.3,12.216129032258063,16.646129032258063
Brasília,Centro-Oeste,1996,6,18.55,24.113333333333333,13.626666666666667,1.5999999999999999,14.29,17.116333333333333
Brasília,Centro-Oeste,1996,7,19.312903225806455,25.138709677419353,13.761290322580646,1.2,14.429032258064517,18.74516129032258
Brasília,Centro-Oeste,1996,8,21.03548387096774,26.83225806451613,15.806451612903226,26.8,15.219354838709679,19.62677419354839
Brasília,Centro-Oeste,1996,9,22.913333333333334,28.636666666666667,17.873333333333335,31.2,16.30333333333333,21.670333333333335
Brasília,Centro-Oeste,1996,10,22.193548387096776,26.980645161290322,18.241935483870968,190.9,11.770967741935483,20.74483870967742
Brasília,Centro-Oeste,1996,11,20.503333333333334,24.35666666666667,17.513333333333332,261.2,14.85,16.927
Brasília,Centro-Oeste,1996,12,21.63225806451613,25.845161290322583,18.14516129032258,271.9,11.48709677419355,20.31451612903226
Brasília,Centro-Oeste,1997,1,20.780645161290323,24.74516129032258,17.89032258064516,323.09999999999997,12.59032258064516,17.614516129032257
Brasília,Centro-Oeste,1997,2,21.325,25.960714285714285,17.521428571428572,143.2,14.489285714285714,22.584285714285716
Brasília,Centro-Oeste,1997,3,20.27741935483871,23.864516129032257,17.641935483870967,320.5,13.09032258064516,15.473225806451614
Brasília,Centro-Oeste,1997,4,19.836666666666666,24.209999999999997,16.486666666666668,174.9,11.08,16.357
Brasília,Centro-Oeste,1997,5,18.848387096774193,23.396774193548385,14.667741935483871,44.8,13.738709677419354,17.33225806451613
Brasília,Centro-Oeste,1997,6,18.55666666666667,23.696666666666665,14.036666666666667,47.5,11.46,16.262333333333334
Brasília,Centro-Oeste,1997,7,18.451612903225808,24.061290322580643,13.225806451612904,0.0,14.76774193548387,18.141935483870967
Brasília,Centro-Oeste,1997,8,20.364516129032257,26.548387096774192,14.358064516129033,0.6000000000000001,15.283870967741937,21.450645161290325
Brasília,Centro-Oeste,1997,9,23.983333333333334,29.426666666666666,18.8,76.5,11.4,21.30666666666667
Brasília,Centro-Oeste,1997,10,23.55806451612903,28.90967741935484,19.01290322580645,161.0,13.02258064516129,22.634838709677418
Brasília,Centro-Oeste,1997,11,22.96333333333333,27.776666666666664,19.0,210.7,11.663333333333332,22.601
Brasília,Centro-Oeste,1997,12,21.983870967741936,26.212903225806453,18.73225806451613,230.8,12.406451612903227,19.815483870967743
Brasília,Centro-Oeste,1998,1,22.432258064516127,26.748387096774195,18.76774193548387,261.1,10.716129032258063,21.15225806451613
Brasília,Centro-Oeste,1998,2,22.789285714285715,26.88214285714286,19.55,242.2,10.514285714285714,19.5975
Brasília,Centro-Oeste,1998,3,22.893548387096775,27.451612903225808,19.30322580645161,200.2,11.574193548387097,21.14741935483871
Brasília,Centro-Oeste,1998,4,23.246666666666666,27.966666666666665,19.303333333333335,41.4,12.889999999999999,19.962333333333333
Brasília,Centro-Oeste,1998,5,20.993548387096773,25.925806451612903,16.82903225806452,46.8,13.264516129032257,17.131290322580647
Brasília,Centro-Oeste,1998,6,19.98,25.323333333333334,15.253333333333334,5.5,14.55,16.791333333333334
Brasília,Centro-Oeste,1998,7,20.174193548387095,25.870967741935484,14.600000000000001,0.0,15.041935483870969,18.26225806451613
Brasília,Centro-Oeste,1998,8,22.664516129032258,28.30322580645161,16.980645161290322,0.0,16.34516129032258,19.9541935483871
Brasília,Centro-Oeste,1998,9,24.966666666666665,30.83,19.296666666666667,0.30000000000000004,16.953333333333333,22.787
Brasília,Centro-Oeste,1998,10,23.1,28.07741935483871,19.135483870967743,135.5,14.712903225806452,20.698709677419355
Brasília,Centro-Oeste,1998,11,20.88,25.13,17.78666666666667,331.3,10.33,17.584666666666667
Brasília,Centro-Oeste,1998,12,21.483870967741936,25.700000000000003,18.206451612903226,226.0,11.829032258064515,19.65838709677419
Brasília,Centro-Oeste,1999,1,21.896774193548385,26.280645161290323,18.506451612903227,192.4,12.758064516129032,20.891935483870967
Brasília,Centro-Oeste,1999,2,22.38214285714286,26.885714285714283,18.50714285714286,151.4,11.039285714285715,21.72
Brasília,Centro-Oeste,1999,3,21.280645161290323,25.654838709677417,17.822580645161292,265.5,11.764516129032257,18.648064516129033
Brasília,Centro-Oeste,1999,4,21.709999999999997,26.38,17.476666666666667,30.9,15.673333333333334,20.161333333333335
Brasília,Centro-Oeste,1999,5,20.032258064516128,25.335483870967742,15.351612903225806,24.0,14.693548387096774,18.03548387096774
Brasília,Centro-Oeste,1999,6,20.69,25.853333333333335,15.54,0.0,13.726666666666667,16.211333333333336
Brasília,Centro-Oeste,1999,7,19.951612903225808,25.238709677419354,14.796774193548387,0.4,17.0258064516129,17.679354838709674
Brasília,Centro-Oeste,1999,8,20.312903225806455,26.187096774193545,14.661290322580646,0.0,17.73225806451613,20.37548387096774
Brasília,Centro-Oeste,1999,9,22.68,28.259999999999998,17.720000000000002,56.0,15.2,21.031
Brasília,Centro-Oeste,1999,10,21.848387096774193,26.74516129032258,17.799999999999997,188.3,14.116129032258065,20.48516129032258
Brasília,Centro-Oeste,1999,11,20.633333333333333,25.083333333333332,17.303333333333335,242.29999999999998,11.956666666666667,19.502333333333333
Brasília,Centro-Oeste,1999,12,21.148387096774194,25.41290322580645,17.848387096774193,232.6,13.416129032258064,20.155806451612904
Brasília,Centro-Oeste,2000,1,21.31935483870968,25.703225806451613,17.848387096774193,197.3,13.680645161290323,19.924516129032256
Brasília,Centro-Oeste,2000,2,21.275862068965516,25.555172413793105,17.86896551724138,200.9,12.93448275862069,20.358275862068965
Brasília,Centro-Oeste,2000,3,21.016129032258064,25.151612903225807,17.738709677419354,234.6,13.412903225806453,18.449032258064516
Brasília,Centro-Oeste,2000,4,20.973333333333336,25.686666666666667,16.896666666666665,58.7,13.523333333333333,19.439666666666668
Brasília,Centro-Oeste,2000,5,20.9741935483871,26.23225806451613,15.841935483870968,1.0,12.183870967741935,18.73032258064516
Brasília,Centro-Oeste,2000,6,19.813333333333333,25.529999999999998,14.296666666666665,0.0,13.323333333333332,17.851999999999997
Brasília,Centro-Oeste,2000,7,19.641935483870967,25.34193548387097,14.206451612903225,0.9,14.774193548387096,17.443870967741937
Brasília,Centro-Oeste,2000,8,21.98709677419355,27.651612903225807,16.24516129032258,0.8,15.35483870967742,19.50709677419355
Brasília,Centro-Oeste,2000,9,22.066666666666666,27.163333333333334,17.403333333333332,53.800000000000004,16.276666666666667,21.374333333333333
Brasília,Centro-Oeste,2000,10,23.92258064516129,29.35483870967742,18.703225806451613,93.0,13.583870967741936,23.471290322580646
Brasília,Centro-Oeste,2000,11,20.923333333333336,24.956666666666667,17.89333333333333,227.7,13.93,18.268666666666665
Brasília,Centro-Oeste,2000,12,21.093548387096774,25.05483870967742,18.080645161290324,333.6,12.374193548387098,17.140645161290323
Brasília,Centro-Oeste,2001,1,21.6,26.009677419354837,17.664516129032258,157.6,12.19032258064516,22.684193548387096
Brasília,Centro-Oeste,2001,2,22.49285714285714,27.482142857142858,18.060714285714287,128.9,10.74642857142857,23.819285714285716
Brasília,Centro-Oeste,2001,3,21.18064516129032,25.661290322580644,17.664516129032258,224.9,11.048387096774194,19.036129032258064
Brasília,Centro-Oeste,2001,4,21.45,26.303333333333335,17.053333333333335,38.5,13.923333333333334,20.573666666666668
Brasília,Centro-Oeste,2001,5,21.22258064516129,26.561290322580643,16.52258064516129,18.400000000000002,11.864516129032259,18.031935483870967
Brasília,Centro-Oeste,2001,6,19.903333333333332,25.16,14.783333333333333,0.4,14.34,17.179333333333332
Brasília,Centro-Oeste,2001,7,20.148387096774194,25.651612903225807,14.832258064516129,0.2,14.461290322580645,18.015483870967742
Brasília,Centro-Oeste,2001,8,20.187096774193545,25.76774193548387,14.912903225806453,5.0,17.15806451612903,20.283548387096772
Brasília,Centro-Oeste,2001,9,22.529999999999998,28.14333333333333,17.59,44.9,14.976666666666667,21.070333333333334
Brasília,Centro-Oeste,2001,10,21.635483870967743,26.34193548387097,17.758064516129032,163.4,13.570967741935483,20.269032258064517
Brasília,Centro-Oeste,2001,11,21.37,25.65,18.203333333333333,287.7,10.639999999999999,17.974666666666668
Brasília,Centro-Oeste,2001,12,21.432258064516127,25.52258064516129,18.183870967741935,189.0,13.374193548387098,19.01806451612903
Brasília,Centro-Oeste,2002,1,21.258064516129032,25.348387096774193,18.16774193548387,308.0,13.861290322580645,18.780967741935484
Brasília,Centro-Oeste,2002,2,21.349999999999998,25.474999999999998,18.282142857142855,250.6,11.032142857142857,18.56607142857143
Brasília,Centro-Oeste,2002,3,21.845161290322583,26.506451612903227,18.04516129032258,166.6,12.629032258064516,20.43548387096774
Brasília,Centro-Oeste,2002,4,21.69333333333333,26.59,17.209999999999997,27.0,14.03,20.242666666666665
Brasília,Centro-Oeste,2002,5,21.296774193548387,26.532258064516128,16.49032258064516,8.1,13.693548387096774,18.37483870967742
Brasília,Centro-Oeste,2002,6,19.623333333333335,25.116666666666667,14.333333333333334,0.0,15.229999999999999,17.104666666666667
Brasília,Centro-Oeste,2002,7,20.751612903225805,26.04516129032258,15.5,0.9,14.103225806451613,16.949677419354842
Brasília,Centro-Oeste,2002,8,21.758064516129032,27.56451612903226,16.06451612903226,0.2,16.45483870967742,20.533870967741933
Brasília,Centro-Oeste,2002,9,22.506666666666668,28.14,17.516666666666666,46.3,16.12666666666667,21.230666666666664
Brasília,Centro-Oeste,2002,10,25.809677419354838,31.20967741935484,20.12258064516129,25.6,13.451612903225806,23.708064516129035
Brasília,Centro-Oeste,2002,11,22.55,26.953333333333333,18.646666666666665,172.9,11.793333333333333,21.046666666666667
Brasília,Centro-Oeste,2002,12,22.429032258064513,26.91290322580645,19.151612903225807,279.4,11.887096774193548,19.155806451612904
Brasília,Centro-Oeste,2003,1,21.76451612903226,25.751612903225805,18.89032258064516,200.5,13.103225806451613,18.256129032258066
Brasília,Centro-Oeste,2003,2,22.092857142857145,26.47142857142857,18.414285714285715,105.2,12.928571428571429,22.008214285714285
Brasília,Centro-Oeste,2003,3,21.312903225806455,25.55806451612903,18.309677419354838,245.20000000000002,10.806451612903226,17.636129032258065
Brasília,Centro-Oeste,2003,4,21.279999999999998,25.816666666666666,17.513333333333332,69.7,13.43,18.736333333333334
Brasília,Centro-Oeste,2003,5,20.183870967741935,25.39032258064516,15.577419354838709,31.4,13.864516129032259,17.661612903225805
Brasília,Centro-Oeste,2003,6,19.37,25.14333333333333,14.163333333333332,0.0,12.79,18.002666666666666
Brasília,Centro-Oeste,2003,7,18.703225806451613,24.490322580645163,13.170967741935485,0.0,15.229032258064517,18.366129032258065
Brasília,Centro-Oeste,2003,8,21.106451612903225,26.774193548387096,15.932258064516128,27.3,13.806451612903226,19.073548387096775
Brasília,Centro-Oeste,2003,9,22.903333333333332,28.509999999999998,17.66,27.3,15.51,21.387333333333334
Brasília,Centro-Oeste,2003,10,22.81935483870968,28.05806451612903,18.07741935483871,49.800000000000004,13.880645161290323,21.770967741935483
Brasília,Centro-Oeste,2003,11,22.09333333333333,26.86,18.363333333333333,171.3,12.29,21.043666666666663
Brasília,Centro-Oeste,2003,12,23.154838709677417,28.05483870967742,19.190322580645162,153.5,12.793548387096775,22.148709677419355
Brasília,Centro-Oeste,2004,1,20.967741935483872,24.46451612903226,18.677419354838708,458.1,14.109677419354838,14.797419354838711
Brasília,Centro-Oeste,2004,2,20.551724137931036,24.07241379310345,17.910344827586208,318.7,11.689655172413794,15.142758620689655
Brasília,Centro-Oeste,2004,3,20.887096774193548,25.24516129032258,17.51290322580645,212.4,11.048387096774194,18.43
Brasília,Centro-Oeste,2004,4,20.68,25.11,17.05,146.2,11.176666666666668,17.423333333333336
Brasília,Centro-Oeste,2004,5,20.932258064516127,25.809677419354838,16.35483870967742,2.0,12.935483870967742,16.861612903225808
Brasília,Centro-Oeste,2004,6,19.066666666666666,24.41,13.763333333333332,0.4,14.629999999999999,17.316666666666666
Brasília,Centro-Oeste,2004,7,18.580645161290324,24.083870967741937,13.419354838709678,0.7,16.18064516129032,17.913870967741936
Brasília,Centro-Oeste,2004,8,20.85483870967742,26.883870967741935,14.829032258064515,0.0,15.13225806451613,21.01806451612903
Brasília,Centro-Oeste,2004,9,23.956666666666667,30.243333333333332,17.573333333333334,0.0,16.05,25.041999999999998
Brasília,Centro-Oeste,2004,10,23.9,29.270967741935483,19.287096774193547,92.8,14.458064516129031,21.85967741935484
Brasília,Centro-Oeste,2004,11,22.6,27.173333333333336,18.716666666666665,89.6,14.6,21.450333333333333
Brasília,Centro-Oeste,2004,12,21.845161290322583,26.335483870967742,18.241935483870968,196.1,11.983870967741936,20.412258064516127
Brasília,Centro-Oeste,2005,1,21.683870967741935,25.86774193548387,18.641935483870967,265.0,12.593548387096773,18.618709677419353
Brasília,Centro-Oeste,2005,2,21.985714285714288,26.25357142857143,18.45,144.9,12.010714285714286,20.79
Brasília,Centro-Oeste,2005,3,21.403225806451612,25.606451612903225,18.309677419354838,288.1,9.680645161290323,17.411290322580644
Brasília,Centro-Oeste,2005,4,21.723333333333336,26.56,17.509999999999998,46.8,13.54,20.062
Brasília,Centro-Oeste,2005,5,20.074193548387097,25.154838709677417,15.558064516129033,12.6,15.070967741935483,17.92225806451613
Brasília,Centro-Oeste,2005,6,19.470000000000002,24.653333333333332,14.773333333333333,0.5,15.406666666666666,16.557333333333336
Brasília,Centro-Oeste,2005,7,18.896774193548385,24.44516129032258,13.693548387096774,0.0,15.419354838709678,17.70451612903226
Brasília,Centro-Oeste,2005,8,21.345161290322583,27.0258064516129,15.725806451612904,2.4,15.735483870967743,20.508064516129032
Brasília,Centro-Oeste,2005,9,23.91,29.233333333333334,18.996666666666666,27.5,15.073333333333332,21.442666666666664
Brasília,Centro-Oeste,2005,10,25.519354838709678,30.980645161290322,19.94193548387097,37.3,14.283870967741937,24.141290322580645
Brasília,Centro-Oeste,2005,11,21.45,25.763333333333332,18.509999999999998,316.8,12.553333333333335,17.85033333333333
Brasília,Centro-Oeste,2005,12,20.570967741935487,24.612903225806452,17.629032258064516,351.1,11.961290322580645,16.64741935483871
Brasília,Centro-Oeste,2006,1,22.061290322580643,26.79032258064516,18.003225806451614,128.9,13.62258064516129,22.154193548387095
Brasília,Centro-Oeste,2006,2,22.09642857142857,26.532142857142855,18.664285714285715,217.0,11.321428571428571,21.04357142857143
Brasília,Centro-Oeste,2006,3,21.125806451612902,25.05483870967742,18.293548387096774,314.9,10.429032258064517,16.13774193548387
Brasília,Centro-Oeste,2006,4,20.55,24.946666666666665,17.136666666666667,127.5,11.93,17.209333333333333
Brasília,Centro-Oeste,2006,5,20.070967741935487,25.164516129032258,15.251612903225807,4.5,11.151612903225805,18.32193548387097
Brasília,Centro-Oeste,2006,6,18.803333333333335,24.05666666666667,13.786666666666667,0.1,15.07,17.082333333333334
Brasília,Centro-Oeste,2006,7,19.093548387096774,24.703225806451613,13.883870967741935,2.2,13.548387096774194,16.888387096774192
Brasília,Centro-Oeste,2006,8,21.725806451612904,27.451612903225808,16.16774193548387,8.3,15.14516129032258,20.248387096774195
Brasília,Centro-Oeste,2006,9,22.39333333333333,27.98,17.233333333333334,60.3,14.886666666666667,21.209666666666667
Brasília,Centro-Oeste,2006,10,20.822580645161292,24.90967741935484,17.654838709677417,295.1,11.712903225806452,16.612903225806452
Brasília,Centro-Oeste,2006,11,21.063333333333333,25.266666666666666,17.816666666666666,273.2,12.293333333333333,18.707
Brasília,Centro-Oeste,2006,12,21.67096774193548,25.825806451612905,18.532258064516128,261.8,11.238709677419354,18.538709677419355
Brasília,Centro-Oeste,2007,1,22.05806451612903,26.251612903225805,18.970967741935485,232.8,11.093548387096773,18.759999999999998
Brasília,Centro-Oeste,2007,2,20.8,24.45357142857143,17.95714285714286,263.9,14.335714285714285,16.457857142857144
Brasília,Centro-Oeste,2007,3,22.161290322580644,27.083870967741937,17.52258064516129,32.1,14.951612903225806,23.048709677419353
Brasília,Centro-Oeste,2007,4,21.996666666666666,26.696666666666665,17.773333333333333,43.8,13.283333333333333,19.000333333333334
Brasília,Centro-Oeste,2007,5,21.219354838709677,26.61935483870968,16.15483870967742,1.5,14.361290322580645,18.397096774193546
Brasília,Centro-Oeste,2007,6,19.766666666666666,25.353333333333335,14.373333333333333,0.5,14.68,17.37066666666667
Brasília,Centro-Oeste,2007,7,20.461290322580645,26.083870967741937,14.935483870967742,0.7999999999999999,14.541935483870969,17.88032258064516
Brasília,Centro-Oeste,2007,8,20.270967741935483,26.419354838709676,14.283870967741937,0.0,17.64516129032258,21.865483870967743
Brasília,Centro-Oeste,2007,9,23.56,29.526666666666664,17.456666666666667,0.0,18.733333333333334,24.517
Brasília,Centro-Oeste,2007,10,24.91290322580645,30.51290322580645,19.529032258064515,29.8,14.696774193548388,23.710967741935484
Brasília,Centro-Oeste,2007,11,23.116666666666667,28.103333333333335,19.05666666666667,156.5,12.576666666666666,21.140333333333334
Brasília,Centro-Oeste,2007,12,21.6,25.825806451612905,18.125806451612902,224.0,12.33548387096774,19.888709677419353
Brasília,Centro-Oeste,2008,1,21.638709677419353,25.748387096774195,18.23548387096774,200.1,12.058064516129033,18.873870967741937
Brasília,Centro-Oeste,2008,2,21.406896551724138,25.7448275862069,18.23793103448276,251.3,11.03448275862069,19.94551724137931
Brasília,Centro-Oeste,2008,3,20.741935483870968,24.825806451612905,17.55483870967742,245.4,11.364516129032259,17.274193548387096
Brasília,Centro-Oeste,2008,4,21.166666666666668,25.543333333333333,17.45,112.39999999999999,11.94,18.276666666666664
Brasília,Centro-Oeste,2008,5,20.212903225806453,25.419354838709676,15.403225806451612,0.7,13.067741935483872,18.40967741935484
Brasília,Centro-Oeste,2008,6,19.453333333333333,24.733333333333334,14.41,0.0,14.046666666666665,17.08
Brasília,Centro-Oeste,2008,7,18.703225806451613,24.574193548387097,12.938709677419354,0.0,15.609677419354838,18.668709677419354
Brasília,Centro-Oeste,2008,8,21.41290322580645,27.44516129032258,15.40967741935484,1.1,15.016129032258064,21.285806451612903
Brasília,Centro-Oeste,2008,9,23.576666666666664,29.576666666666664,17.759999999999998,42.699999999999996,13.796666666666665,22.311666666666667
Brasília,Centro-Oeste,2008,10,25.038709677419355,30.770967741935483,19.370967741935484,24.5,15.77741935483871,24.440322580645162
Brasília,Centro-Oeste,2008,11,22.21333333333333,26.613333333333333,18.709999999999997,211.9,12.723333333333333,17.917333333333332
Brasília,Centro-Oeste,2008,12,20.738709677419354,24.338709677419356,18.016129032258064,289.2,12.793548387096775,15.979354838709678
Brasília,Centro-Oeste,2009,1,21.835483870967742,25.84193548387097,18.393548387096775,228.6,12.577419354838709,20.456774193548387
Brasília,Centro-Oeste,2009,2,21.99642857142857,26.285714285714285,18.417857142857144,182.20000000000002,11.271428571428572,21.326428571428572
Brasília,Centro-Oeste,2009,3,22.125806451612902,26.729032258064517,18.593548387096774,194.3,11.535483870967743,20.187419354838706
Brasília,Centro-Oeste,2009,4,20.490000000000002,24.563333333333333,17.413333333333334,178.6,11.896666666666667,16.10033333333333
Brasília,Centro-Oeste,2009,5,19.674193548387095,24.396774193548385,15.670967741935485,24.2,12.980645161290322,16.70258064516129
Brasília,Centro-Oeste,2009,6,19.490000000000002,24.686666666666667,14.576666666666666,3.0,12.896666666666667,16.102999999999998
Brasília,Centro-Oeste,2009,7,20.55483870967742,26.20967741935484,15.135483870967741,0.2,13.648387096774194,17.961290322580645
Brasília,Centro-Oeste,2009,8,20.848387096774193,26.34193548387097,15.719354838709679,38.3,16.12258064516129,18.911290322580644
Brasília,Centro-Oeste,2009,9,22.69333333333333,27.803333333333335,18.10666666666667,79.1,12.753333333333334,19.305
Brasília,Centro-Oeste,2009,10,22.061290322580643,26.925806451612903,18.419354838709676,279.7,10.093548387096773,19.39516129032258
Brasília,Centro-Oeste,2009,11,22.383333333333333,26.673333333333336,18.60666666666667,118.2,10.9,20.733
Brasília,Centro-Oeste,2009,12,21.229032258064517,25.106451612903225,18.37741935483871,306.7,13.358064516129033,17.780645161290323
Brasília,Centro-Oeste,2010,1,22.074193548387097,26.5258064516129,18.358064516129033,187.8,11.661290322580646,21.298387096774192
Brasília,Centro-Oeste,2010,2,22.803571428571427,27.428571428571427,18.917857142857144,131.0,12.471428571428572,22.87357142857143
Brasília,Centro-Oeste,2010,3,22.02258064516129,26.35483870967742,18.74516129032258,173.5,12.470967741935485,19.323548387096775
Brasília,Centro-Oeste,2010,4,21.19,25.959999999999997,16.953333333333333,87.2,13.726666666666667,19.530666666666665
Brasília,Centro-Oeste,2010,5,21.91290322580645,27.496774193548386,16.712903225806453,4.6000000000000005,12.464516129032257,18.480967741935483
Brasília,Centro-Oeste,2010,6,19.873333333333335,25.90666666666667,14.370000000000001,0.6,13.916666666666666,17.843
Brasília,Centro-Oeste,2010,7,19.929032258064513,25.529032258064515,14.635483870967741,0.0,17.009677419354837,18.072580645161292
Brasília,Centro-Oeste,2010,8,20.838709677419356,27.316129032258065,14.312903225806451,0.0,15.935483870967742,22.219032258064516
Brasília,Centro-Oeste,2010,9,24.0,30.256666666666668,17.526666666666664,7.6,17.116666666666667,24.055666666666664
Brasília,Centro-Oeste,2010,10,23.312903225806455,28.293548387096774,19.154838709677417,186.6,11.964516129032257,19.81096774193548
Brasília,Centro-Oeste,2010,11,21.183333333333334,25.34333333333333,18.043333333333333,247.7,11.47,18.421
Brasília,Centro-Oeste,2010,12,21.75483870967742,25.774193548387096,18.567741935483873,260.9,11.061290322580644,18.92290322580645
Brasília,Centro-Oeste,2011,1,21.299999999999997,25.15806451612903,18.074193548387097,200.4,13.616129032258065,18.655806451612904
Brasília,Centro-Oeste,2011,2,22.04642857142857,26.417857142857144,18.482142857142858,187.0,10.146428571428572,21.0225
Brasília,Centro-Oeste,2011,3,20.929032258064513,24.97741935483871,18.116129032258065,218.0,13.025806451612903,16.31774193548387
Brasília,Centro-Oeste,2011,4,20.966666666666665,25.746666666666666,16.8,48.7,14.926666666666668,19.318666666666665
Brasília,Centro-Oeste,2011,5,20.374193548387098,25.509677419354837,15.48709677419355,3.9,14.483870967741936,18.061612903225804
Brasília,Centro-Oeste,2011,6,19.956666666666667,25.423333333333336,14.6,0.5,13.43,16.944
Brasília,Centro-Oeste,2011,7,19.883870967741935,25.81935483870968,14.151612903225805,0.0,15.170967741935485,18.664516129032258
Brasília,Centro-Oeste,2011,8,22.212903225806453,28.574193548387097,15.770967741935483,0.0,16.003225806451614,21.738387096774193
Brasília,Centro-Oeste,2011,9,23.64333333333333,29.756666666666668,17.473333333333336,2.1,16.56,24.218666666666664
Brasília,Centro-Oeste,2011,10,20.851612903225806,25.345161290322583,17.31935483870968,228.9,13.393548387096773,17.768387096774195
Brasília,Centro-Oeste,2011,11,20.263333333333332,24.283333333333335,17.063333333333333,266.6,13.343333333333334,18.545333333333335
Brasília,Centro-Oeste,2011,12,20.77741935483871,24.635483870967743,18.041935483870965,304.2,12.896774193548387,16.249354838709678
Brasília,Centro-Oeste,2012,1,20.835483870967742,24.883870967741935,17.68064516129032,238.8,11.97741935483871,18.705806451612904
Brasília,Centro-Oeste,2012,2,21.224137931034484,25.641379310344828,17.458620689655174,145.2,12.789655172413791,21.369655172413793
Brasília,Centro-Oeste,2012,3,21.825806451612905,26.532258064516128,17.845161290322583,194.6,11.735483870967743,21.168387096774193
Brasília,Centro-Oeste,2012,4,22.040000000000003,26.973333333333336,17.876666666666665,62.0,11.629999999999999,19.942333333333334
Brasília,Centro-Oeste,2012,5,19.725806451612904,24.361290322580647,15.825806451612904,32.1,14.670967741935485,15.706451612903225
Brasília,Centro-Oeste,2012,6,20.509999999999998,25.583333333333332,15.776666666666667,5.3,13.626666666666667,16.225666666666665
Brasília,Centro-Oeste,2012,7,19.951612903225808,25.664516129032258,14.399999999999999,0.0,15.170967741935485,18.046451612903223
Brasília,Centro-Oeste,2012,8,19.748387096774195,25.283870967741933,14.506451612903225,0.1,19.067741935483873,19.971290322580646
Brasília,Centro-Oeste,2012,9,23.64,29.35666666666667,17.946666666666665,12.9,15.466666666666667,21.860666666666667
Brasília,Centro-Oeste,2012,10,24.261290322580646,29.93548387096774,18.816129032258065,56.9,14.95483870967742,24.488064516129032
Brasília,Centro-Oeste,2012,11,21.19333333333333,25.220000000000002,18.33,336.2,12.056666666666667,16.94633333333333
Brasília,Centro-Oeste,2012,12,23.01290322580645,27.70967741935484,18.76451612903226,136.5,10.996774193548386,23.809032258064516
Brasília,Centro-Oeste,2013,1,21.154838709677417,24.76451612903226,18.509677419354837,372.2,11.77741935483871,15.70741935483871
Brasília,Centro-Oeste,2013,2,22.57857142857143,27.25357142857143,18.55,115.1,12.589285714285714,22.261071428571427
Brasília,Centro-Oeste,2013,3,22.177419354838708,26.309677419354838,19.01290322580645,202.9,11.69032258064516,18.240967741935485
Brasília,Centro-Oeste,2013,4,20.613333333333333,25.066666666666666,16.89,127.3,11.846666666666666,18.0
Brasília,Centro-Oeste,2013,5,20.822580645161292,25.958064516129035,16.006451612903227,12.4,13.048387096774194,18.11193548387097
Brasília,Centro-Oeste,2013,6,19.78666666666667,24.853333333333335,15.389999999999999,32.4,14.283333333333333,15.627
Brasília,Centro-Oeste,2013,7,20.141935483870967,25.561290322580643,14.874193548387098,0.2,15.341935483870968,17.47225806451613
Brasília,Centro-Oeste,2013,8,21.212903225806453,26.91290322580645,15.567741935483872,0.0,16.596774193548388,19.91
Brasília,Centro-Oeste,2013,9,23.053333333333335,28.506666666666668,17.78666666666667,13.7,16.773333333333333,20.537666666666667
Brasília,Centro-Oeste,2013,10,22.251612903225805,27.58709677419355,17.996774193548386,133.9,14.458064516129031,21.613548387096774
Brasília,Centro-Oeste,2013,11,21.846666666666668,26.376666666666665,18.13,207.8,12.756666666666666,20.809
Brasília,Centro-Oeste,2013,12,21.335483870967742,25.35483870967742,18.425806451612903,304.0,12.935483870967742,17.59032258064516
Brasília,Centro-Oeste,2014,1,22.1,26.719354838709677,17.96451612903226,175.3,12.287096774193548,23.904516129032256
Brasília,Centro-Oeste,2014,2,21.789285714285715,26.2,18.00357142857143,167.7,13.214285714285714,20.871785714285714
Brasília,Centro-Oeste,2014,3,20.9741935483871,25.174193548387095,17.806451612903224,279.3,12.396774193548387,17.67322580645161
Brasília,Centro-Oeste,2014,4,21.243333333333332,25.813333333333333,17.623333333333335,129.3,11.886666666666667,19.247
Brasília,Centro-Oeste,2014,5,20.700000000000003,25.993548387096773,15.764516129032257,2.6,12.406451612903227,18.391290322580645
Brasília,Centro-Oeste,2014,6,19.96333333333333,25.05666666666667,15.316666666666666,2.6,14.383333333333333,16.134333333333334
Brasília,Centro-Oeste,2014,7,19.73225806451613,25.103225806451615,14.587096774193547,1.7,15.925806451612903,17.323548387096775
Brasília,Centro-Oeste,2014,8,21.27741935483871,27.174193548387095,15.54516129032258,0.0,15.370967741935484,20.21
Brasília,Centro-Oeste,2014,9,24.153333333333332,29.86,18.58,18.0,14.953333333333335,22.728333333333335
Brasília,Centro-Oeste,2014,10,24.270967741935483,29.822580645161292,19.16774193548387,78.0,16.451612903225808,23.674193548387095
Brasília,Centro-Oeste,2014,11,21.836666666666666,26.396666666666665,18.403333333333332,235.1,11.303333333333335,19.907
Brasília,Centro-Oeste,2014,12,21.051612903225806,25.05806451612903,17.93548387096774,300.9,12.064516129032258,18.15064516129032
Brasília,Centro-Oeste,2015,1,23.60967741935484,28.570967741935487,18.822580645161292,62.6,11.483870967741936,23.825806451612905
Brasília,Centro-Oeste,2015,2,21.707142857142856,25.939285714285713,18.353571428571428,193.70000000000002,13.085714285714285,20.1525
Brasília,Centro-Oeste,2015,3,21.26451612903226,25.638709677419353,18.093548387096774,253.3,10.54516129032258,18.103225806451615
Brasília,Centro-Oeste,2015,4,21.15,25.41,17.976666666666667,214.7,10.69,16.462333333333333
Brasília,Centro-Oeste,2015,5,19.687096774193545,24.096774193548388,16.003225806451614,38.7,13.706451612903225,15.708387096774192
Brasília,Centro-Oeste,2015,6,19.616666666666667,24.56,15.116666666666667,0.30000000000000004,16.153333333333332,15.925999999999998
Brasília,Centro-Oeste,2015,7,20.248387096774195,25.48709677419355,15.283870967741937,1.1,14.8,16.63193548387097
Brasília,Centro-Oeste,2015,8,21.47741935483871,27.32903225806452,15.919354838709678,0.0,16.316129032258065,20.980645161290322
Brasília,Centro-Oeste,2015,9,24.84333333333333,30.776666666666664,19.373333333333335,28.5,13.879999999999999,21.971333333333334
Brasília,Centro-Oeste,2015,10,25.887096774193548,31.55483870967742,20.19677419354839,75.0,15.129032258064516,24.23516129032258
Brasília,Centro-Oeste,2015,11,23.703333333333333,28.68,19.486666666666668,213.8,11.736666666666668,21.98166666666667
Brasília,Centro-Oeste,2015,12,23.638709677419353,28.46451612903226,19.448387096774194,130.4,11.370967741935484,23.556129032258063
Brasília,Centro-Oeste,2016,1,21.30322580645161,24.603225806451615,18.990322580645163,342.2,14.86774193548387,14.410645161290324
Brasília,Centro-Oeste,2016,2,23.36551724137931,27.975862068965515,19.268965517241377,92.10000000000001,11.196551724137931,23.796206896551727
Brasília,Centro-Oeste,2016,3,22.641935483870967,27.02258064516129,18.96451612903226,174.2,12.058064516129033,19.631612903225808
Brasília,Centro-Oeste,2016,4,23.57,28.553333333333335,18.756666666666668,30.9,14.246666666666666,20.509
Brasília,Centro-Oeste,2016,5,21.98709677419355,27.151612903225807,17.154838709677417,5.4,12.48709677419355,18.216451612903228
Brasília,Centro-Oeste,2016,6,20.759999999999998,26.15666666666667,15.68,0.8999999999999999,13.776666666666667,17.045333333333335
Brasília,Centro-Oeste,2016,7,21.216129032258067,26.806451612903224,15.670967741935485,0.0,14.600000000000001,18.49451612903226
Brasília,Centro-Oeste,2016,8,22.345161290322583,28.14516129032258,16.761290322580646,10.9,14.948387096774193,19.58451612903226
Brasília,Centro-Oeste,2016,9,24.166666666666668,29.7,18.92,55.900000000000006,14.25,21.770666666666667
Brasília,Centro-Oeste,2016,10,23.703225806451613,28.764516129032256,19.206451612903226,97.2,14.26774193548387,22.359032258064516
Brasília,Centro-Oeste,2016,11,21.883333333333333,26.490000000000002,18.573333333333334,267.7,12.303333333333335,18.967333333333332
Brasília,Centro-Oeste,2016,12,22.458064516129035,26.92258064516129,18.583870967741937,172.8,12.87741935483871,22.943225806451615
Brasília,Centro-Oeste,2017,1,22.63225806451613,27.1,18.72258064516129,142.3,12.832258064516129,22.024838709677418
Brasília,Centro-Oeste,2017,2,21.49642857142857,25.775000000000002,18.307142857142857,162.1,14.532142857142857,20.837500000000002
Brasília,Centro-Oeste,2017,3,22.203225806451613,26.661290322580644,18.490322580645163,137.8,11.899999999999999,20.585483870967742
Brasília,Centro-Oeste,2017,4,22.07,26.4,18.533333333333335,27.4,13.673333333333334,18.244666666666667
Brasília,Centro-Oeste,2017,5,20.9741935483871,25.73225806451613,17.096774193548388,18.7,13.635483870967741,15.979354838709678
Brasília,Centro-Oeste,2017,6,19.66,24.896666666666665,15.336666666666668,0.9,16.133333333333333,15.761333333333333
Brasília,Centro-Oeste,2017,7,17.593548387096774,23.05806451612903,13.077419354838709,0.7,20.006451612903227,18.40225806451613
Brasília,Centro-Oeste,2017,8,22.093548387096774,28.551612903225806,16.44516129032258,0.0,15.44516129032258,21.38290322580645
Brasília,Centro-Oeste,2017,9,21.846666666666668,27.866666666666667,16.65,10.0,18.540000000000003,21.83966666666667
Brasília,Centro-Oeste,2017,10,24.45483870967742,30.280645161290323,19.258064516129032,74.6,17.72258064516129,21.391290322580645
Brasília,Centro-Oeste,2017,11,21.486666666666668,25.85666666666667,18.266666666666666,206.1,14.476666666666667,18.391333333333332
Brasília,Centro-Oeste,2017,12,21.42258064516129,25.361290322580647,18.25483870967742,236.1,13.061290322580644,18.316774193548387
Brasília,Centro-Oeste,2018,1,22.06451612903226,26.519354838709678,18.322580645161292,107.4,13.606451612903227,21.687741935483867
Brasília,Centro-Oeste,2018,2,21.464285714285715,25.714285714285715,18.292857142857144,212.7,13.807142857142859,19.79357142857143
Brasília,Centro-Oeste,2018,3,21.916129032258063,26.154838709677417,18.6,113.3,12.52258064516129,19.656774193548387
Brasília,Centro-Oeste,2018,4,20.186666666666667,24.14333333333333,17.216666666666665,102.8,14.366666666666667,15.902
Brasília,Centro-Oeste,2018,5,19.961290322580645,25.019354838709678,15.66451612903226,2.0,14.251612903225807,17.6658064516129
Brasília,Centro-Oeste,2018,6,19.83,25.176666666666666,14.99,0.30000000000000004,13.616666666666667,17.343
Brasília,Centro-Oeste,2018,7,19.64516129032258,25.603225806451615,14.422580645161291,0.1,14.30967741935484,19.35258064516129
Brasília,Centro-Oeste,2018,8,21.77741935483871,27.299999999999997,16.780645161290323,11.6,14.448387096774193,18.24483870967742
Brasília,Centro-Oeste,2018,9,23.3,29.21333333333333,17.773333333333333,26.8,14.71,20.991666666666667
Brasília,Centro-Oeste,2018,10,23.206451612903226,27.961290322580645,19.338709677419356,141.4,13.729032258064517,18.281290322580645
Brasília,Centro-Oeste,2018,11,20.923333333333336,24.753333333333334,18.14333333333333,284.1,14.426666666666668,16.29866666666667
Brasília,Centro-Oeste,2018,12,21.687096774193545,26.05483870967742,18.13225806451613,221.3,14.348387096774195,21.049032258064514
Brasília,Centro-Oeste,2019,1,22.845161290322583,27.64516129032258,18.596774193548388,52.9,13.851612903225806,23.998387096774195
Brasília,Centro-Oeste,2019,2,22.47142857142857,27.09642857142857,18.696428571428573,128.5,13.332142857142857,21.309285714285714
Brasília,Centro-Oeste,2019,3,21.68064516129032,26.048387096774192,18.58709677419355,187.9,13.390322580645162,18.60967741935484
Brasília,Centro-Oeste,2019,4,21.62,25.973333333333336,18.07,154.70000000000002,11.256666666666666,17.730666666666664
Brasília,Centro-Oeste,2019,5,21.006451612903227,25.780645161290323,16.951612903225808,62.8,11.670967741935485,17.167419354838707
Brasília,Centro-Oeste,2019,6,19.426666666666666,24.84,14.843333333333334,0.9,16.14,17.445
Brasília,Centro-Oeste,2019,7,19.23548387096774,25.25483870967742,13.919354838709678,0.0,15.86774193548387,18.605806451612903
Brasília,Centro-Oeste,2019,8,21.63225806451613,27.190322580645162,16.383870967741935,0.1,16.690322580645162,18.901612903225807
Brasília,Centro-Oeste,2019,9,24.596666666666668,30.683333333333334,18.813333333333333,8.200000000000001,16.393333333333334,21.584666666666667
Brasília,Centro-Oeste,2019,10,24.61935483870968,30.074193548387097,19.812903225806455,36.2,15.048387096774194,21.274193548387096
Brasília,Centro-Oeste,2019,11,23.290000000000003,28.003333333333334,19.403333333333332,125.3,15.1,20.873
Brasília,Centro-Oeste,2019,12,22.674193548387095,27.190322580645162,19.229032258064517,111.10000000000001,13.238709677419354,21.747741935483873
Brasília,Centro-Oeste,2020,1,22.316129032258065,26.4,19.0,307.3,16.322580645161292,20.868387096774192
Brasília,Centro-Oeste,2020,2,22.00689655172414,26.124137931034483,18.810344827586206,202.3,12.913793103448276,19.96379310344828
Brasília,Centro-Oeste,2020,3,21.287096774193547,25.27741935483871,18.161290322580644,221.4,13.570967741935483,17.851612903225806
Brasília,Centro-Oeste,2020,4,20.78666666666667,25.166666666666668,17.36,127.7,13.493333333333334,18.079666666666665
Brasília,Centro-Oeste,2020,5,18.948387096774194,24.148387096774194,14.741935483870968,25.4,12.929032258064517,17.574516129032258
Brasília,Centro-Oeste,2020,6,19.08,24.846666666666668,14.433333333333334,0.1,15.756666666666666,17.401
Brasília,Centro-Oeste,2020,7,19.287096774193547,25.14516129032258,14.161290322580646,0.0,17.835483870967742,19.113870967741935
Brasília,Centro-Oeste,2020,8,20.43548387096774,26.55483870967742,14.83548387096774,0.0,17.212903225806453,20.79225806451613
Brasília,Centro-Oeste,2020,9,23.290000000000003,29.276666666666664,17.566666666666666,11.4,15.639999999999999,22.58833333333333
Brasília,Centro-Oeste,2020,10,23.703225806451613,28.774193548387096,19.44193548387097,123.4,15.570967741935483,19.74741935483871
Brasília,Centro-Oeste,2020,11,21.403333333333332,25.726666666666667,17.953333333333333,128.2,14.506666666666666,19.841333333333335
Brasília,Centro-Oeste,2020,12,22.34193548387097,26.796774193548387,18.603225806451615,155.3,12.703225806451613,21.363225806451613
Brasília,Centro-Oeste,2021,1,22.151612903225807,26.596774193548388,18.177419354838708,117.0,12.516129032258064,22.68322580645161
Brasília,Centro-Oeste,2021,2,21.114285714285717,25.228571428571428,18.132142857142856,326.6,12.85,18.448928571428574
Brasília,Centro-Oeste,2021,3,21.38064516129032,25.970967741935485,17.516129032258064,57.2,13.067741935483872,20.59032258064516
Brasília,Centro-Oeste,2021,4,20.773333333333333,25.573333333333334,16.803333333333335,60.8,12.613333333333333,18.299666666666667
Brasília,Centro-Oeste,2021,5,20.33225806451613,25.674193548387095,15.496774193548386,1.5999999999999999,12.816129032258065,18.24225806451613
Brasília,Centro-Oeste,2021,6,19.56,25.173333333333336,14.743333333333334,9.0,13.870000000000001,17.78666666666667
Brasília,Centro-Oeste,2021,7,18.967741935483872,25.12258064516129,13.293548387096775,0.0,14.96774193548387,19.969354838709677
Brasília,Centro-Oeste,2021,8,20.961290322580645,26.845161290322583,15.306451612903226,0.30000000000000004,17.206451612903226,20.748387096774195
Brasília,Centro-Oeste,2021,9,25.063333333333333,30.946666666666665,18.993333333333332,9.600000000000001,15.846666666666666,21.698
Brasília,Centro-Oeste,2021,10,23.006451612903227,28.232258064516127,18.76774193548387,115.6,15.687096774193549,20.436129032258062
Brasília,Centro-Oeste,2021,11,21.196666666666665,25.3,18.053333333333335,187.6,15.72,18.223333333333336
Brasília,Centro-Oeste,2021,12,21.006451612903227,25.361290322580647,18.0,296.1,14.416129032258064,17.924838709677417
Brasília,Centro-Oeste,2022,1,21.10967741935484,25.4741935483871,17.700000000000003,187.5,16.280645161290323,21.035806451612903
Brasília,Centro-Oeste,2022,2,21.157142857142855,25.610714285714288,17.907142857142855,200.1,13.299999999999999,19.703928571428573
Brasília,Centro-Oeste,2022,3,21.932258064516127,26.793548387096774,17.848387096774193,64.9,15.161290322580646,23.023548387096774
Brasília,Centro-Oeste,2022,4,21.953333333333333,27.17,17.433333333333334,40.5,15.83,20.901
Brasília,Centro-Oeste,2022,5,19.75483870967742,25.56451612903226,14.86774193548387,8.299999999999999,14.503225806451614,18.970322580645163
Brasília,Centro-Oeste,2022,6,19.84,26.029999999999998,14.386666666666667,0.8999999999999999,15.120000000000001,18.755
Brasília,Centro-Oeste,2022,7,19.31935483870968,25.483870967741936,13.761290322580646,0.0,16.861290322580647,20.272903225806452
Brasília,Centro-Oeste,2022,8,21.43548387096774,27.67096774193548,15.687096774193549,0.0,17.274193548387096,21.11741935483871
Brasília,Centro-Oeste,2022,9,22.93,29.013333333333332,17.52,28.8,17.10666666666667,21.471999999999998
Brasília,Centro-Oeste,2022,10,22.967741935483872,28.700000000000003,18.396774193548385,78.2,17.622580645161293,22.14516129032258
Brasília,Centro-Oeste,2022,11,20.503333333333334,25.376666666666665,16.846666666666668,213.4,14.176666666666668,20.565333333333335
Brasília,Centro-Oeste,2022,12,20.509677419354837,24.60967741935484,17.783870967741933,271.5,16.24838709677419,17.32
Brasília,Centro-Oeste,2023,1,20.74516129032258,25.258064516129032,17.212903225806453,218.5,15.087096774193547,20.68548387096774
Brasília,Centro-Oeste,2023,2,22.289285714285715,27.317857142857143,18.071428571428573,55.7,13.1,23.97107142857143
Brasília,Centro-Oeste,2023,3,21.251612903225805,25.845161290322583,17.725806451612904,130.7,14.948387096774194,19.35225806451613
Brasília,Centro-Oeste,2023,4,20.676666666666666,25.486666666666668,17.293333333333333,85.3,14.883333333333333,17.910666666666668
Brasília,Centro-Oeste,2023,5,20.151612903225807,25.683870967741935,15.293548387096775,1.7000000000000002,13.96774193548387,19.452903225806452
Brasília,Centro-Oeste,2023,6,19.473333333333336,25.026666666666664,14.723333333333333,13.0,14.503333333333334,17.753666666666668
Brasília,Centro-Oeste,2023,7,20.05483870967742,25.95483870967742,14.858064516129033,0.4,15.69032258064516,18.075806451612905
Brasília,Centro-Oeste,2023,8,21.951612903225808,28.312903225806455,16.470967741935485,58.3,14.95483870967742,19.838064516129034
Brasília,Centro-Oeste,2023,9,23.986666666666668,29.923333333333336,18.833333333333332,28.3,15.729999999999999,21.776666666666664
Brasília,Centro-Oeste,2023,10,24.57741935483871,30.270967741935483,19.88064516129032,99.1,15.687096774193549,22.59967741935484
Brasília,Centro-Oeste,2023,11,24.256666666666668,29.93,19.36,114.8,14.016666666666667,24.207
Brasília,Centro-Oeste,2023,12,23.219354838709677,28.251612903225805,19.138709677419353,163.0,13.858064516129033,22.56451612903226
Brasília,Centro-Oeste,2024,1,21.883870967741935,26.07741935483871,18.57741935483871,186.8,12.629032258064516,19.880967741935486
Brasília,Centro-Oeste,2024,2,21.727586206896554,26.29655172413793,18.448275862068964,208.6,14.493103448275862,20.57862068965517
Brasília,Centro-Oeste,2024,3,22.548387096774192,26.961290322580645,19.09032258064516,109.6,12.48709677419355,19.911935483870966
Brasília,Centro-Oeste,2024,4,22.003333333333334,26.703333333333333,18.126666666666665,45.1,15.216666666666667,20.14966666666667
Brasília,Centro-Oeste,2024,5,21.061290322580643,26.793548387096774,16.051612903225806,0.0,15.548387096774194,20.062258064516133
Brasília,Centro-Oeste,2024,6,19.546666666666667,25.35,14.573333333333332,0.7,16.53666666666667,18.254
Brasília,Centro-Oeste,2024,7,19.63225806451613,25.729032258064517,14.051612903225807,0.0,16.44516129032258,19.860967741935486
Brasília,Centro-Oeste,2024,8,21.32903225806452,27.870967741935484,15.293548387096775,0.1,17.238709677419354,21.98709677419355
Brasília,Centro-Oeste,2024,9,24.763333333333332,31.28666666666667,18.53666666666667,0.0,18.19333333333333,23.730999999999998
Brasília,Centro-Oeste,2024,10,23.561290322580643,28.812903225806455,19.53548387096774,89.7,14.896774193548387,19.23193548387097
Brasília,Centro-Oeste,2024,11,21.09333333333333,25.456666666666667,18.086666666666666,305.2,13.729999999999999,19.392666666666667
Brasília,Centro-Oeste,2024,12,22.0,26.461290322580645,18.858064516129033,183.8,11.574193548387097,20.706451612903226
Cuiabá,Centro-Oeste,1980,1,26.103225806451615,30.080645161290324,23.061290322580643,223.0,10.69032258064516,19.721290322580646
Cuiabá,Centro-Oeste,1980,2,25.810344827586206,29.56896551724138,23.275862068965516,309.40000000000003,10.917241379310346,16.349310344827586
Cuiabá,Centro-Oeste,1980,3,26.806451612903224,31.164516129032258,22.929032258064513,129.4,9.087096774193547,22.12548387096774
Cuiabá,Centro-Oeste,1980,4,26.19,30.65666666666667,22.196666666666665,66.89999999999999,12.06,18.563
Cuiabá,Centro-Oeste,1980,5,24.806451612903224,30.041935483870965,20.248387096774195,54.9,11.041935483870969,16.17032258064516
Cuiabá,Centro-Oeste,1980,6,23.523333333333333,29.003333333333334,18.796666666666667,13.7,12.92,15.141666666666667
Cuiabá,Centro-Oeste,1980,7,23.62258064516129,30.125806451612902,17.91290322580645,3.6,13.674193548387096,16.926129032258064
Cuiabá,Centro-Oeste,1980,8,26.48709677419355,32.68387096774194,20.741935483870968,24.7,11.806451612903226,18.580322580645163
Cuiabá,Centro-Oeste,1980,9,25.666666666666668,31.240000000000002,20.73,96.4,13.110000000000001,20.442
Cuiabá,Centro-Oeste,1980,10,28.138709677419353,33.480645161290326,23.567741935483873,87.3,12.341935483870968,22.71516129032258
Cuiabá,Centro-Oeste,1980,11,26.56,31.05,23.10666666666667,137.1,13.406666666666666,19.434666666666665
Cuiabá,Centro-Oeste,1980,12,25.783870967741937,29.638709677419353,23.070967741935487,366.5,13.09032258064516,18.009354838709676
Cuiabá,Centro-Oeste,1981,1,26.17096774193548,30.141935483870967,23.151612903225807,272.7,11.848387096774195,19.637096774193548
Cuiabá,Centro-Oeste,1981,2,26.664285714285715,31.025000000000002,23.20357142857143,177.7,9.542857142857143,22.974285714285713
Cuiabá,Centro-Oeste,1981,3,25.848387096774193,29.661290322580644,23.225806451612904,278.5,9.638709677419355,16.098064516129032
Cuiabá,Centro-Oeste,1981,4,26.133333333333333,30.516666666666666,22.13,28.3,11.236666666666668,19.302666666666667
Cuiabá,Centro-Oeste,1981,5,25.751612903225805,31.080645161290324,20.748387096774195,4.4,10.912903225806453,17.36032258064516
Cuiabá,Centro-Oeste,1981,6,21.246666666666666,26.279999999999998,16.973333333333333,67.19999999999999,11.986666666666668,13.655
Cuiabá,Centro-Oeste,1981,7,21.19677419354839,27.187096774193545,15.85483870967742,0.9,14.435483870967742,16.787419354838708
Cuiabá,Centro-Oeste,1981,8,26.0,32.483870967741936,20.0258064516129,0.30000000000000004,12.32258064516129,19.643225806451614
Cuiabá,Centro-Oeste,1981,9,26.276666666666664,32.15,20.636666666666667,25.500000000000004,13.71,20.974
Cuiabá,Centro-Oeste,1981,10,26.212903225806453,30.583870967741937,22.64516129032258,172.8,11.193548387096774,20.353548387096776
Cuiabá,Centro-Oeste,1981,11,26.373333333333335,30.336666666666666,23.27,188.0,11.523333333333333,20.03533333333333
Cuiabá,Centro-Oeste,1981,12,26.606451612903225,30.516129032258064,23.654838709677417,233.3,10.832258064516129,20.161290322580644
Cuiabá,Centro-Oeste,1982,1,25.383870967741935,29.051612903225806,22.729032258064517,328.2,10.219354838709679,16.913548387096775
Cuiabá,Centro-Oeste,1982,2,26.014285714285712,30.22142857142857,23.025000000000002,185.8,9.092857142857143,20.085
Cuiabá,Centro-Oeste,1982,3,25.361290322580647,29.112903225806452,22.54516129032258,237.8,9.538709677419355,16.358709677419355
Cuiabá,Centro-Oeste,1982,4,24.87,29.146666666666665,21.759999999999998,124.1,9.120000000000001,16.982
Cuiabá,Centro-Oeste,1982,5,23.864516129032257,28.64516129032258,19.73225806451613,24.2,11.074193548387097,16.262903225806454
Cuiabá,Centro-Oeste,1982,6,24.82,30.046666666666667,20.396666666666665,11.4,13.063333333333333,14.958666666666666
Cuiabá,Centro-Oeste,1982,7,25.190322580645162,31.6,19.603225806451615,8.2,11.51290322580645,16.723548387096773
Cuiabá,Centro-Oeste,1982,8,26.0,31.919354838709676,20.76451612903226,21.8,11.551612903225807,18.20709677419355
Cuiabá,Centro-Oeste,1982,9,26.02,30.90666666666667,21.98,107.39999999999999,12.270000000000001,19.868333333333332
Cuiabá,Centro-Oeste,1982,10,26.529032258064515,30.94193548387097,23.093548387096774,138.6,11.070967741935483,20.63
Cuiabá,Centro-Oeste,1982,11,26.833333333333332,30.886666666666667,23.483333333333334,229.2,10.686666666666667,21.377666666666666
Cuiabá,Centro-Oeste,1982,12,25.9741935483871,29.74516129032258,23.09032258064516,293.0,10.345161290322581,19.57774193548387
Cuiabá,Centro-Oeste,1983,1,26.53548387096774,30.40967741935484,23.925806451612903,261.4,12.070967741935483,18.36935483870968
Cuiabá,Centro-Oeste,1983,2,26.664285714285715,30.682142857142857,23.553571428571427,199.0,10.917857142857143,19.01571428571429
Cuiabá,Centro-Oeste,1983,3,26.4,30.206451612903226,23.416129032258063,189.0,10.541935483870969,18.437096774193545
Cuiabá,Centro-Oeste,1983,4,26.346666666666668,30.64333333333333,22.763333333333332,79.0,10.353333333333333,17.983333333333334
Cuiabá,Centro-Oeste,1983,5,26.0258064516129,31.05806451612903,21.809677419354838,97.4,12.206451612903225,15.86516129032258
Cuiabá,Centro-Oeste,1983,6,22.633333333333333,27.726666666666667,18.38,1.7,12.18,15.151
Cuiabá,Centro-Oeste,1983,7,23.94516129032258,29.906451612903226,18.993548387096773,15.8,13.593548387096773,16.080322580645163
Cuiabá,Centro-Oeste,1983,8,24.861290322580647,31.56451612903226,18.677419354838708,0.0,12.887096774193548,19.85258064516129
Cuiabá,Centro-Oeste,1983,9,25.966666666666665,31.279999999999998,21.42,67.6,13.863333333333333,20.000666666666667
Cuiabá,Centro-Oeste,1983,10,25.770967741935483,30.12258064516129,22.112903225806452,201.5,12.141935483870967,20.825806451612905
Cuiabá,Centro-Oeste,1983,11,25.383333333333333,29.146666666666665,22.08,246.0,11.136666666666667,19.555333333333333
Cuiabá,Centro-Oeste,1983,12,25.6,29.538709677419355,22.58709677419355,227.1,11.106451612903227,19.91548387096774
Cuiabá,Centro-Oeste,1984,1,26.470967741935485,30.648387096774194,22.89032258064516,162.3,10.53225806451613,22.17774193548387
Cuiabá,Centro-Oeste,1984,2,26.686206896551724,31.03793103448276,23.175862068965518,173.7,9.175862068965518,22.534137931034483
Cuiabá,Centro-Oeste,1984,3,26.29032258064516,30.39032258064516,23.241935483870968,247.4,9.174193548387096,18.53774193548387
Cuiabá,Centro-Oeste,1984,4,24.676666666666666,28.540000000000003,21.573333333333334,186.4,10.05,16.081333333333333
Cuiabá,Centro-Oeste,1984,5,24.677419354838708,29.29032258064516,20.5258064516129,24.2,10.422580645161291,16.07741935483871
Cuiabá,Centro-Oeste,1984,6,23.353333333333335,29.686666666666667,17.853333333333335,0.9,11.32,16.832
Cuiabá,Centro-Oeste,1984,7,24.070967741935487,30.438709677419357,18.461290322580645,0.0,13.758064516129032,17.57903225806452
Cuiabá,Centro-Oeste,1984,8,23.73225806451613,30.096774193548388,18.177419354838708,66.39999999999999,13.16451612903226,18.65064516129032
Cuiabá,Centro-Oeste,1984,9,25.790000000000003,31.336666666666666,20.933333333333334,94.4,12.663333333333332,20.64966666666667
Cuiabá,Centro-Oeste,1984,10,28.190322580645162,33.3,24.13225806451613,128.1,11.62258064516129,21.57935483870968
Cuiabá,Centro-Oeste,1984,11,27.246666666666666,31.743333333333332,23.59333333333333,185.3,11.236666666666668,21.262999999999998
Cuiabá,Centro-Oeste,1984,12,26.151612903225807,30.27741935483871,23.14516129032258,302.1,10.435483870967742,20.240645161290324
Cuiabá,Centro-Oeste,1985,1,25.23548387096774,28.751612903225805,22.506451612903227,337.7,11.174193548387096,15.91
Cuiabá,Centro-Oeste,1985,2,26.75357142857143,30.967857142857145,23.214285714285715,152.1,9.65,22.420714285714286
Cuiabá,Centro-Oeste,1985,3,26.24516129032258,30.05483870967742,23.238709677419354,203.7,10.887096774193548,18.338387096774195
Cuiabá,Centro-Oeste,1985,4,25.546666666666667,29.57,22.386666666666667,137.6,10.74,17.358
Cuiabá,Centro-Oeste,1985,5,25.345161290322583,29.77741935483871,21.358064516129033,3.2,10.374193548387098,16.127741935483872
Cuiabá,Centro-Oeste,1985,6,22.42,28.596666666666668,16.923333333333332,0.0,12.223333333333333,16.515333333333334
Cuiabá,Centro-Oeste,1985,7,23.47741935483871,29.65806451612903,18.041935483870965,6.1000000000000005,13.745161290322581,16.923548387096773
Cuiabá,Centro-Oeste,1985,8,24.91290322580645,31.241935483870968,19.351612903225806,4.9,13.3,18.932580645161288
Cuiabá,Centro-Oeste,1985,9,26.740000000000002,32.17666666666666,22.096666666666668,82.5,11.486666666666668,19.805
Cuiabá,Centro-Oeste,1985,10,26.5,30.990322580645163,22.651612903225807,213.2,9.745161290322581,21.478709677419356
Cuiabá,Centro-Oeste,1985,11,26.563333333333333,30.94,22.726666666666667,133.2,12.44,21.180333333333333
Cuiabá,Centro-Oeste,1985,12,27.141935483870967,31.10967741935484,23.77741935483871,128.9,11.383870967741935,20.876451612903224
Cuiabá,Centro-Oeste,1986,1,26.183870967741935,30.125806451612902,23.183870967741935,279.1,9.741935483870968,19.311612903225804
Cuiabá,Centro-Oeste,1986,2,26.175,30.307142857142857,23.139285714285712,234.8,10.210714285714285,19.874285714285715
Cuiabá,Centro-Oeste,1986,3,26.038709677419355,30.212903225806453,22.87741935483871,232.6,9.393548387096773,19.43032258064516
Cuiabá,Centro-Oeste,1986,4,26.376666666666665,30.513333333333332,22.956666666666667,119.7,10.71,19.348000000000003
Cuiabá,Centro-Oeste,1986,5,25.270967741935483,29.93548387096774,21.41290322580645,89.6,11.374193548387098,16.671612903225807
Cuiabá,Centro-Oeste,1986,6,23.34333333333333,29.55666666666667,17.883333333333333,1.4,10.086666666666668,16.12933333333333
Cuiabá,Centro-Oeste,1986,7,23.283870967741933,29.125806451612902,18.11935483870968,6.3,12.14516129032258,16.474838709677417
Cuiabá,Centro-Oeste,1986,8,25.629032258064516,31.096774193548388,20.96451612903226,104.9,10.54516129032258,17.155806451612904
Cuiabá,Centro-Oeste,1986,9,24.986666666666668,30.183333333333334,20.266666666666666,123.3,12.636666666666667,19.909666666666666
Cuiabá,Centro-Oeste,1986,10,25.51290322580645,30.016129032258064,21.496774193548386,102.2,13.925806451612903,22.11935483870968
Cuiabá,Centro-Oeste,1986,11,27.933333333333334,32.413333333333334,24.0,108.7,12.479999999999999,22.466
Cuiabá,Centro-Oeste,1986,12,26.700000000000003,30.761290322580646,23.719354838709677,298.0,12.064516129032258,19.953225806451613
Cuiabá,Centro-Oeste,1987,1,26.996774193548386,31.129032258064516,23.80322580645161,184.7,10.783870967741937,21.21677419354839
Cuiabá,Centro-Oeste,1987,2,26.342857142857145,30.467857142857145,23.07857142857143,172.7,10.9,21.55
Cuiabá,Centro-Oeste,1987,3,25.425806451612903,29.60967741935484,22.05806451612903,206.4,10.69032258064516,19.634516129032257
Cuiabá,Centro-Oeste,1987,4,26.183333333333334,30.303333333333335,22.91,146.7,9.716666666666667,17.722666666666665
Cuiabá,Centro-Oeste,1987,5,23.66774193548387,28.15806451612903,19.83225806451613,48.300000000000004,12.693548387096774,16.34
Cuiabá,Centro-Oeste,1987,6,23.266666666666666,28.13,18.94,24.6,11.96,14.633000000000001
Cuiabá,Centro-Oeste,1987,7,25.370967741935484,31.970967741935485,19.82903225806452,0.0,13.941935483870967,17.621935483870967
Cuiabá,Centro-Oeste,1987,8,24.5258064516129,30.787096774193547,18.967741935483872,1.8,13.567741935483872,19.190645161290323
Cuiabá,Centro-Oeste,1987,9,27.883333333333333,33.376666666666665,22.68,26.7,13.136666666666667,22.005
Cuiabá,Centro-Oeste,1987,10,28.63225806451613,33.722580645161294,24.33225806451613,121.3,11.32258064516129,21.913548387096775
Cuiabá,Centro-Oeste,1987,11,27.383333333333333,31.666666666666668,23.983333333333334,199.3,10.196666666666665,20.817666666666664
Cuiabá,Centro-Oeste,1987,12,26.47741935483871,30.203225806451613,23.654838709677417,288.3,10.432258064516128,18.556774193548385
Cuiabá,Centro-Oeste,1988,1,26.848387096774193,30.780645161290323,23.81935483870968,331.5,10.709677419354838,20.54774193548387
Cuiabá,Centro-Oeste,1988,2,25.83103448275862,29.317241379310346,23.282758620689656,275.0,9.710344827586209,15.897241379310344
Cuiabá,Centro-Oeste,1988,3,26.029032258064515,29.683870967741935,23.403225806451612,342.6,10.55483870967742,16.13935483870968
Cuiabá,Centro-Oeste,1988,4,25.78666666666667,29.509999999999998,22.953333333333333,159.8,10.293333333333333,15.826333333333334
Cuiabá,Centro-Oeste,1988,5,23.57741935483871,27.461290322580645,20.293548387096774,33.9,10.970967741935485,13.629032258064516
Cuiabá,Centro-Oeste,1988,6,22.94333333333333,28.823333333333334,18.03666666666667,2.9000000000000004,11.83,15.917333333333334
Cuiabá,Centro-Oeste,1988,7,21.887096774193548,28.08709677419355,16.496774193548386,0.0,13.154838709677419,17.328709677419358
Cuiabá,Centro-Oeste,1988,8,26.22258064516129,33.274193548387096,19.483870967741936,0.0,12.303225806451612,20.73741935483871
Cuiabá,Centro-Oeste,1988,9,28.529999999999998,34.973333333333336,22.226666666666667,1.5999999999999999,13.610000000000001,22.229666666666667
Cuiabá,Centro-Oeste,1988,10,28.358064516129033,33.46451612903226,24.067741935483873,103.10000000000001,13.096774193548388,22.378387096774194
Cuiabá,Centro-Oeste,1988,11,27.30666666666667,31.65,23.763333333333332,173.7,11.533333333333333,20.197666666666667
Cuiabá,Centro-Oeste,1988,12,26.26774193548387,30.151612903225807,23.39032258064516,244.6,10.848387096774195,19.030322580645162
Cuiabá,Centro-Oeste,1989,1,26.04516129032258,29.883870967741935,23.229032258064517,278.0,11.696774193548388,19.256451612903227
Cuiabá,Centro-Oeste,1989,2,25.707142857142856,29.717857142857145,22.989285714285717,286.4,11.310714285714285,18.209285714285716
Cuiabá,Centro-Oeste,1989,3,25.62258064516129,29.629032258064516,22.66774193548387,277.5,8.86774193548387,17.95935483870968
Cuiabá,Centro-Oeste,1989,4,25.89333333333333,29.790000000000003,22.84333333333333,169.1,9.120000000000001,17.178333333333335
Cuiabá,Centro-Oeste,1989,5,23.416129032258063,28.125806451612902,19.425806451612903,39.699999999999996,10.27741935483871,16.419354838709676
Cuiabá,Centro-Oeste,1989,6,24.136666666666667,29.223333333333336,19.80666666666667,25.2,10.45,14.496333333333332
Cuiabá,Centro-Oeste,1989,7,22.416129032258063,28.570967741935487,16.961290322580645,28.8,13.04516129032258,16.738387096774193
Cuiabá,Centro-Oeste,1989,8,25.861290322580647,31.796774193548387,20.774193548387096,23.8,11.870967741935484,18.047096774193548
Cuiabá,Centro-Oeste,1989,9,26.173333333333336,31.32,21.526666666666664,41.3,13.129999999999999,20.220000000000002
Cuiabá,Centro-Oeste,1989,10,28.187096774193545,33.29354838709677,23.503225806451614,97.8,12.264516129032257,22.804193548387094
Cuiabá,Centro-Oeste,1989,11,27.423333333333336,32.00333333333334,23.540000000000003,163.1,11.913333333333332,22.348333333333336
Cuiabá,Centro-Oeste,1989,12,25.69677419354839,29.41290322580645,23.05483870967742,281.8,12.451612903225806,16.913870967741936
Cuiabá,Centro-Oeste,1990,1,26.29032258064516,30.12258064516129,23.35483870967742,241.6,11.412903225806453,19.303870967741933
Cuiabá,Centro-Oeste,1990,2,25.692857142857143,29.474999999999998,23.139285714285712,291.6,9.178571428571429,16.629285714285714
Cuiabá,Centro-Oeste,1990,3,26.835483870967742,31.27741935483871,23.335483870967742,148.5,10.716129032258063,21.468064516129033
Cuiabá,Centro-Oeste,1990,4,26.186666666666667,30.493333333333332,22.516666666666666,126.2,10.623333333333333,18.517999999999997
Cuiabá,Centro-Oeste,1990,5,23.72258064516129,28.358064516129033,19.938709677419357,129.6,10.816129032258065,16.460967741935484
Cuiabá,Centro-Oeste,1990,6,23.236666666666668,28.06,19.14333333333333,12.2,10.966666666666667,14.757
Cuiabá,Centro-Oeste,1990,7,21.738709677419354,26.929032258064513,17.335483870967742,21.0,13.248387096774193,16.109032258064516
Cuiabá,Centro-Oeste,1990,8,25.838709677419356,31.519354838709678,20.89032258064516,61.900000000000006,11.103225806451613,17.509032258064515
Cuiabá,Centro-Oeste,1990,9,24.45,29.263333333333332,20.126666666666665,175.6,12.2,19.349666666666668
Cuiabá,Centro-Oeste,1990,10,26.929032258064513,31.280645161290323,23.35483870967742,224.0,9.370967741935484,20.991290322580646
Cuiabá,Centro-Oeste,1990,11,27.490000000000002,31.923333333333336,23.86,135.3,10.139999999999999,22.972666666666665
Cuiabá,Centro-Oeste,1990,12,27.1,31.248387096774195,23.82903225806452,264.3,10.387096774193548,21.786451612903225
Cuiabá,Centro-Oeste,1991,1,26.27741935483871,29.932258064516127,23.641935483870967,353.0,12.619354838709677,17.526774193548388
Cuiabá,Centro-Oeste,1991,2,26.464285714285715,30.335714285714285,23.57857142857143,208.3,10.49642857142857,19.570357142857144
Cuiabá,Centro-Oeste,1991,3,25.845161290322583,29.283870967741933,23.358064516129033,276.3,9.625806451612902,15.444193548387096
Cuiabá,Centro-Oeste,1991,4,25.486666666666668,29.740000000000002,21.913333333333334,77.9,10.360000000000001,18.217666666666666
Cuiabá,Centro-Oeste,1991,5,24.712903225806453,29.151612903225807,20.929032258064513,69.89999999999999,10.525806451612903,15.429354838709678
Cuiabá,Centro-Oeste,1991,6,23.746666666666666,28.733333333333334,19.44333333333333,22.900000000000002,12.94,14.49
Cuiabá,Centro-Oeste,1991,7,23.53548387096774,29.429032258064513,18.47741935483871,1.0,12.932258064516128,16.648064516129033
Cuiabá,Centro-Oeste,1991,8,24.90967741935484,31.129032258064516,19.248387096774195,1.6,12.619354838709677,18.155161290322578
Cuiabá,Centro-Oeste,1991,9,27.113333333333333,32.59,22.273333333333333,71.0,11.213333333333333,19.982000000000003
Cuiabá,Centro-Oeste,1991,10,26.45483870967742,31.141935483870967,22.429032258064513,123.3,12.077419354838709,21.80354838709677
Cuiabá,Centro-Oeste,1991,11,26.353333333333335,30.4,23.033333333333335,196.8,9.943333333333333,20.511666666666667
Cuiabá,Centro-Oeste,1991,12,26.712903225806453,30.700000000000003,23.690322580645162,219.1,12.358064516129033,20.78774193548387
Cuiabá,Centro-Oeste,1992,1,26.27741935483871,30.274193548387096,23.322580645161292,243.8,10.01290322580645,18.656451612903226
Cuiabá,Centro-Oeste,1992,2,26.13448275862069,30.179310344827588,23.051724137931036,234.2,12.137931034482758,19.40448275862069
Cuiabá,Centro-Oeste,1992,3,26.23548387096774,30.32903225806452,23.151612903225807,228.5,9.654838709677419,19.05290322580645
Cuiabá,Centro-Oeste,1992,4,25.61,29.506666666666668,22.32,144.8,10.553333333333335,17.793333333333333
Cuiabá,Centro-Oeste,1992,5,25.65806451612903,30.39032258064516,21.641935483870967,26.3,11.09032258064516,16.70741935483871
Cuiabá,Centro-Oeste,1992,6,25.42,31.08,20.55,1.1,12.78,16.014
Cuiabá,Centro-Oeste,1992,7,22.009677419354837,27.793548387096774,17.019354838709678,3.3000000000000003,13.387096774193548,16.703548387096774
Cuiabá,Centro-Oeste,1992,8,24.432258064516127,30.19677419354839,19.612903225806452,32.3,11.906451612903227,18.398387096774194
Cuiabá,Centro-Oeste,1992,9,24.243333333333332,28.826666666666664,20.490000000000002,221.3,11.53,17.345000000000002
Cuiabá,Centro-Oeste,1992,10,26.296774193548387,30.5,22.903225806451612,195.3,10.241935483870968,20.31064516129032
Cuiabá,Centro-Oeste,1992,11,25.473333333333336,29.68,22.15666666666667,227.1,11.063333333333333,19.485666666666663
Cuiabá,Centro-Oeste,1992,12,26.193548387096776,30.067741935483873,23.283870967741933,205.4,11.735483870967743,19.2241935483871
Cuiabá,Centro-Oeste,1993,1,26.674193548387095,31.038709677419355,23.177419354838708,192.2,9.76774193548387,22.046129032258065
Cuiabá,Centro-Oeste,1993,2,25.089285714285715,28.885714285714283,22.185714285714287,242.1,10.696428571428571,17.27857142857143
Cuiabá,Centro-Oeste,1993,3,26.596774193548388,31.164516129032258,22.893548387096775,153.4,8.812903225806451,21.570967741935487
Cuiabá,Centro-Oeste,1993,4,25.96333333333333,30.35,22.44,97.10000000000001,9.093333333333334,18.026333333333334
Cuiabá,Centro-Oeste,1993,5,24.351612903225806,29.574193548387097,19.961290322580645,55.199999999999996,12.093548387096773,17.124193548387098
Cuiabá,Centro-Oeste,1993,6,23.57,29.113333333333333,18.646666666666665,9.700000000000001,11.4,15.032666666666668
Cuiabá,Centro-Oeste,1993,7,23.0,29.29032258064516,17.532258064516128,0.5,14.17741935483871,16.741290322580646
Cuiabá,Centro-Oeste,1993,8,24.61935483870968,30.5258064516129,19.370967741935484,26.2,11.693548387096774,18.756451612903227
Cuiabá,Centro-Oeste,1993,9,26.80666666666667,31.91,22.333333333333332,77.8,12.926666666666668,20.547666666666665
Cuiabá,Centro-Oeste,1993,10,26.799999999999997,31.374193548387098,23.229032258064517,264.4,12.035483870967743,21.135483870967743
Cuiabá,Centro-Oeste,1993,11,27.686666666666667,32.13333333333333,23.973333333333336,125.4,11.536666666666667,22.60666666666667
Cuiabá,Centro-Oeste,1993,12,26.725806451612904,30.470967741935485,23.929032258064513,239.2,11.167741935483871,17.725806451612904
Cuiabá,Centro-Oeste,1994,1,26.03548387096774,29.706451612903226,23.312903225806455,293.8,11.46774193548387,17.983225806451614
Cuiabá,Centro-Oeste,1994,2,26.532142857142855,30.567857142857143,23.36785714285714,217.3,9.110714285714286,21.482857142857142
Cuiabá,Centro-Oeste,1994,3,25.69677419354839,29.654838709677417,22.861290322580647,246.79999999999998,9.73225806451613,17.33483870967742
Cuiabá,Centro-Oeste,1994,4,25.486666666666668,29.576666666666664,22.23,125.0,9.283333333333333,17.541666666666668
Cuiabá,Centro-Oeste,1994,5,24.96451612903226,29.47741935483871,21.08709677419355,48.1,9.638709677419355,16.206451612903226
Cuiabá,Centro-Oeste,1994,6,23.543333333333333,29.05,18.933333333333334,49.699999999999996,11.523333333333333,15.272
Cuiabá,Centro-Oeste,1994,7,22.47741935483871,28.26774193548387,17.09032258064516,19.7,12.929032258064517,16.044193548387096
Cuiabá,Centro-Oeste,1994,8,25.374193548387098,31.80322580645161,19.429032258064513,5.9,10.980645161290322,19.034193548387094
Cuiabá,Centro-Oeste,1994,9,27.733333333333334,33.74666666666666,22.43,46.7,11.306666666666667,21.502333333333333
Cuiabá,Centro-Oeste,1994,10,28.19677419354839,33.12580645161291,24.103225806451615,194.3,9.97741935483871,22.271290322580644
Cuiabá,Centro-Oeste,1994,11,27.316666666666666,31.58,23.623333333333335,153.9,11.15,22.142333333333333
Cuiabá,Centro-Oeste,1994,12,26.299999999999997,29.683870967741935,23.77741935483871,341.2,12.429032258064517,17.215806451612906
Cuiabá,Centro-Oeste,1995,1,26.39032258064516,30.009677419354837,23.661290322580644,260.9,11.706451612903225,19.080322580645163
Cuiabá,Centro-Oeste,1995,2,25.74642857142857,29.157142857142855,23.15357142857143,275.2,11.482142857142858,16.390357142857145
Cuiabá,Centro-Oeste,1995,3,26.63225806451613,30.470967741935485,23.54516129032258,183.9,9.238709677419354,19.754193548387097
Cuiabá,Centro-Oeste,1995,4,24.666666666666668,28.503333333333334,21.403333333333332,109.6,11.72,16.496
Cuiabá,Centro-Oeste,1995,5,23.783870967741933,27.938709677419357,20.216129032258067,68.2,10.238709677419354,15.630645161290323
Cuiabá,Centro-Oeste,1995,6,23.64,29.293333333333333,18.823333333333334,13.700000000000001,12.136666666666667,15.503333333333334
Cuiabá,Centro-Oeste,1995,7,25.070967741935487,31.561290322580643,19.241935483870968,0.2,12.609677419354838,17.08516129032258
Cuiabá,Centro-Oeste,1995,8,25.654838709677417,32.21935483870968,19.729032258064517,0.0,12.48709677419355,19.432580645161288
Cuiabá,Centro-Oeste,1995,9,28.029999999999998,33.973333333333336,22.636666666666667,33.9,13.493333333333334,21.133
Cuiabá,Centro-Oeste,1995,10,27.325806451612905,31.94193548387097,23.322580645161292,127.7,11.538709677419355,21.43
Cuiabá,Centro-Oeste,1995,11,26.433333333333334,30.646666666666665,22.84333333333333,214.2,10.266666666666667,20.711000000000002
Cuiabá,Centro-Oeste,1995,12,26.080645161290324,30.029032258064515,23.30322580645161,304.0,10.96774193548387,18.90838709677419
Cuiabá,Centro-Oeste,1996,1,26.31935483870968,30.532258064516128,23.261290322580646,233.8,11.0,21.811290322580643
Cuiabá,Centro-Oeste,1996,2,26.886206896551727,30.872413793103448,23.696551724137933,155.8,9.437931034482759,21.26206896551724
Cuiabá,Centro-Oeste,1996,3,26.16774193548387,30.083870967741937,23.238709677419354,282.1,9.12258064516129,18.017419354838708
Cuiabá,Centro-Oeste,1996,4,25.993333333333332,30.11,22.533333333333335,90.7,10.323333333333332,18.73933333333333
Cuiabá,Centro-Oeste,1996,5,24.848387096774193,29.164516129032258,21.338709677419356,108.7,9.254838709677419,15.759677419354839
Cuiabá,Centro-Oeste,1996,6,21.706666666666667,27.176666666666666,17.126666666666665,5.199999999999999,12.79,15.824
Cuiabá,Centro-Oeste,1996,7,23.483870967741936,29.990322580645163,17.73548387096774,0.30000000000000004,11.17741935483871,17.528387096774193
Cuiabá,Centro-Oeste,1996,8,26.9741935483871,32.725806451612904,21.883870967741935,43.9,10.567741935483872,18.574193548387097
Cuiabá,Centro-Oeste,1996,9,26.35,31.59,21.61,89.6,12.3,19.37
Cuiabá,Centro-Oeste,1996,10,26.896774193548385,31.338709677419356,23.20967741935484,176.3,11.883870967741935,21.385161290322582
Cuiabá,Centro-Oeste,1996,11,26.013333333333332,30.02,23.006666666666668,287.0,11.3,19.367
Cuiabá,Centro-Oeste,1996,12,27.138709677419353,31.0258064516129,23.825806451612905,160.6,11.790322580645162,22.284193548387098
Cuiabá,Centro-Oeste,1997,1,25.72258064516129,29.0,23.416129032258063,337.4,12.448387096774193,15.850322580645162
Cuiabá,Centro-Oeste,1997,2,26.182142857142857,30.09642857142857,23.064285714285713,187.5,9.903571428571428,19.654285714285717
Cuiabá,Centro-Oeste,1997,3,25.419354838709676,29.238709677419354,22.68064516129032,289.0,8.383870967741935,16.139032258064518
Cuiabá,Centro-Oeste,1997,4,25.123333333333335,29.026666666666664,21.96333333333333,157.9,9.783333333333333,17.092
Cuiabá,Centro-Oeste,1997,5,24.374193548387098,28.864516129032257,20.603225806451615,35.8,10.609677419354838,16.219354838709677
Cuiabá,Centro-Oeste,1997,6,23.553333333333335,29.226666666666667,18.903333333333332,56.2,13.28,16.052
Cuiabá,Centro-Oeste,1997,7,24.083870967741937,30.980645161290322,18.080645161290324,0.0,11.761290322580646,17.55548387096774
Cuiabá,Centro-Oeste,1997,8,25.638709677419353,31.570967741935487,20.451612903225808,0.2,13.796774193548387,18.90064516129032
Cuiabá,Centro-Oeste,1997,9,28.720000000000002,34.45,23.783333333333335,64.6,10.736666666666668,21.163333333333334
Cuiabá,Centro-Oeste,1997,10,28.94193548387097,33.96774193548387,24.68064516129032,114.0,11.290322580645162,22.47967741935484
Cuiabá,Centro-Oeste,1997,11,28.373333333333335,32.8,24.523333333333333,179.1,10.870000000000001,21.666333333333334
Cuiabá,Centro-Oeste,1997,12,27.570967741935487,31.677419354838708,24.470967741935485,203.8,12.493548387096775,22.68064516129032
Cuiabá,Centro-Oeste,1998,1,27.83225806451613,31.761290322580646,24.79032258064516,196.70000000000002,11.048387096774194,21.421612903225807
Cuiabá,Centro-Oeste,1998,2,27.385714285714283,31.067857142857143,24.650000000000002,212.5,10.596428571428572,18.240714285714287
Cuiabá,Centro-Oeste,1998,3,27.383870967741935,31.293548387096774,24.27741935483871,182.3,9.125806451612902,20.07935483870968
Cuiabá,Centro-Oeste,1998,4,27.116666666666667,31.203333333333333,23.68,96.9,10.606666666666666,18.892999999999997
Cuiabá,Centro-Oeste,1998,5,23.932258064516127,28.596774193548388,19.73548387096774,15.9,12.64516129032258,15.677096774193549
Cuiabá,Centro-Oeste,1998,6,24.21333333333333,30.040000000000003,19.183333333333334,1.5999999999999999,11.833333333333334,16.154999999999998
Cuiabá,Centro-Oeste,1998,7,25.348387096774193,32.02903225806452,19.467741935483872,0.0,10.577419354838709,17.489032258064515
Cuiabá,Centro-Oeste,1998,8,26.70967741935484,32.91612903225806,21.23225806451613,15.1,10.783870967741937,19.37548387096774
Cuiabá,Centro-Oeste,1998,9,26.896666666666665,32.33,22.153333333333332,71.3,12.026666666666667,20.485000000000003
Cuiabá,Centro-Oeste,1998,10,27.335483870967742,31.967741935483872,23.55483870967742,142.1,11.341935483870968,21.575806451612905
Cuiabá,Centro-Oeste,1998,11,26.303333333333335,30.043333333333333,23.21333333333333,178.5,9.98,19.401
Cuiabá,Centro-Oeste,1998,12,26.26451612903226,29.83225806451613,23.403225806451612,250.1,12.396774193548387,18.904193548387095
Cuiabá,Centro-Oeste,1999,1,26.34193548387097,30.287096774193547,23.348387096774193,268.0,10.806451612903226,19.688387096774196
Cuiabá,Centro-Oeste,1999,2,27.09642857142857,31.2,23.86785714285714,161.0,9.785714285714286,21.843214285714286
Cuiabá,Centro-Oeste,1999,3,26.293548387096774,30.12258064516129,23.316129032258065,146.8,9.561290322580644,18.39258064516129
Cuiabá,Centro-Oeste,1999,4,25.303333333333335,29.866666666666667,21.52,96.6,9.67,19.542333333333332
Cuiabá,Centro-Oeste,1999,5,24.570967741935487,29.638709677419353,19.97741935483871,26.9,10.683870967741935,17.983548387096775
Cuiabá,Centro-Oeste,1999,6,24.34333333333333,30.283333333333335,19.033333333333335,3.9,10.543333333333333,16.222
Cuiabá,Centro-Oeste,1999,7,23.85483870967742,30.016129032258064,18.322580645161292,0.6000000000000001,11.435483870967742,16.964193548387097
Cuiabá,Centro-Oeste,1999,8,25.651612903225807,32.3,19.677419354838708,0.0,12.67741935483871,19.333225806451615
Cuiabá,Centro-Oeste,1999,9,27.766666666666666,33.26,22.903333333333332,66.6,11.786666666666667,21.028333333333332
Cuiabá,Centro-Oeste,1999,10,28.141935483870967,33.28387096774193,23.980645161290322,100.4,12.287096774193548,22.53516129032258
Cuiabá,Centro-Oeste,1999,11,25.823333333333334,29.976666666666667,22.126666666666665,181.7,11.91,20.576666666666664
Cuiabá,Centro-Oeste,1999,12,26.467741935483872,30.345161290322583,23.55483870967742,204.1,11.280645161290321,19.62
Cuiabá,Centro-Oeste,2000,1,26.67096774193548,30.809677419354838,23.5258064516129,160.5,11.432258064516128,21.304193548387097
Cuiabá,Centro-Oeste,2000,2,26.26206896551724,30.096551724137928,23.45862068965517,220.5,11.351724137931035,19.190344827586205
Cuiabá,Centro-Oeste,2000,3,25.703225806451613,29.635483870967743,22.883870967741935,274.3,10.419354838709678,17.627741935483872
Cuiabá,Centro-Oeste,2000,4,25.686666666666667,30.12,21.913333333333334,90.9,8.99,19.334333333333333
Cuiabá,Centro-Oeste,2000,5,24.59032258064516,29.674193548387095,20.051612903225806,2.7,11.419354838709678,17.511935483870968
Cuiabá,Centro-Oeste,2000,6,24.506666666666668,30.48,19.296666666666667,0.0,12.99,16.791333333333334
Cuiabá,Centro-Oeste,2000,7,21.748387096774195,27.796774193548387,16.593548387096774,11.4,13.45483870967742,17.00774193548387
Cuiabá,Centro-Oeste,2000,8,26.596774193548388,32.94516129032258,20.983870967741936,33.3,11.570967741935483,18.41290322580645
Cuiabá,Centro-Oeste,2000,9,26.473333333333336,31.7,21.90666666666667,35.0,13.933333333333334,19.80366666666667
Cuiabá,Centro-Oeste,2000,10,28.580645161290324,33.76129032258064,23.919354838709676,114.8,10.135483870967741,22.500645161290322
Cuiabá,Centro-Oeste,2000,11,26.323333333333334,30.313333333333333,23.09,188.2,11.376666666666667,20.833666666666666
Cuiabá,Centro-Oeste,2000,12,26.516129032258064,30.47741935483871,23.17096774193548,184.2,12.206451612903225,21.22
Cuiabá,Centro-Oeste,2001,1,26.47741935483871,30.60967741935484,23.225806451612904,195.5,10.593548387096773,21.45225806451613
Cuiabá,Centro-Oeste,2001,2,27.414285714285715,31.817857142857143,23.792857142857144,104.4,10.635714285714286,22.029642857142857
Cuiabá,Centro-Oeste,2001,3,26.325806451612905,30.396774193548385,23.212903225806453,164.7,10.441935483870967,18.983225806451614
Cuiabá,Centro-Oeste,2001,4,26.816666666666666,31.456666666666667,22.83,60.3,10.856666666666666,19.290666666666667
Cuiabá,Centro-Oeste,2001,5,25.093548387096774,29.893548387096775,20.838709677419356,21.6,10.958064516129031,16.246129032258064
Cuiabá,Centro-Oeste,2001,6,23.363333333333333,29.0,18.413333333333334,1.4,11.726666666666667,15.684
Cuiabá,Centro-Oeste,2001,7,25.57741935483871,31.783870967741933,20.04516129032258,0.9,13.516129032258064,16.66
Cuiabá,Centro-Oeste,2001,8,27.761290322580646,34.26774193548387,21.758064516129032,4.2,12.54516129032258,19.859032258064516
Cuiabá,Centro-Oeste,2001,9,28.466666666666665,34.08,23.7,63.6,11.946666666666665,21.10033333333333
Cuiabá,Centro-Oeste,2001,10,27.990322580645163,32.81935483870968,24.009677419354837,145.79999999999998,11.338709677419354,22.0058064516129
Cuiabá,Centro-Oeste,2001,11,26.946666666666665,31.073333333333334,23.913333333333334,288.6,11.483333333333333,19.783
Cuiabá,Centro-Oeste,2001,12,25.84193548387097,29.529032258064515,23.403225806451612,298.1,10.841935483870968,16.45967741935484
Cuiabá,Centro-Oeste,2002,1,26.816129032258065,30.780645161290323,23.75483870967742,200.5,12.899999999999999,20.09967741935484
Cuiabá,Centro-Oeste,2002,2,26.353571428571428,30.12857142857143,23.707142857142856,295.5,10.642857142857142,18.048214285714284
Cuiabá,Centro-Oeste,2002,3,27.20967741935484,31.5,23.593548387096774,107.9,10.77741935483871,21.227096774193548
Cuiabá,Centro-Oeste,2002,4,27.35,32.21666666666667,23.220000000000002,39.3,9.766666666666667,19.545666666666666
Cuiabá,Centro-Oeste,2002,5,26.387096774193548,31.32903225806452,22.270967741935483,38.2,11.474193548387097,16.331290322580646
Cuiabá,Centro-Oeste,2002,6,23.983333333333334,30.36,18.506666666666668,0.0,11.956666666666667,17.256666666666668
Cuiabá,Centro-Oeste,2002,7,24.76774193548387,30.493548387096773,19.938709677419357,19.0,11.654838709677419,16.413548387096775
Cuiabá,Centro-Oeste,2002,8,27.76451612903226,34.02903225806452,22.241935483870968,10.2,11.896774193548387,18.51838709677419
Cuiabá,Centro-Oeste,2002,9,27.466666666666665,33.053333333333335,22.446666666666665,51.8,12.383333333333333,21.255
Cuiabá,Centro-Oeste,2002,10,29.58709677419355,34.82258064516129,25.309677419354838,95.3,12.103225806451613,22.82741935483871
Cuiabá,Centro-Oeste,2002,11,28.296666666666667,32.940000000000005,24.543333333333333,93.8,12.616666666666667,22.92233333333333
Cuiabá,Centro-Oeste,2002,12,27.480645161290322,31.432258064516127,24.345161290322583,240.9,11.461290322580645,20.40032258064516
Cuiabá,Centro-Oeste,2003,1,26.838709677419356,30.567741935483873,24.17096774193548,203.3,11.929032258064517,18.801290322580645
Cuiabá,Centro-Oeste,2003,2,26.49642857142857,30.332142857142856,23.2,158.4,10.810714285714285,20.59392857142857
Cuiabá,Centro-Oeste,2003,3,26.29032258064516,30.258064516129032,23.370967741935484,290.1,9.906451612903227,18.76225806451613
Cuiabá,Centro-Oeste,2003,4,25.38,29.55,21.64,95.0,10.28,17.12366666666667
Cuiabá,Centro-Oeste,2003,5,24.816129032258065,30.080645161290324,20.193548387096776,20.0,11.13225806451613,16.876129032258063
Cuiabá,Centro-Oeste,2003,6,24.573333333333334,30.876666666666665,19.033333333333335,6.0,10.389999999999999,16.38533333333333
Cuiabá,Centro-Oeste,2003,7,23.961290322580645,30.664516129032258,18.125806451612902,0.0,11.596774193548388,17.84967741935484
Cuiabá,Centro-Oeste,2003,8,24.82903225806452,31.04516129032258,19.374193548387098,0.3,13.3,19.074516129032258
Cuiabá,Centro-Oeste,2003,9,27.32,33.18333333333333,21.82,26.599999999999998,11.516666666666667,20.830666666666666
Cuiabá,Centro-Oeste,2003,10,27.548387096774192,32.34193548387097,23.509677419354837,111.2,11.341935483870968,21.82161290322581
Cuiabá,Centro-Oeste,2003,11,27.413333333333334,31.896666666666665,23.553333333333335,116.2,12.646666666666667,21.57
Cuiabá,Centro-Oeste,2003,12,27.75483870967742,31.97741935483871,24.37741935483871,176.0,11.903225806451612,22.169999999999998
Cuiabá,Centro-Oeste,2004,1,26.44516129032258,30.1,23.79032258064516,280.3,11.422580645161291,16.957741935483874
Cuiabá,Centro-Oeste,2004,2,26.00689655172414,30.055172413793105,23.193103448275863,212.9,10.86896551724138,18.38655172413793
Cuiabá,Centro-Oeste,2004,3,27.190322580645162,31.383870967741935,23.532258064516128,96.5,10.083870967741936,21.634838709677418
Cuiabá,Centro-Oeste,2004,4,27.313333333333333,31.643333333333334,23.646666666666665,62.5,11.036666666666667,18.901999999999997
Cuiabá,Centro-Oeste,2004,5,23.325806451612905,27.970967741935485,19.351612903225806,14.1,11.958064516129031,15.255161290322581
Cuiabá,Centro-Oeste,2004,6,24.19333333333333,30.496666666666666,18.709999999999997,0.7,11.803333333333335,16.554
Cuiabá,Centro-Oeste,2004,7,23.561290322580643,29.583870967741937,18.4,3.5,12.748387096774193,16.445483870967742
Cuiabá,Centro-Oeste,2004,8,25.603225806451615,32.593548387096774,19.241935483870968,0.3,11.793548387096775,20.184516129032257
Cuiabá,Centro-Oeste,2004,9,28.596666666666668,35.00666666666667,22.48,4.6,11.523333333333333,22.29866666666667
Cuiabá,Centro-Oeste,2004,10,28.53548387096774,33.83870967741935,24.05806451612903,84.4,12.654838709677419,23.169677419354837
Cuiabá,Centro-Oeste,2004,11,27.84333333333333,32.693333333333335,23.74,134.0,11.94,22.34466666666667
Cuiabá,Centro-Oeste,2004,12,27.91290322580645,32.47096774193548,24.138709677419353,132.8,11.493548387096775,22.531290322580645
Cuiabá,Centro-Oeste,2005,1,26.838709677419356,30.574193548387097,24.16774193548387,236.1,13.087096774193547,18.488387096774193
Cuiabá,Centro-Oeste,2005,2,27.167857142857144,31.342857142857145,23.635714285714283,137.6,9.914285714285715,21.024642857142858
Cuiabá,Centro-Oeste,2005,3,26.5,30.225806451612904,23.5,150.5,11.687096774193549,18.14774193548387
Cuiabá,Centro-Oeste,2005,4,26.183333333333334,30.683333333333334,21.970000000000002,82.4,10.75,18.531333333333333
Cuiabá,Centro-Oeste,2005,5,26.506451612903227,31.780645161290323,21.648387096774194,13.899999999999999,12.358064516129033,17.562903225806455
Cuiabá,Centro-Oeste,2005,6,25.726666666666667,31.83,20.396666666666665,1.4,12.08,16.298333333333332
Cuiabá,Centro-Oeste,2005,7,23.77741935483871,29.916129032258063,18.44516129032258,0.0,13.880645161290323,17.291290322580643
Cuiabá,Centro-Oeste,2005,8,26.80322580645161,33.599999999999994,20.52258064516129,1.8,13.964516129032257,20.06677419354839
Cuiabá,Centro-Oeste,2005,9,26.486666666666668,32.29,21.38,30.400000000000002,14.15,20.493666666666666
Cuiabá,Centro-Oeste,2005,10,29.293548387096774,34.561290322580646,24.64516129032258,77.5,10.80967741935484,23.017096774193547
Cuiabá,Centro-Oeste,2005,11,28.279999999999998,32.85333333333333,24.42,147.2,11.236666666666668,22.09466666666667
Cuiabá,Centro-Oeste,2005,12,26.406451612903226,30.138709677419353,23.55806451612903,164.4,13.151612903225805,18.899354838709677
Cuiabá,Centro-Oeste,2006,1,26.770967741935483,30.62258064516129,23.458064516129035,207.0,10.338709677419354,18.92096774193548
Cuiabá,Centro-Oeste,2006,2,26.642857142857142,30.61785714285714,23.814285714285713,269.9,11.12857142857143,19.385714285714283
Cuiabá,Centro-Oeste,2006,3,26.53548387096774,30.403225806451612,23.529032258064515,196.8,9.929032258064517,18.93290322580645
Cuiabá,Centro-Oeste,2006,4,25.753333333333334,29.759999999999998,22.323333333333334,94.4,9.636666666666667,17.037666666666667
Cuiabá,Centro-Oeste,2006,5,22.64516129032258,27.996774193548386,17.86774193548387,91.3,11.016129032258064,17.942903225806454
Cuiabá,Centro-Oeste,2006,6,24.386666666666667,30.61,18.990000000000002,0.0,10.3,17.008
Cuiabá,Centro-Oeste,2006,7,24.738709677419354,31.406451612903226,18.845161290322583,2.7,12.896774193548387,18.115161290322582
Cuiabá,Centro-Oeste,2006,8,26.758064516129032,33.31290322580645,20.870967741935484,1.9,13.758064516129032,20.096451612903227
Cuiabá,Centro-Oeste,2006,9,27.733333333333334,33.589999999999996,22.83,53.8,12.346666666666666,21.156000000000002
Cuiabá,Centro-Oeste,2006,10,26.858064516129033,30.835483870967742,23.82903225806452,213.6,10.312903225806451,19.471290322580646
Cuiabá,Centro-Oeste,2006,11,27.183333333333334,31.376666666666665,23.783333333333335,154.3,12.043333333333333,21.756666666666668
Cuiabá,Centro-Oeste,2006,12,26.60967741935484,30.161290322580644,23.98709677419355,239.6,11.790322580645162,17.730645161290322
Cuiabá,Centro-Oeste,2007,1,27.04193548387097,30.532258064516128,24.429032258064513,199.0,11.787096774193548,18.500645161290322
Cuiabá,Centro-Oeste,2007,2,26.164285714285715,29.678571428571427,23.57857142857143,292.0,11.157142857142857,16.775714285714283
Cuiabá,Centro-Oeste,2007,3,27.116129032258065,31.554838709677416,23.306451612903224,119.3,9.067741935483872,21.36225806451613
Cuiabá,Centro-Oeste,2007,4,27.486666666666668,31.976666666666667,23.376666666666665,41.1,9.336666666666668,19.513666666666666
Cuiabá,Centro-Oeste,2007,5,24.41290322580645,29.616129032258065,19.4,5.6,11.951612903225806,17.481612903225805
Cuiabá,Centro-Oeste,2007,6,24.65666666666667,31.07,19.316666666666666,0.0,12.133333333333333,16.680666666666667
Cuiabá,Centro-Oeste,2007,7,23.506451612903227,29.551612903225806,18.325806451612905,50.400000000000006,13.141935483870967,17.190967741935484
Cuiabá,Centro-Oeste,2007,8,24.69677419354839,31.690322580645162,18.596774193548388,0.0,13.754838709677419,20.82903225806452
Cuiabá,Centro-Oeste,2007,9,29.173333333333336,35.809999999999995,23.09,4.4,11.876666666666667,22.211333333333336
Cuiabá,Centro-Oeste,2007,10,28.64516129032258,33.67741935483871,24.40967741935484,129.0,9.951612903225806,22.253548387096775
Cuiabá,Centro-Oeste,2007,11,27.263333333333332,31.436666666666667,23.959999999999997,217.4,11.610000000000001,20.635333333333335
Cuiabá,Centro-Oeste,2007,12,26.496774193548386,30.4741935483871,23.41290322580645,174.2,11.596774193548388,19.934516129032257
Cuiabá,Centro-Oeste,2008,1,26.10967741935484,29.612903225806452,23.561290322580643,283.5,11.12258064516129,17.81677419354839
Cuiabá,Centro-Oeste,2008,2,26.189655172413794,30.186206896551724,23.124137931034483,192.2,11.051724137931034,20.089655172413792
Cuiabá,Centro-Oeste,2008,3,25.809677419354838,29.861290322580647,22.77741935483871,196.9,9.290322580645162,18.69193548387097
Cuiabá,Centro-Oeste,2008,4,25.416666666666668,29.373333333333335,21.976666666666667,95.3,9.923333333333334,17.792333333333332
Cuiabá,Centro-Oeste,2008,5,23.700000000000003,28.612903225806452,19.41290322580645,19.4,11.574193548387097,16.355806451612903
Cuiabá,Centro-Oeste,2008,6,23.53666666666667,29.313333333333333,18.56,0.2,10.413333333333334,16.168666666666667
Cuiabá,Centro-Oeste,2008,7,24.980645161290322,32.07419354838709,18.94516129032258,0.0,12.02258064516129,17.97806451612903
Cuiabá,Centro-Oeste,2008,8,27.30322580645161,34.26129032258064,21.135483870967743,5.8,12.829032258064515,20.259677419354837
Cuiabá,Centro-Oeste,2008,9,27.366666666666667,33.53,21.723333333333336,36.3,13.773333333333333,21.78666666666667
Cuiabá,Centro-Oeste,2008,10,28.13225806451613,33.270967741935486,23.687096774193545,121.39999999999999,11.654838709677419,21.57225806451613
Cuiabá,Centro-Oeste,2008,11,27.423333333333336,31.796666666666667,23.886666666666667,216.5,11.233333333333333,22.155666666666665
Cuiabá,Centro-Oeste,2008,12,26.561290322580643,30.55483870967742,23.241935483870968,251.5,11.970967741935485,20.36935483870968
Cuiabá,Centro-Oeste,2009,1,26.919354838709676,31.1,23.135483870967743,134.7,11.606451612903227,21.98161290322581
Cuiabá,Centro-Oeste,2009,2,26.357142857142858,30.178571428571427,23.425,263.3,10.407142857142857,18.620714285714286
Cuiabá,Centro-Oeste,2009,3,26.41290322580645,30.34193548387097,23.348387096774193,253.6,8.229032258064516,18.301612903225806
Cuiabá,Centro-Oeste,2009,4,26.32,30.533333333333335,22.709999999999997,60.7,9.116666666666667,18.588666666666665
Cuiabá,Centro-Oeste,2009,5,25.648387096774194,30.325806451612905,21.451612903225808,33.6,10.19032258064516,16.655806451612904
Cuiabá,Centro-Oeste,2009,6,23.040000000000003,28.333333333333332,18.496666666666666,29.5,11.283333333333333,14.989666666666666
Cuiabá,Centro-Oeste,2009,7,24.229032258064517,30.41290322580645,18.967741935483872,6.9,11.919354838709678,15.891290322580645
Cuiabá,Centro-Oeste,2009,8,26.280645161290323,32.69032258064516,20.693548387096776,35.2,13.216129032258063,19.22483870967742
Cuiabá,Centro-Oeste,2009,9,27.39333333333333,32.803333333333335,22.65,59.099999999999994,12.653333333333334,19.681333333333335
Cuiabá,Centro-Oeste,2009,10,28.929032258064513,34.07741935483871,24.64516129032258,105.7,12.490322580645161,21.925483870967742
Cuiabá,Centro-Oeste,2009,11,28.136666666666667,32.309999999999995,24.883333333333333,164.0,13.793333333333333,20.25133333333333
Cuiabá,Centro-Oeste,2009,12,26.651612903225807,30.299999999999997,23.95483870967742,295.0,11.8,17.975483870967743
Cuiabá,Centro-Oeste,2010,1,26.55806451612903,30.20967741935484,23.812903225806455,339.9,12.312903225806451,17.865483870967743
Cuiabá,Centro-Oeste,2010,2,27.125,30.825,24.192857142857143,183.8,10.464285714285714,18.215714285714288
Cuiabá,Centro-Oeste,2010,3,27.167741935483868,31.225806451612904,23.9741935483871,148.5,10.129032258064516,19.018709677419356
Cuiabá,Centro-Oeste,2010,4,26.11,30.73,21.970000000000002,65.4,10.67,18.526333333333334
Cuiabá,Centro-Oeste,2010,5,24.345161290322583,29.63225806451613,19.612903225806452,10.1,11.874193548387098,17.4
Cuiabá,Centro-Oeste,2010,6,25.183333333333334,31.576666666666664,19.586666666666666,2.9,11.45,17.012333333333334
Cuiabá,Centro-Oeste,2010,7,23.448387096774194,29.809677419354838,17.89032258064516,0.0,13.438709677419356,17.042258064516126
Cuiabá,Centro-Oeste,2010,8,25.774193548387096,32.854838709677416,19.080645161290324,0.0,12.72258064516129,20.74258064516129
Cuiabá,Centro-Oeste,2010,9,30.05,36.64666666666667,24.11,2.9000000000000004,14.076666666666666,22.42366666666667
Cuiabá,Centro-Oeste,2010,10,28.129032258064516,33.26129032258064,23.651612903225807,134.3,12.880645161290323,20.96741935483871
Cuiabá,Centro-Oeste,2010,11,26.46333333333333,30.636666666666667,23.16,198.1,12.633333333333333,20.746666666666666
Cuiabá,Centro-Oeste,2010,12,27.480645161290322,31.85483870967742,23.806451612903224,128.4,12.193548387096774,20.46193548387097
Cuiabá,Centro-Oeste,2011,1,26.20967741935484,30.0,23.248387096774195,282.6,11.125806451612902,18.316129032258065
Cuiabá,Centro-Oeste,2011,2,26.039285714285715,29.839285714285715,23.310714285714287,308.8,11.15,18.323928571428574
Cuiabá,Centro-Oeste,2011,3,25.651612903225807,29.387096774193548,23.061290322580643,314.1,11.890322580645162,15.904838709677419
Cuiabá,Centro-Oeste,2011,4,26.30666666666667,30.83,22.496666666666666,120.7,9.456666666666667,18.832333333333334
Cuiabá,Centro-Oeste,2011,5,24.83225806451613,29.96451612903226,20.09032258064516,4.2,11.196774193548388,17.73225806451613
Cuiabá,Centro-Oeste,2011,6,24.473333333333336,30.513333333333332,19.223333333333336,7.800000000000001,12.19,16.456666666666667
Cuiabá,Centro-Oeste,2011,7,24.925806451612903,31.31935483870968,19.551612903225806,0.0,14.077419354838709,17.59935483870968
Cuiabá,Centro-Oeste,2011,8,25.92258064516129,32.58709677419355,20.174193548387095,0.8,14.329032258064515,19.02516129032258
Cuiabá,Centro-Oeste,2011,9,28.959999999999997,35.333333333333336,23.323333333333334,14.6,13.366666666666667,21.930666666666664
Cuiabá,Centro-Oeste,2011,10,27.19677419354839,31.774193548387096,23.593548387096774,157.3,12.493548387096775,19.958064516129035
Cuiabá,Centro-Oeste,2011,11,27.776666666666664,32.55,23.703333333333333,106.1,13.296666666666669,22.682000000000002
Cuiabá,Centro-Oeste,2011,12,27.248387096774195,31.43548387096774,23.9741935483871,160.1,12.380645161290323,20.034193548387098
Cuiabá,Centro-Oeste,2012,1,26.041935483870965,29.94193548387097,23.20967741935484,243.0,13.77741935483871,18.06645161290323
Cuiabá,Centro-Oeste,2012,2,26.482758620689655,30.720689655172414,23.07586206896552,172.5,10.424137931034483,21.336206896551722
Cuiabá,Centro-Oeste,2012,3,26.42258064516129,30.806451612903224,22.93548387096774,157.1,9.345161290322581,20.960967741935484
Cuiabá,Centro-Oeste,2012,4,26.586666666666666,30.85666666666667,23.173333333333336,120.1,9.389999999999999,18.168333333333333
Cuiabá,Centro-Oeste,2012,5,24.870967741935484,30.074193548387097,20.516129032258064,44.6,9.325806451612904,17.037419354838708
Cuiabá,Centro-Oeste,2012,6,24.09333333333333,29.71333333333333,19.296666666666667,66.5,11.276666666666667,15.523333333333333
Cuiabá,Centro-Oeste,2012,7,23.729032258064517,30.229032258064517,17.780645161290323,1.5,11.803225806451612,17.654516129032256
Cuiabá,Centro-Oeste,2012,8,26.60967741935484,33.16451612903226,20.596774193548388,0.0,15.51290322580645,20.36774193548387
Cuiabá,Centro-Oeste,2012,9,28.89333333333333,35.49,22.763333333333332,44.0,12.116666666666667,21.553333333333335
Cuiabá,Centro-Oeste,2012,10,29.503225806451614,35.00967741935484,25.02258064516129,61.7,11.609677419354838,22.153870967741934
Cuiabá,Centro-Oeste,2012,11,26.759999999999998,30.813333333333333,23.903333333333332,276.2,10.766666666666667,17.619000000000003
Cuiabá,Centro-Oeste,2012,12,27.425806451612903,31.596774193548388,24.15806451612903,160.9,11.780645161290321,21.868387096774192
Cuiabá,Centro-Oeste,2013,1,26.36774193548387,30.161290322580644,23.774193548387096,360.2,11.574193548387097,17.02741935483871
Cuiabá,Centro-Oeste,2013,2,26.414285714285715,30.282142857142855,23.364285714285717,268.3,10.657142857142857,19.900000000000002
Cuiabá,Centro-Oeste,2013,3,26.5258064516129,30.44516129032258,23.490322580645163,223.4,9.641935483870967,18.479032258064517
Cuiabá,Centro-Oeste,2013,4,25.56,29.753333333333334,21.959999999999997,98.2,9.8,18.164666666666665
Cuiabá,Centro-Oeste,2013,5,25.45483870967742,30.574193548387097,20.938709677419357,20.0,11.925806451612903,16.97451612903226
Cuiabá,Centro-Oeste,2013,6,25.58,30.85666666666667,21.10666666666667,41.3,9.229999999999999,15.672666666666666
Cuiabá,Centro-Oeste,2013,7,24.364516129032257,30.532258064516128,18.938709677419357,0.2,12.170967741935485,16.99258064516129
Cuiabá,Centro-Oeste,2013,8,24.641935483870967,31.325806451612905,18.574193548387097,0.0,14.667741935483871,19.997096774193547
Cuiabá,Centro-Oeste,2013,9,27.793333333333333,33.46333333333333,22.456666666666667,21.7,12.603333333333333,20.85
Cuiabá,Centro-Oeste,2013,10,27.40967741935484,32.08709677419355,23.638709677419353,143.5,11.245161290322581,20.98193548387097
Cuiabá,Centro-Oeste,2013,11,26.62,30.61,23.383333333333333,171.20000000000002,11.876666666666667,20.58833333333333
Cuiabá,Centro-Oeste,2013,12,26.448387096774194,30.154838709677417,23.690322580645162,279.90000000000003,12.793548387096775,18.08225806451613
Cuiabá,Centro-Oeste,2014,1,26.200000000000003,30.30322580645161,23.1,262.8,9.748387096774193,20.830967741935485
Cuiabá,Centro-Oeste,2014,2,25.521428571428572,28.99285714285714,23.0,322.8,10.082142857142857,15.983214285714284
Cuiabá,Centro-Oeste,2014,3,25.94516129032258,29.88064516129032,23.067741935483873,182.29999999999998,10.816129032258065,17.405483870967743
Cuiabá,Centro-Oeste,2014,4,25.903333333333332,29.863333333333333,22.7,109.6,10.1,17.499000000000002
Cuiabá,Centro-Oeste,2014,5,24.416129032258063,29.112903225806452,20.251612903225805,38.4,10.87741935483871,16.34193548387097
Cuiabá,Centro-Oeste,2014,6,24.60666666666667,29.823333333333334,20.28666666666667,7.8,12.676666666666668,15.44
Cuiabá,Centro-Oeste,2014,7,23.664516129032258,29.532258064516128,18.61935483870968,25.2,12.993548387096775,15.648709677419355
Cuiabá,Centro-Oeste,2014,8,26.361290322580647,33.03548387096774,20.419354838709676,2.3,11.180645161290323,19.663548387096775
Cuiabá,Centro-Oeste,2014,9,28.92,34.559999999999995,24.05,49.0,12.163333333333332,21.278000000000002
Cuiabá,Centro-Oeste,2014,10,29.177419354838708,34.1741935483871,24.69677419354839,137.4,10.861290322580645,21.727096774193548
Cuiabá,Centro-Oeste,2014,11,26.796666666666667,30.696666666666665,23.59333333333333,205.1,11.326666666666666,20.235
Cuiabá,Centro-Oeste,2014,12,26.141935483870967,29.761290322580646,23.335483870967742,270.40000000000003,11.661290322580646,18.226129032258065
Cuiabá,Centro-Oeste,2015,1,27.074193548387097,31.229032258064517,23.616129032258065,158.1,9.393548387096773,22.833225806451615
Cuiabá,Centro-Oeste,2015,2,26.414285714285715,30.289285714285715,23.439285714285713,171.8,11.303571428571429,18.7425
Cuiabá,Centro-Oeste,2015,3,26.125806451612902,30.306451612903224,23.135483870967743,279.5,9.17741935483871,18.959032258064518
Cuiabá,Centro-Oeste,2015,4,26.07,30.023333333333333,23.10666666666667,208.5,8.396666666666667,17.295
Cuiabá,Centro-Oeste,2015,5,25.15806451612903,29.20967741935484,21.751612903225805,84.0,10.47741935483871,15.278709677419354
Cuiabá,Centro-Oeste,2015,6,24.763333333333332,30.34,20.096666666666668,1.7,11.493333333333334,15.817666666666668
Cuiabá,Centro-Oeste,2015,7,24.46451612903226,30.093548387096774,19.603225806451615,24.7,12.261290322580646,16.19741935483871
Cuiabá,Centro-Oeste,2015,8,27.648387096774194,34.354838709677416,21.62258064516129,1.9000000000000001,12.948387096774193,20.00516129032258
Cuiabá,Centro-Oeste,2015,9,29.613333333333333,35.516666666666666,24.36,22.3,12.743333333333334,21.037666666666667
Cuiabá,Centro-Oeste,2015,10,29.093548387096774,34.15161290322581,24.664516129032258,104.0,11.990322580645161,21.49225806451613
Cuiabá,Centro-Oeste,2015,11,28.826666666666664,33.52,24.84333333333333,99.6,11.093333333333334,23.005666666666666
Cuiabá,Centro-Oeste,2015,12,28.612903225806452,33.13870967741936,25.04516129032258,163.2,11.490322580645161,23.567741935483873
Cuiabá,Centro-Oeste,2016,1,26.780645161290323,30.287096774193547,24.38064516129032,512.9,12.787096774193548,16.549677419354836
Cuiabá,Centro-Oeste,2016,2,27.79310344827586,32.00344827586207,24.393103448275863,185.4,9.124137931034484,22.098620689655174
Cuiabá,Centro-Oeste,2016,3,26.716129032258067,30.55806451612903,23.851612903225806,288.9,9.406451612903227,18.23709677419355
Cuiabá,Centro-Oeste,2016,4,26.816666666666666,31.506666666666668,22.68,67.9,10.023333333333333,19.926666666666666
Cuiabá,Centro-Oeste,2016,5,25.309677419354838,29.93548387096774,21.258064516129032,10.4,10.680645161290323,16.760967741935485
Cuiabá,Centro-Oeste,2016,6,23.736666666666668,29.166666666666668,19.21333333333333,1.8,10.770000000000001,16.012666666666668
Cuiabá,Centro-Oeste,2016,7,24.612903225806452,31.470967741935485,18.59032258064516,0.7,12.370967741935484,18.234193548387097
Cuiabá,Centro-Oeste,2016,8,26.03548387096774,32.29354838709678,20.612903225806452,41.4,12.693548387096774,18.70258064516129
Cuiabá,Centro-Oeste,2016,9,26.236666666666668,31.583333333333332,21.28666666666667,37.7,11.82,19.993
Cuiabá,Centro-Oeste,2016,10,27.532258064516128,32.56774193548387,23.151612903225807,156.8,11.674193548387096,22.21483870967742
Cuiabá,Centro-Oeste,2016,11,26.85,31.043333333333333,23.456666666666667,202.0,10.996666666666666,19.662333333333333
Cuiabá,Centro-Oeste,2016,12,26.88064516129032,30.729032258064517,23.919354838709676,214.9,11.100000000000001,19.55354838709677
Cuiabá,Centro-Oeste,2017,1,26.729032258064517,30.5258064516129,23.874193548387098,167.0,12.516129032258064,20.471290322580646
Cuiabá,Centro-Oeste,2017,2,26.196428571428573,30.142857142857142,23.47142857142857,260.8,12.867857142857144,19.40357142857143
Cuiabá,Centro-Oeste,2017,3,26.470967741935485,30.335483870967742,23.56451612903226,233.1,11.735483870967743,19.29516129032258
Cuiabá,Centro-Oeste,2017,4,26.083333333333332,30.15666666666667,23.023333333333333,98.19999999999999,11.713333333333333,17.794333333333334
Cuiabá,Centro-Oeste,2017,5,26.241935483870968,30.806451612903224,22.638709677419353,36.0,10.97741935483871,15.646129032258063
Cuiabá,Centro-Oeste,2017,6,23.67,29.39,18.67,2.2,12.683333333333334,15.211666666666668
Cuiabá,Centro-Oeste,2017,7,22.92258064516129,29.770967741935483,16.751612903225805,0.0,12.406451612903227,18.49258064516129
Cuiabá,Centro-Oeste,2017,8,26.345161290322583,32.670967741935485,21.041935483870965,43.699999999999996,13.890322580645162,17.316129032258065
Cuiabá,Centro-Oeste,2017,9,27.85666666666667,34.7,22.186666666666667,4.9,13.229999999999999,17.33566666666667
Cuiabá,Centro-Oeste,2017,10,27.690322580645162,32.987096774193546,23.45483870967742,99.4,15.30967741935484,18.328064516129032
Cuiabá,Centro-Oeste,2017,11,27.32,31.59,24.066666666666666,157.5,13.43,20.662
Cuiabá,Centro-Oeste,2017,12,26.73548387096774,30.43548387096774,24.019354838709678,190.2,14.100000000000001,19.580322580645163
Cuiabá,Centro-Oeste,2018,1,26.567741935483873,30.55806451612903,23.55806451612903,199.29999999999998,13.116129032258065,20.004193548387097
Cuiabá,Centro-Oeste,2018,2,26.217857142857145,30.02857142857143,23.532142857142855,284.0,12.635714285714286,19.035
Cuiabá,Centro-Oeste,2018,3,26.635483870967743,30.616129032258065,23.838709677419356,168.0,10.76774193548387,18.81064516129032
Cuiabá,Centro-Oeste,2018,4,25.64,29.94,22.290000000000003,103.7,10.403333333333334,17.647333333333332
Cuiabá,Centro-Oeste,2018,5,24.725806451612904,30.019354838709678,20.0258064516129,15.5,10.94516129032258,17.470322580645163
Cuiabá,Centro-Oeste,2018,6,22.64333333333333,27.896666666666665,18.163333333333334,13.299999999999999,13.136666666666667,15.437333333333333
Cuiabá,Centro-Oeste,2018,7,23.338709677419356,29.774193548387096,17.635483870967743,0.1,13.02258064516129,17.85
Cuiabá,Centro-Oeste,2018,8,24.483870967741936,30.700000000000003,19.15806451612903,18.3,13.725806451612904,17.24290322580645
Cuiabá,Centro-Oeste,2018,9,27.096666666666668,33.50333333333334,21.726666666666667,27.3,13.426666666666668,16.721
Cuiabá,Centro-Oeste,2018,10,27.919354838709676,32.66451612903226,24.270967741935483,106.7,13.503225806451614,18.54032258064516
Cuiabá,Centro-Oeste,2018,11,26.7,30.526666666666664,23.95,213.3,13.613333333333333,17.831666666666667
Cuiabá,Centro-Oeste,2018,12,27.17096774193548,31.432258064516127,23.76774193548387,135.4,13.303225806451612,21.659354838709678
Cuiabá,Centro-Oeste,2019,1,27.187096774193545,31.52258064516129,23.661290322580644,159.5,13.429032258064517,21.718709677419355
Cuiabá,Centro-Oeste,2019,2,27.042857142857144,31.232142857142858,23.782142857142855,209.3,14.182142857142859,20.981428571428573
Cuiabá,Centro-Oeste,2019,3,27.116129032258065,31.293548387096774,23.738709677419354,129.6,13.296774193548387,20.662580645161288
Cuiabá,Centro-Oeste,2019,4,26.523333333333333,30.73,23.246666666666666,99.3,10.066666666666666,17.371666666666666
Cuiabá,Centro-Oeste,2019,5,25.480645161290322,30.706451612903226,21.01290322580645,10.4,12.029032258064515,16.796129032258065
Cuiabá,Centro-Oeste,2019,6,25.02,31.19,19.42,0.2,13.01,17.031666666666666
Cuiabá,Centro-Oeste,2019,7,24.458064516129035,31.14516129032258,18.396774193548385,0.0,14.693548387096774,17.50225806451613
Cuiabá,Centro-Oeste,2019,8,26.848387096774193,33.599999999999994,20.751612903225805,0.0,17.148387096774194,17.765483870967742
Cuiabá,Centro-Oeste,2019,9,30.086666666666666,36.39666666666667,24.566666666666666,14.6,15.946666666666665,17.47733333333333
Cuiabá,Centro-Oeste,2019,10,28.48709677419355,33.74516129032258,24.261290322580646,80.7,14.451612903225806,18.779677419354837
Cuiabá,Centro-Oeste,2019,11,27.959999999999997,32.47666666666667,24.483333333333334,64.3,13.423333333333334,20.351
Cuiabá,Centro-Oeste,2019,12,27.612903225806452,32.193548387096776,24.13225806451613,163.3,12.570967741935483,19.957741935483874
Cuiabá,Centro-Oeste,2020,1,28.503225806451614,33.11612903225806,24.703225806451613,96.0,13.62258064516129,22.254193548387097
Cuiabá,Centro-Oeste,2020,2,27.279310344827586,31.306896551724137,24.54137931034483,272.5,13.096551724137932,18.815172413793103
Cuiabá,Centro-Oeste,2020,3,27.73548387096774,32.40967741935484,23.570967741935487,70.6,12.064516129032258,22.101935483870967
Cuiabá,Centro-Oeste,2020,4,27.12,32.123333333333335,22.633333333333333,13.5,11.733333333333333,19.909333333333333
Cuiabá,Centro-Oeste,2020,5,23.75483870967742,29.335483870967742,18.741935483870968,49.4,13.32258064516129,17.134838709677418
Cuiabá,Centro-Oeste,2020,6,25.756666666666668,31.69,20.476666666666667,0.1,15.633333333333333,16.989333333333335
Cuiabá,Centro-Oeste,2020,7,25.648387096774194,32.54838709677419,19.503225806451614,1.3,15.916129032258064,18.459032258064518
Cuiabá,Centro-Oeste,2020,8,28.067741935483873,35.24193548387097,20.94193548387097,0.0,16.364516129032257,19.094838709677422
Cuiabá,Centro-Oeste,2020,9,30.986666666666668,38.04333333333333,24.563333333333333,1.0,15.76,18.873
Cuiabá,Centro-Oeste,2020,10,31.26451612903226,37.012903225806454,26.567741935483873,47.0,15.912903225806453,18.990967741935485
Cuiabá,Centro-Oeste,2020,11,29.57,35.026666666666664,24.776666666666664,49.199999999999996,14.893333333333334,22.749333333333333
Cuiabá,Centro-Oeste,2020,12,28.11935483870968,32.267741935483876,24.55483870967742,143.8,13.735483870967743,20.904516129032256
Cuiabá,Centro-Oeste,2021,1,27.19677419354839,31.612903225806452,23.97741935483871,139.1,12.625806451612902,19.76967741935484
Cuiabá,Centro-Oeste,2021,2,27.010714285714283,31.34642857142857,23.474999999999998,164.7,12.171428571428573,21.238928571428573
Cuiabá,Centro-Oeste,2021,3,26.23225806451613,30.63225806451613,22.90967741935484,132.4,13.187096774193549,19.36806451612903
Cuiabá,Centro-Oeste,2021,4,26.363333333333333,31.13,22.253333333333334,48.8,10.773333333333333,18.487000000000002
Cuiabá,Centro-Oeste,2021,5,24.9741935483871,30.538709677419355,20.029032258064515,25.7,12.225806451612904,17.350322580645162
Cuiabá,Centro-Oeste,2021,6,24.433333333333334,30.013333333333332,19.59333333333333,1.3,13.8,16.176666666666666
Cuiabá,Centro-Oeste,2021,7,23.993548387096773,31.654838709677417,16.896774193548385,0.1,14.425806451612903,18.615806451612904
Cuiabá,Centro-Oeste,2021,8,27.990322580645163,35.18064516129032,21.203225806451613,0.1,17.10967741935484,19.315483870967743
Cuiabá,Centro-Oeste,2021,9,30.956666666666667,37.20333333333333,25.36,25.7,15.826666666666666,17.904
Cuiabá,Centro-Oeste,2021,10,29.29032258064516,34.229032258064514,25.238709677419354,90.39999999999999,15.86774193548387,18.69741935483871
Cuiabá,Centro-Oeste,2021,11,26.423333333333336,30.563333333333333,23.57,235.8,13.896666666666667,18.278333333333332
Cuiabá,Centro-Oeste,2021,12,26.896774193548385,31.1,23.858064516129033,265.0,13.729032258064517,20.516774193548386
Cuiabá,Centro-Oeste,2022,1,26.361290322580647,30.706451612903226,23.203225806451613,221.0,14.806451612903226,21.662580645161288
Cuiabá,Centro-Oeste,2022,2,26.217857142857145,30.467857142857145,23.182142857142857,194.5,13.589285714285714,21.871785714285714
Cuiabá,Centro-Oeste,2022,3,25.90967741935484,30.083870967741937,22.925806451612903,178.3,13.209677419354838,19.59741935483871
Cuiabá,Centro-Oeste,2022,4,26.133333333333333,31.623333333333335,21.44333333333333,29.2,11.926666666666668,20.384666666666664
Cuiabá,Centro-Oeste,2022,5,22.9741935483871,29.116129032258065,17.56451612903226,1.2,13.570967741935483,18.655806451612904
Cuiabá,Centro-Oeste,2022,6,23.07,28.946666666666665,18.206666666666667,43.400000000000006,13.316666666666666,16.015333333333334
Cuiabá,Centro-Oeste,2022,7,25.322580645161292,32.86774193548387,18.345161290322583,0.0,15.735483870967743,18.65064516129032
Cuiabá,Centro-Oeste,2022,8,25.36774193548387,33.00322580645162,18.48709677419355,17.6,16.703225806451613,18.155161290322578
Cuiabá,Centro-Oeste,2022,9,28.146666666666665,34.593333333333334,22.726666666666667,44.9,17.153333333333332,16.876333333333335
Cuiabá,Centro-Oeste,2022,10,27.396774193548385,32.619354838709675,22.896774193548385,118.1,14.341935483870968,19.437419354838713
Cuiabá,Centro-Oeste,2022,11,27.346666666666668,33.693333333333335,21.676666666666666,56.5,16.61,23.965666666666667
Cuiabá,Centro-Oeste,2022,12,26.325806451612905,30.61935483870968,23.261290322580646,228.1,15.425806451612903,19.64032258064516
Cuiabá,Centro-Oeste,2023,1,25.806451612903224,30.116129032258065,22.822580645161292,261.1,15.351612903225808,20.936774193548384
Cuiabá,Centro-Oeste,2023,2,26.110714285714288,30.317857142857143,23.210714285714285,179.9,12.299999999999999,20.245714285714286
Cuiabá,Centro-Oeste,2023,3,25.91290322580645,30.345161290322583,22.774193548387096,342.5,14.167741935483871,19.541290322580643
Cuiabá,Centro-Oeste,2023,4,25.44333333333333,29.779999999999998,22.240000000000002,149.9,11.139999999999999,18.213666666666665
Cuiabá,Centro-Oeste,2023,5,24.896774193548385,30.506451612903227,20.203225806451613,9.6,11.996774193548386,17.325161290322583
Cuiabá,Centro-Oeste,2023,6,22.376666666666665,28.673333333333336,16.99,24.6,12.573333333333332,16.471666666666668
Cuiabá,Centro-Oeste,2023,7,24.948387096774194,32.270967741935486,18.64516129032258,0.3,14.764516129032257,18.35709677419355
Cuiabá,Centro-Oeste,2023,8,28.961290322580645,35.903225806451616,22.664516129032258,6.1,15.96774193548387,18.19677419354839
Cuiabá,Centro-Oeste,2023,9,30.39333333333333,36.70333333333333,25.023333333333333,62.2,16.806666666666665,17.101999999999997
Cuiabá,Centro-Oeste,2023,10,31.538709677419355,37.94516129032258,26.506451612903227,62.1,18.212903225806453,21.304193548387094
Cuiabá,Centro-Oeste,2023,11,31.15,37.39666666666667,25.990000000000002,93.7,18.986666666666668,23.599333333333334
Cuiabá,Centro-Oeste,2023,12,29.848387096774193,35.45161290322581,25.45483870967742,97.5,15.567741935483872,23.32677419354839
Cuiabá,Centro-Oeste,2024,1,27.887096774193548,32.57419354838709,24.358064516129033,173.0,14.98709677419355,21.824193548387097
Cuiabá,Centro-Oeste,2024,2,27.8,32.48620689655173,24.344827586206897,157.6,13.46551724137931,21.834137931034483
Cuiabá,Centro-Oeste,2024,3,28.01290322580645,32.616129032258065,24.825806451612905,253.6,12.896774193548387,19.90741935483871
Cuiabá,Centro-Oeste,2024,4,27.19333333333333,31.48,24.05666666666667,200.5,12.883333333333333,18.371666666666666
Cuiabá,Centro-Oeste,2024,5,25.154838709677417,30.22258064516129,20.893548387096775,11.5,14.667741935483871,16.91290322580645
Cuiabá,Centro-Oeste,2024,6,26.266666666666666,33.11333333333333,20.25,0.0,16.53666666666667,17.793
Cuiabá,Centro-Oeste,2024,7,24.83225806451613,32.16774193548387,18.241935483870968,0.0,14.05483870967742,18.355483870967742
Cuiabá,Centro-Oeste,2024,8,27.993548387096773,35.34516129032258,21.193548387096776,0.0,19.951612903225808,18.446129032258067
Cuiabá,Centro-Oeste,2024,9,31.633333333333333,39.17333333333333,24.89333333333333,2.1,18.803333333333335,18.551666666666666
Cuiabá,Centro-Oeste,2024,10,30.47741935483871,36.81290322580645,25.738709677419354,112.6,18.17096774193548,19.839354838709678
Cuiabá,Centro-Oeste,2024,11,27.376666666666665,31.966666666666665,23.959999999999997,219.6,15.103333333333333,20.99233333333333
Cuiabá,Centro-Oeste,2024,12,27.383870967741935,31.612903225806452,24.26451612903226,160.5,12.922580645161291,21.28774193548387
Curitiba,Sul,1980,1,19.725806451612904,24.219354838709677,16.45483870967742,148.6,16.19677419354839,20.781935483870967
Curitiba,Sul,1980,2,20.341379310344827,24.07586206896552,17.55862068965517,181.0,15.0,18.188275862068966
Curitiba,Sul,1980,3,21.60967741935484,25.845161290322583,18.43548387096774,124.39999999999999,12.616129032258065,18.63774193548387
Curitiba,Sul,1980,4,18.57,22.46333333333333,15.870000000000001,87.8,14.013333333333332,12.99
Curitiba,Sul,1980,5,16.419354838709676,20.396774193548385,13.187096774193549,59.2,12.135483870967741,11.115806451612904
Curitiba,Sul,1980,6,12.56,17.15666666666667,8.533333333333333,47.599999999999994,15.336666666666668,10.491333333333333
Curitiba,Sul,1980,7,13.367741935483872,17.432258064516127,10.174193548387096,205.2,16.725806451612904,8.573225806451612
Curitiba,Sul,1980,8,14.30967741935484,18.470967741935485,10.97741935483871,229.4,15.83548387096774,10.45032258064516
Curitiba,Sul,1980,9,13.306666666666667,17.546666666666667,9.713333333333333,168.0,16.503333333333334,13.208
Curitiba,Sul,1980,10,16.738709677419354,21.31935483870968,13.496774193548386,153.3,16.925806451612903,14.934193548387096
Curitiba,Sul,1980,11,17.583333333333332,21.65,14.533333333333333,90.0,15.826666666666666,17.117666666666665
Curitiba,Sul,1980,12,20.306451612903224,24.148387096774194,17.345161290322583,213.0,16.419354838709676,18.45258064516129
Curitiba,Sul,1981,1,20.116129032258065,24.07741935483871,17.383870967741935,205.4,15.941935483870967,17.41032258064516
Curitiba,Sul,1981,2,21.303571428571427,25.707142857142856,18.228571428571428,59.1,14.389285714285714,20.62142857142857
Curitiba,Sul,1981,3,19.56451612903226,23.483870967741936,16.806451612903224,142.1,14.954838709677418,15.660967741935485
Curitiba,Sul,1981,4,17.013333333333332,20.73,14.326666666666666,67.9,15.113333333333333,12.737333333333334
Curitiba,Sul,1981,5,16.796774193548387,20.858064516129033,13.806451612903226,15.4,13.648387096774194,12.057741935483872
Curitiba,Sul,1981,6,12.610000000000001,17.033333333333335,9.1,63.5,15.57,10.198666666666666
Curitiba,Sul,1981,7,11.587096774193547,16.00967741935484,7.990322580645161,49.400000000000006,16.087096774193547,10.861612903225806
Curitiba,Sul,1981,8,14.570967741935483,19.419354838709676,10.703225806451613,66.8,13.493548387096775,12.44516129032258
Curitiba,Sul,1981,9,16.323333333333334,22.353333333333335,11.476666666666667,93.6,17.73,16.391333333333332
Curitiba,Sul,1981,10,15.338709677419354,19.164516129032258,12.393548387096773,138.9,16.516129032258064,13.306774193548387
Curitiba,Sul,1981,11,19.283333333333335,23.98,15.636666666666667,114.2,16.453333333333333,20.3
Curitiba,Sul,1981,12,18.60967741935484,22.374193548387098,15.458064516129031,175.9,17.5,17.101935483870967
Curitiba,Sul,1982,1,18.9,23.31935483870968,15.793548387096775,76.10000000000001,15.46774193548387,20.4941935483871
Curitiba,Sul,1982,2,20.689285714285713,24.739285714285717,17.928571428571427,193.7,13.392857142857142,17.469285714285714
Curitiba,Sul,1982,3,18.90967741935484,22.364516129032257,16.506451612903227,137.6,14.538709677419355,14.029354838709677
Curitiba,Sul,1982,4,16.473333333333333,19.990000000000002,14.043333333333333,33.3,13.656666666666666,12.852333333333332
Curitiba,Sul,1982,5,14.570967741935483,18.780645161290323,11.096774193548388,66.2,13.716129032258063,11.870967741935484
Curitiba,Sul,1982,6,14.926666666666668,18.503333333333334,12.063333333333333,177.7,16.813333333333333,8.552
Curitiba,Sul,1982,7,14.2,18.88064516129032,10.193548387096774,153.3,14.899999999999999,11.66451612903226
Curitiba,Sul,1982,8,15.596774193548388,20.293548387096774,11.935483870967742,97.5,13.754838709677419,12.781935483870969
Curitiba,Sul,1982,9,16.063333333333336,20.90666666666667,12.44,29.9,15.92,15.108333333333333
Curitiba,Sul,1982,10,16.874193548387098,21.306451612903224,12.922580645161291,234.5,17.63225806451613,15.373225806451613
Curitiba,Sul,1982,11,18.94333333333333,23.113333333333333,15.78,241.9,17.053333333333335,14.596666666666666
Curitiba,Sul,1982,12,19.067741935483873,23.135483870967743,15.906451612903227,153.0,15.758064516129032,19.47225806451613
Curitiba,Sul,1983,1,20.82903225806452,24.648387096774194,18.364516129032257,181.8,15.53225806451613,18.9941935483871
Curitiba,Sul,1983,2,20.814285714285713,24.685714285714287,18.232142857142858,102.4,16.485714285714288,17.21607142857143
Curitiba,Sul,1983,3,19.041935483870965,22.351612903225806,16.35483870967742,155.1,15.874193548387098,13.811612903225807
Curitiba,Sul,1983,4,18.123333333333335,21.506666666666668,15.69,147.4,14.453333333333335,10.194666666666667
Curitiba,Sul,1983,5,16.574193548387097,19.116129032258065,14.612903225806452,175.5,16.36774193548387,6.542258064516129
Curitiba,Sul,1983,6,12.743333333333334,16.43,9.67,242.9,15.046666666666669,7.715
Curitiba,Sul,1983,7,14.780645161290321,18.32903225806452,11.774193548387096,223.4,18.27741935483871,8.18290322580645
Curitiba,Sul,1983,8,14.561290322580644,19.47741935483871,10.470967741935485,34.1,16.37741935483871,13.570645161290322
Curitiba,Sul,1983,9,13.520000000000001,17.116666666666667,10.533333333333333,311.8,15.54,11.038
Curitiba,Sul,1983,10,16.700000000000003,20.938709677419357,13.36774193548387,97.2,16.961290322580645,15.580645161290322
Curitiba,Sul,1983,11,19.11,23.493333333333332,15.426666666666668,213.5,15.196666666666665,20.54366666666667
Curitiba,Sul,1983,12,20.041935483870965,24.287096774193547,17.038709677419355,212.8,15.174193548387096,20.695806451612906
Curitiba,Sul,1984,1,22.06451612903226,26.63225806451613,18.603225806451615,133.2,16.241935483870968,22.003225806451614
Curitiba,Sul,1984,2,22.944827586206895,28.044827586206896,19.362068965517242,51.2,13.262068965517242,23.231724137931035
Curitiba,Sul,1984,3,19.48709677419355,23.335483870967742,16.687096774193545,145.6,14.374193548387098,14.949354838709677
Curitiba,Sul,1984,4,17.06,20.953333333333333,14.153333333333332,64.9,14.110000000000001,12.424666666666667
Curitiba,Sul,1984,5,17.270967741935483,21.861290322580647,13.616129032258065,133.0,13.35483870967742,12.276774193548386
Curitiba,Sul,1984,6,14.8,19.696666666666665,10.883333333333333,103.5,17.153333333333332,11.379666666666667
Curitiba,Sul,1984,7,13.819354838709677,18.406451612903226,10.003225806451614,22.5,16.448387096774194,10.823870967741936
Curitiba,Sul,1984,8,12.509677419354839,16.906451612903226,8.82258064516129,190.1,16.816129032258065,10.330967741935483
Curitiba,Sul,1984,9,14.736666666666668,19.42,10.889999999999999,117.0,16.263333333333332,15.102
Curitiba,Sul,1984,10,17.97741935483871,23.25483870967742,13.670967741935485,47.7,15.754838709677419,19.339354838709678
Curitiba,Sul,1984,11,17.763333333333332,21.726666666666667,14.866666666666667,162.6,16.83,15.547
Curitiba,Sul,1984,12,18.654838709677417,22.948387096774194,15.64516129032258,143.3,15.441935483870967,17.496129032258064
Curitiba,Sul,1985,1,19.206451612903226,23.677419354838708,15.683870967741935,44.9,16.06451612903226,21.61193548387097
Curitiba,Sul,1985,2,21.085714285714285,25.560714285714287,18.160714285714285,231.79999999999998,13.832142857142857,18.325714285714287
Curitiba,Sul,1985,3,20.287096774193547,24.06451612903226,17.651612903225807,153.1,14.332258064516129,15.159032258064517
Curitiba,Sul,1985,4,18.316666666666666,21.759999999999998,15.776666666666667,121.0,15.083333333333334,11.461333333333332
Curitiba,Sul,1985,5,15.296774193548387,20.26774193548387,11.370967741935484,21.599999999999998,12.580645161290322,13.165483870967742
Curitiba,Sul,1985,6,13.020000000000001,17.759999999999998,9.183333333333334,41.1,14.363333333333333,11.420666666666667
Curitiba,Sul,1985,7,12.996774193548386,17.654838709677417,9.316129032258065,18.6,15.787096774193548,10.798387096774194
Curitiba,Sul,1985,8,16.190322580645162,22.096774193548388,11.393548387096773,48.1,16.65806451612903,14.683225806451613
Curitiba,Sul,1985,9,15.523333333333333,20.17,12.25,139.5,15.669999999999998,13.926333333333332
Curitiba,Sul,1985,10,17.783870967741933,23.106451612903225,13.790322580645162,75.2,15.374193548387098,19.043225806451613
Curitiba,Sul,1985,11,19.333333333333332,24.753333333333334,15.15,73.1,16.006666666666668,22.086666666666666
Curitiba,Sul,1985,12,20.5,26.038709677419355,16.43548387096774,85.2,15.167741935483871,22.794838709677418
Curitiba,Sul,1986,1,21.570967741935487,26.40967741935484,18.183870967741935,197.8,14.274193548387096,21.601290322580645
Curitiba,Sul,1986,2,21.00357142857143,25.12857142857143,18.196428571428573,191.3,14.924999999999999,18.020357142857144
Curitiba,Sul,1986,3,19.68064516129032,23.76451612903226,16.970967741935485,136.7,14.067741935483872,16.247096774193547
Curitiba,Sul,1986,4,19.023333333333333,22.966666666666665,16.193333333333335,92.9,14.303333333333335,13.321333333333333
Curitiba,Sul,1986,5,16.96451612903226,20.43548387096774,14.064516129032258,81.5,15.14516129032258,9.910322580645163
Curitiba,Sul,1986,6,14.536666666666667,19.246666666666666,10.903333333333334,4.6,12.370000000000001,11.533999999999999
Curitiba,Sul,1986,7,12.95483870967742,16.967741935483872,9.864516129032259,45.6,14.45483870967742,9.640967741935484
Curitiba,Sul,1986,8,15.261290322580646,19.903225806451612,11.551612903225807,82.3,14.993548387096775,12.524516129032257
Curitiba,Sul,1986,9,14.9,19.113333333333333,11.629999999999999,66.5,15.943333333333333,13.296
Curitiba,Sul,1986,10,16.845161290322583,21.90967741935484,12.770967741935483,108.1,15.396774193548387,18.309354838709677
Curitiba,Sul,1986,11,19.216666666666665,23.970000000000002,15.513333333333332,157.5,16.26,19.028000000000002
Curitiba,Sul,1986,12,19.761290322580646,23.84193548387097,16.870967741935484,194.9,14.974193548387097,17.876129032258063
Curitiba,Sul,1987,1,21.60967741935484,26.151612903225807,18.370967741935484,244.4,14.361290322580645,21.263548387096773
Curitiba,Sul,1987,2,20.36785714285714,24.260714285714283,17.760714285714286,193.2,16.021428571428572,18.659285714285716
Curitiba,Sul,1987,3,19.980645161290322,25.03548387096774,16.419354838709676,47.0,13.293548387096775,20.28290322580645
Curitiba,Sul,1987,4,19.18,22.959999999999997,16.62333333333333,100.3,15.566666666666666,12.792666666666666
Curitiba,Sul,1987,5,14.329032258064515,17.958064516129035,10.948387096774193,291.3,16.141935483870967,9.798387096774194
Curitiba,Sul,1987,6,12.516666666666667,17.676666666666666,8.106666666666666,156.20000000000002,13.396666666666667,10.993666666666666
Curitiba,Sul,1987,7,15.758064516129032,20.548387096774192,12.09032258064516,34.0,17.42258064516129,11.118064516129031
Curitiba,Sul,1987,8,13.703225806451613,18.14516129032258,10.003225806451614,92.7,16.725806451612904,12.22225806451613
Curitiba,Sul,1987,9,14.576666666666666,19.21333333333333,11.03,119.0,18.076666666666664,13.299333333333333
Curitiba,Sul,1987,10,16.967741935483872,21.299999999999997,13.303225806451612,123.3,14.996774193548386,14.629677419354838
Curitiba,Sul,1987,11,18.81,23.533333333333335,15.033333333333333,67.9,15.503333333333334,20.082
Curitiba,Sul,1987,12,20.248387096774195,24.85483870967742,16.606451612903225,123.3,15.841935483870968,19.957741935483874
Curitiba,Sul,1988,1,22.25483870967742,27.161290322580644,18.69677419354839,179.0,14.435483870967742,22.091290322580647
Curitiba,Sul,1988,2,19.07586206896552,22.389655172413793,16.841379310344827,137.9,14.586206896551724,13.59103448275862
Curitiba,Sul,1988,3,20.770967741935483,25.20967741935484,17.616129032258065,93.1,12.787096774193548,18.70741935483871
Curitiba,Sul,1988,4,17.543333333333333,20.923333333333336,14.943333333333333,104.7,14.923333333333334,9.894333333333332
Curitiba,Sul,1988,5,14.212903225806452,17.516129032258064,11.35483870967742,203.8,13.674193548387096,8.116451612903226
Curitiba,Sul,1988,6,11.96,16.3,8.243333333333334,102.7,15.823333333333332,9.454666666666666
Curitiba,Sul,1988,7,11.2,15.180645161290323,7.877419354838709,9.6,14.838709677419354,10.620967741935484
Curitiba,Sul,1988,8,14.841935483870968,20.64516129032258,10.254838709677419,5.6,15.27741935483871,14.779032258064515
Curitiba,Sul,1988,9,16.790000000000003,22.040000000000003,12.783333333333333,70.80000000000001,17.483333333333334,13.539
Curitiba,Sul,1988,10,15.974193548387097,20.23548387096774,12.793548387096775,151.20000000000002,16.69677419354839,14.747741935483871
Curitiba,Sul,1988,11,17.43,22.153333333333332,13.69,63.5,17.163333333333334,20.0
Curitiba,Sul,1988,12,19.770967741935483,24.532258064516128,16.274193548387096,138.4,15.345161290322581,20.79741935483871
Curitiba,Sul,1989,1,20.270967741935483,24.125806451612902,17.719354838709677,254.7,15.741935483870968,17.04741935483871
Curitiba,Sul,1989,2,20.50357142857143,24.446428571428573,17.892857142857142,169.4,15.017857142857142,17.249642857142856
Curitiba,Sul,1989,3,19.9,23.729032258064517,17.387096774193548,131.6,12.893548387096773,15.426774193548388
Curitiba,Sul,1989,4,18.7,22.573333333333334,16.2,104.89999999999999,14.29,13.370000000000001
Curitiba,Sul,1989,5,14.561290322580644,18.26451612903226,11.703225806451613,98.60000000000001,13.67741935483871,10.56225806451613
Curitiba,Sul,1989,6,13.57,17.2,10.75,53.6,12.9,8.520666666666667
Curitiba,Sul,1989,7,12.148387096774194,16.822580645161292,8.035483870967742,137.9,14.2,10.709354838709677
Curitiba,Sul,1989,8,13.890322580645162,18.593548387096774,10.029032258064515,83.1,15.55483870967742,13.084516129032258
Curitiba,Sul,1989,9,14.846666666666666,19.166666666666668,11.316666666666666,138.6,15.66,13.530333333333335
Curitiba,Sul,1989,10,15.287096774193548,20.212903225806453,11.235483870967743,93.2,16.02258064516129,18.433870967741935
Curitiba,Sul,1989,11,17.86,22.576666666666664,14.216666666666667,81.5,17.323333333333334,20.672
Curitiba,Sul,1989,12,19.029032258064515,22.719354838709677,16.183870967741935,217.9,17.235483870967744,17.328709677419358
Curitiba,Sul,1990,1,20.748387096774195,24.6,18.05806451612903,329.1,15.764516129032257,15.938709677419356
Curitiba,Sul,1990,2,20.900000000000002,25.435714285714287,17.589285714285715,120.4,13.700000000000001,21.400714285714287
Curitiba,Sul,1990,3,20.812903225806455,24.85483870967742,18.08709677419355,104.39999999999999,12.8,15.71032258064516
Curitiba,Sul,1990,4,20.126666666666665,24.253333333333334,17.206666666666667,93.5,14.983333333333333,14.000333333333334
Curitiba,Sul,1990,5,14.393548387096773,18.780645161290323,10.94516129032258,120.9,14.54516129032258,12.355806451612905
Curitiba,Sul,1990,6,13.486666666666668,17.546666666666667,10.216666666666667,68.9,13.78,9.843333333333334
Curitiba,Sul,1990,7,11.48709677419355,15.141935483870968,8.558064516129033,237.5,15.538709677419355,8.636774193548387
Curitiba,Sul,1990,8,13.070967741935483,17.567741935483873,9.361290322580645,107.7,14.380645161290323,12.024193548387096
Curitiba,Sul,1990,9,13.930000000000001,18.55,10.03,142.8,16.353333333333335,13.546
Curitiba,Sul,1990,10,18.358064516129033,22.84193548387097,14.893548387096773,46.3,15.148387096774192,16.4358064516129
Curitiba,Sul,1990,11,20.546666666666667,25.35666666666667,16.996666666666666,113.5,14.95,18.868999999999996
Curitiba,Sul,1990,12,19.81935483870968,24.52258064516129,15.880645161290323,95.19999999999999,18.070967741935487,20.925161290322578
Curitiba,Sul,1991,1,19.95483870967742,24.4,16.496774193548386,166.1,15.761290322580646,18.3141935483871
Curitiba,Sul,1991,2,19.974999999999998,24.25714285714286,16.728571428571428,132.0,12.685714285714285,19.536785714285713
Curitiba,Sul,1991,3,19.309677419354838,22.925806451612903,16.812903225806455,176.4,13.861290322580645,14.360322580645162
Curitiba,Sul,1991,4,17.946666666666665,22.09333333333333,14.9,96.5,13.366666666666667,13.989666666666666
Curitiba,Sul,1991,5,15.600000000000001,19.72258064516129,12.419354838709678,105.9,13.98709677419355,11.553870967741936
Curitiba,Sul,1991,6,14.54,18.433333333333334,11.229999999999999,159.2,15.263333333333332,9.562333333333333
Curitiba,Sul,1991,7,13.087096774193547,18.032258064516128,9.077419354838709,9.0,14.538709677419355,11.936774193548388
Curitiba,Sul,1991,8,14.790322580645162,19.23225806451613,11.216129032258063,118.2,14.558064516129033,12.165161290322581
Curitiba,Sul,1991,9,15.553333333333335,20.473333333333336,11.866666666666667,125.5,15.466666666666667,14.461
Curitiba,Sul,1991,10,17.5,21.874193548387098,14.05483870967742,128.6,16.541935483870965,16.55806451612903
Curitiba,Sul,1991,11,18.80666666666667,23.186666666666667,15.523333333333333,64.3,16.15,18.579
Curitiba,Sul,1991,12,21.093548387096774,25.716129032258067,17.62258064516129,198.9,15.683870967741935,21.192258064516132
Curitiba,Sul,1992,1,20.751612903225805,25.296774193548387,17.387096774193548,68.2,15.458064516129031,21.27516129032258
Curitiba,Sul,1992,2,21.03448275862069,25.03793103448276,18.151724137931033,180.6,13.986206896551725,19.16103448275862
Curitiba,Sul,1992,3,20.0,23.961290322580645,17.541935483870965,167.3,13.441935483870967,15.532903225806452
Curitiba,Sul,1992,4,17.816666666666666,21.77,14.72,46.2,15.396666666666667,13.534666666666668
Curitiba,Sul,1992,5,16.33225806451613,19.77741935483871,13.345161290322581,240.4,17.274193548387096,9.29516129032258
Curitiba,Sul,1992,6,15.92,19.78666666666667,12.903333333333334,116.8,15.173333333333334,9.877333333333333
Curitiba,Sul,1992,7,12.448387096774193,16.141935483870967,9.219354838709679,156.9,17.003225806451614,8.206774193548387
Curitiba,Sul,1992,8,12.770967741935483,17.103225806451615,9.45483870967742,145.4,14.035483870967743,10.794516129032258
Curitiba,Sul,1992,9,14.95,18.416666666666668,12.2,81.1,15.353333333333333,11.412
Curitiba,Sul,1992,10,17.04516129032258,21.729032258064517,13.561290322580644,113.8,16.238709677419354,16.646451612903224
Curitiba,Sul,1992,11,17.793333333333333,21.976666666666667,14.336666666666668,130.4,15.376666666666667,17.575
Curitiba,Sul,1992,12,19.541935483870965,24.809677419354838,15.44516129032258,45.0,15.374193548387098,23.481290322580644
Curitiba,Sul,1993,1,21.11935483870968,25.306451612903224,18.161290322580644,310.1,14.506451612903225,18.225161290322582
Curitiba,Sul,1993,2,19.775000000000002,23.446428571428573,17.617857142857144,304.0,13.671428571428573,15.864285714285714
Curitiba,Sul,1993,3,20.12258064516129,23.983870967741936,17.393548387096775,128.0,13.290322580645162,15.452580645161289
Curitiba,Sul,1993,4,19.003333333333334,23.013333333333332,16.26,60.8,13.353333333333333,13.832333333333334
Curitiba,Sul,1993,5,15.712903225806452,19.648387096774194,12.448387096774193,76.0,15.158064516129032,10.827741935483871
Curitiba,Sul,1993,6,13.426666666666668,17.523333333333333,9.853333333333333,127.3,14.986666666666668,9.384666666666668
Curitiba,Sul,1993,7,13.483870967741936,18.13225806451613,9.641935483870967,127.19999999999999,15.406451612903227,10.798709677419355
Curitiba,Sul,1993,8,13.44516129032258,18.799999999999997,9.174193548387096,39.9,13.616129032258065,14.311290322580644
Curitiba,Sul,1993,9,14.586666666666666,18.376666666666665,11.453333333333335,290.4,17.2,10.340333333333332
Curitiba,Sul,1993,10,18.44516129032258,23.19677419354839,14.629032258064516,76.0,14.558064516129033,17.113548387096774
Curitiba,Sul,1993,11,20.333333333333332,25.486666666666668,16.24,122.69999999999999,15.613333333333333,23.311666666666667
Curitiba,Sul,1993,12,20.009677419354837,24.44193548387097,16.84193548387097,152.4,16.138709677419357,19.668709677419354
Curitiba,Sul,1994,1,19.712903225806453,23.874193548387098,16.774193548387096,275.8,16.31935483870968,18.036774193548386
Curitiba,Sul,1994,2,21.810714285714287,26.34642857142857,19.085714285714285,222.0,13.450000000000001,18.6275
Curitiba,Sul,1994,3,18.9,22.799999999999997,16.01290322580645,143.4,16.019354838709678,16.181935483870966
Curitiba,Sul,1994,4,17.44333333333333,20.96333333333333,14.71,81.0,15.596666666666666,11.622000000000002
Curitiba,Sul,1994,5,16.845161290322583,20.396774193548385,14.151612903225805,112.1,13.680645161290323,9.701612903225806
Curitiba,Sul,1994,6,13.063333333333333,17.52,9.353333333333333,111.89999999999999,14.543333333333333,10.305
Curitiba,Sul,1994,7,13.770967741935483,18.538709677419355,9.803225806451612,80.5,16.91290322580645,11.649354838709677
Curitiba,Sul,1994,8,14.380645161290323,19.864516129032257,10.106451612903227,24.9,13.196774193548388,14.618709677419355
Curitiba,Sul,1994,9,16.633333333333333,22.240000000000002,12.413333333333332,45.0,14.94,15.153666666666668
Curitiba,Sul,1994,10,17.92258064516129,22.33225806451613,14.729032258064517,158.6,16.687096774193545,14.53032258064516
Curitiba,Sul,1994,11,18.84,23.53666666666667,15.333333333333334,143.5,16.296666666666667,20.020333333333333
Curitiba,Sul,1994,12,20.938709677419357,25.35483870967742,17.612903225806452,158.6,14.990322580645161,19.897096774193546
Curitiba,Sul,1995,1,21.490322580645163,25.345161290322583,18.91290322580645,281.9,15.73225806451613,17.213870967741936
Curitiba,Sul,1995,2,20.339285714285715,24.20357142857143,17.79642857142857,203.8,15.653571428571428,15.65392857142857
Curitiba,Sul,1995,3,19.238709677419354,23.44516129032258,16.141935483870967,155.8,13.86774193548387,16.238387096774193
Curitiba,Sul,1995,4,17.496666666666666,21.863333333333333,13.993333333333334,107.5,13.406666666666666,14.951333333333334
Curitiba,Sul,1995,5,15.35483870967742,19.561290322580643,12.064516129032258,25.4,10.348387096774195,11.727741935483872
Curitiba,Sul,1995,6,14.566666666666666,18.86,10.96,43.3,15.743333333333334,9.255333333333335
Curitiba,Sul,1995,7,15.27741935483871,20.06451612903226,11.558064516129033,105.89999999999999,15.154838709677419,11.269677419354839
Curitiba,Sul,1995,8,16.22258064516129,21.783870967741933,11.838709677419354,64.6,15.254838709677419,13.59032258064516
Curitiba,Sul,1995,9,15.696666666666665,20.276666666666664,11.67,182.5,17.2,12.786333333333333
Curitiba,Sul,1995,10,16.04516129032258,20.32903225806452,12.648387096774194,227.8,16.15806451612903,14.877096774193548
Curitiba,Sul,1995,11,18.336666666666666,22.706666666666667,14.84,123.0,14.953333333333335,20.058666666666667
Curitiba,Sul,1995,12,19.741935483870968,24.38064516129032,16.048387096774192,242.1,14.464516129032257,21.962903225806453
Curitiba,Sul,1996,1,21.187096774193545,25.361290322580647,18.309677419354838,309.9,14.558064516129033,18.48677419354839
Curitiba,Sul,1996,2,20.7,24.696551724137933,18.29310344827586,494.9,15.26551724137931,16.351724137931033
Curitiba,Sul,1996,3,19.383870967741935,22.948387096774194,17.006451612903227,168.8,14.861290322580645,13.485483870967743
Curitiba,Sul,1996,4,18.28666666666667,22.14,15.513333333333334,74.60000000000001,15.046666666666665,13.545
Curitiba,Sul,1996,5,15.187096774193549,18.9741935483871,12.325806451612904,42.3,12.293548387096775,11.024193548387096
Curitiba,Sul,1996,6,12.973333333333333,16.57,9.95,107.69999999999999,14.266666666666667,8.734666666666667
Curitiba,Sul,1996,7,11.600000000000001,15.96774193548387,7.903225806451613,39.3,14.851612903225806,10.183870967741935
Curitiba,Sul,1996,8,14.261290322580646,19.635483870967743,10.12258064516129,67.1,12.264516129032257,13.411935483870968
Curitiba,Sul,1996,9,14.533333333333333,18.540000000000003,11.426666666666668,159.7,16.7,12.391
Curitiba,Sul,1996,10,17.33225806451613,21.280645161290323,14.161290322580646,182.1,15.938709677419356,14.449032258064516
Curitiba,Sul,1996,11,18.166666666666668,22.13,15.153333333333334,116.1,15.81,17.353666666666665
Curitiba,Sul,1996,12,20.677419354838708,24.79032258064516,17.76451612903226,240.3,14.95483870967742,18.63290322580645
Curitiba,Sul,1997,1,20.283870967741933,23.848387096774193,17.883870967741935,399.6,15.483870967741936,16.75548387096774
Curitiba,Sul,1997,2,21.15357142857143,25.175,18.657142857142855,215.5,15.010714285714286,18.302142857142858
Curitiba,Sul,1997,3,18.896774193548385,22.906451612903226,16.25483870967742,72.1,13.851612903225806,17.426451612903225
Curitiba,Sul,1997,4,17.323333333333334,22.046666666666667,13.729999999999999,36.0,14.63,15.167
Curitiba,Sul,1997,5,15.203225806451613,19.503225806451614,11.764516129032257,49.6,14.55483870967742,11.31225806451613
Curitiba,Sul,1997,6,13.626666666666667,17.39,10.356666666666666,255.3,19.17,9.357
Curitiba,Sul,1997,7,14.76774193548387,19.335483870967742,11.174193548387096,48.5,14.919354838709678,11.207096774193548
Curitiba,Sul,1997,8,15.209677419354838,20.425806451612903,10.86774193548387,117.2,14.293548387096775,13.941290322580645
Curitiba,Sul,1997,9,16.743333333333332,21.703333333333333,12.906666666666666,200.9,16.643333333333334,13.893666666666666
Curitiba,Sul,1997,10,17.358064516129033,21.358064516129033,14.067741935483872,234.79999999999998,18.606451612903225,12.899999999999999
Curitiba,Sul,1997,11,19.21333333333333,23.436666666666667,16.003333333333334,218.5,17.1,14.748
Curitiba,Sul,1997,12,21.358064516129033,25.700000000000003,18.12258064516129,112.1,16.348387096774193,21.570645161290326
Curitiba,Sul,1998,1,21.96451612903226,26.306451612903224,18.87741935483871,154.5,15.341935483870968,20.121935483870967
Curitiba,Sul,1998,2,21.13214285714286,24.82857142857143,18.675,287.1,15.717857142857143,14.396428571428572
Curitiba,Sul,1998,3,20.106451612903225,23.861290322580647,17.438709677419357,233.9,14.890322580645162,14.000967741935483
Curitiba,Sul,1998,4,18.416666666666668,22.183333333333334,15.553333333333335,94.9,17.053333333333335,13.088
Curitiba,Sul,1998,5,14.974193548387097,18.893548387096775,11.758064516129032,58.3,14.764516129032257,11.047096774193548
Curitiba,Sul,1998,6,12.866666666666667,17.256666666666668,9.213333333333333,72.3,14.68,10.458333333333334
Curitiba,Sul,1998,7,13.974193548387097,18.161290322580644,10.654838709677419,112.1,14.541935483870969,9.443225806451613
Curitiba,Sul,1998,8,15.774193548387096,19.51290322580645,12.97741935483871,206.49999999999997,16.700000000000003,10.41451612903226
Curitiba,Sul,1998,9,15.386666666666665,18.88,12.58,345.1,17.803333333333335,9.588666666666667
Curitiba,Sul,1998,10,16.583870967741937,20.483870967741936,13.719354838709679,160.70000000000002,18.364516129032257,13.909032258064517
Curitiba,Sul,1998,11,17.80666666666667,22.346666666666668,14.163333333333332,55.4,15.886666666666667,18.69
Curitiba,Sul,1998,12,20.06451612903226,24.506451612903227,16.541935483870965,139.0,17.13225806451613,20.136774193548387
Curitiba,Sul,1999,1,20.677419354838708,24.66774193548387,18.070967741935487,211.5,15.258064516129032,17.468387096774194
Curitiba,Sul,1999,2,21.157142857142855,25.414285714285715,18.521428571428572,226.6,13.225,18.359642857142855
Curitiba,Sul,1999,3,20.425806451612903,24.43548387096774,17.858064516129033,136.29999999999998,13.98709677419355,16.592903225806452
Curitiba,Sul,1999,4,17.153333333333332,21.15,14.123333333333333,84.6,14.43,13.24
Curitiba,Sul,1999,5,14.006451612903225,18.225806451612904,10.55483870967742,65.5,16.503225806451614,12.111612903225806
Curitiba,Sul,1999,6,12.913333333333332,16.693333333333335,9.606666666666666,84.7,13.953333333333335,8.344666666666667
Curitiba,Sul,1999,7,13.529032258064515,17.635483870967743,10.619354838709677,163.60000000000002,15.04516129032258,9.234516129032258
Curitiba,Sul,1999,8,14.303225806451614,20.299999999999997,9.80967741935484,18.0,14.76774193548387,15.163225806451614
Curitiba,Sul,1999,9,16.24,21.459999999999997,12.053333333333335,128.5,18.46333333333333,15.854999999999999
Curitiba,Sul,1999,10,15.245161290322581,19.287096774193547,12.274193548387096,132.2,17.280645161290323,14.358064516129033
Curitiba,Sul,1999,11,16.486666666666668,20.896666666666665,12.946666666666665,98.60000000000001,16.483333333333334,19.441333333333333
Curitiba,Sul,1999,12,19.53548387096774,23.89032258064516,16.29032258064516,151.8,17.393548387096775,19.50741935483871
Curitiba,Sul,2000,1,20.416129032258063,24.661290322580644,17.274193548387096,229.7,14.883870967741935,19.713870967741936
Curitiba,Sul,2000,2,20.110344827586207,24.044827586206896,17.479310344827585,171.7,15.079310344827586,17.253103448275862
Curitiba,Sul,2000,3,19.10967741935484,22.896774193548385,16.480645161290322,96.2,14.851612903225806,14.818709677419355
Curitiba,Sul,2000,4,18.19333333333333,23.233333333333334,14.256666666666666,8.0,13.346666666666666,16.593666666666667
Curitiba,Sul,2000,5,14.974193548387097,19.593548387096774,11.251612903225807,25.1,15.53225806451613,12.873548387096774
Curitiba,Sul,2000,6,15.373333333333333,19.81,11.933333333333334,78.2,14.893333333333334,9.976666666666667
Curitiba,Sul,2000,7,11.187096774193549,16.567741935483873,6.441935483870968,46.699999999999996,15.016129032258064,12.191935483870967
Curitiba,Sul,2000,8,13.832258064516129,19.138709677419353,9.419354838709678,160.9,14.412903225806453,12.617096774193548
Curitiba,Sul,2000,9,14.776666666666667,18.533333333333335,11.636666666666667,211.6,15.71,10.587
Curitiba,Sul,2000,10,19.11935483870968,24.051612903225806,15.748387096774193,116.4,15.13225806451613,17.156129032258065
Curitiba,Sul,2000,11,18.333333333333332,22.573333333333334,15.143333333333334,159.7,16.193333333333335,16.639
Curitiba,Sul,2000,12,20.019354838709678,24.548387096774192,16.419354838709676,197.6,14.932258064516128,20.566129032258065
Curitiba,Sul,2001,1,21.403225806451612,25.90967741935484,18.23225806451613,204.7,14.422580645161291,21.763548387096773
Curitiba,Sul,2001,2,21.664285714285715,25.875,19.146428571428572,250.0,13.15,18.633928571428573
Curitiba,Sul,2001,3,21.07741935483871,25.216129032258067,18.429032258064513,142.9,12.625806451612902,17.731612903225805
Curitiba,Sul,2001,4,19.61,23.683333333333334,16.79,56.8,14.926666666666668,13.611666666666668
Curitiba,Sul,2001,5,14.703225806451613,18.448387096774194,11.638709677419355,153.0,15.080645161290322,10.310645161290322
Curitiba,Sul,2001,6,13.889999999999999,17.95,10.403333333333334,81.39999999999999,14.096666666666666,10.142
Curitiba,Sul,2001,7,13.993548387096775,18.690322580645162,10.219354838709679,151.0,15.083870967741936,10.708064516129031
Curitiba,Sul,2001,8,15.62258064516129,20.493548387096773,11.996774193548386,54.7,13.674193548387096,13.744193548387097
Curitiba,Sul,2001,9,15.633333333333333,19.34333333333333,12.776666666666667,143.60000000000002,17.03666666666667,12.432333333333332
Curitiba,Sul,2001,10,17.370967741935484,22.219354838709677,13.651612903225805,86.1,16.24516129032258,19.728387096774195
Curitiba,Sul,2001,11,19.416666666666668,23.803333333333335,16.113333333333333,99.2,14.696666666666665,16.766333333333332
Curitiba,Sul,2001,12,19.5,23.62258064516129,16.225806451612904,133.1,15.990322580645161,19.776774193548388
Curitiba,Sul,2002,1,20.483870967741936,24.664516129032258,17.593548387096774,226.4,16.019354838709678,18.769032258064517
Curitiba,Sul,2002,2,19.714285714285715,23.839285714285715,16.660714285714285,107.4,14.732142857142858,19.122857142857146
Curitiba,Sul,2002,3,21.81935483870968,26.406451612903226,18.541935483870965,81.3,13.26774193548387,19.22258064516129
Curitiba,Sul,2002,4,19.94333333333333,24.186666666666667,17.0,61.0,14.129999999999999,13.541333333333334
Curitiba,Sul,2002,5,16.919354838709676,20.519354838709678,14.435483870967742,126.5,14.348387096774195,10.040000000000001
Curitiba,Sul,2002,6,15.596666666666666,20.39333333333333,12.013333333333332,17.0,15.21,10.278333333333334
Curitiba,Sul,2002,7,13.680645161290323,18.15806451612903,10.451612903225806,46.599999999999994,14.458064516129031,10.639032258064516
Curitiba,Sul,2002,8,16.39032258064516,21.38064516129032,12.416129032258064,124.3,15.17741935483871,13.781290322580643
Curitiba,Sul,2002,9,15.036666666666667,20.176666666666666,10.833333333333334,146.5,16.226666666666667,16.290333333333333
Curitiba,Sul,2002,10,19.706451612903226,24.84193548387097,16.00967741935484,115.0,14.661290322580646,17.016451612903225
Curitiba,Sul,2002,11,19.31,23.876666666666665,15.993333333333334,161.7,17.63,18.625999999999998
Curitiba,Sul,2002,12,20.74516129032258,25.358064516129033,17.406451612903226,170.3,16.20967741935484,19.793548387096774
Curitiba,Sul,2003,1,20.835483870967742,24.63225806451613,18.12258064516129,289.2,14.899999999999999,17.613870967741935
Curitiba,Sul,2003,2,22.271428571428572,26.817857142857143,18.985714285714288,139.6,13.560714285714285,20.853214285714284
Curitiba,Sul,2003,3,20.080645161290324,24.190322580645162,17.309677419354838,139.7,13.80967741935484,16.940322580645162
Curitiba,Sul,2003,4,18.57,22.93,15.21,44.6,14.143333333333334,15.021333333333333
Curitiba,Sul,2003,5,15.116129032258065,19.81935483870968,11.235483870967743,21.0,15.612903225806452,13.050967741935484
Curitiba,Sul,2003,6,15.823333333333332,20.453333333333333,12.326666666666666,78.5,14.586666666666668,10.607
Curitiba,Sul,2003,7,14.412903225806453,18.693548387096776,11.135483870967741,86.60000000000001,14.348387096774195,10.434516129032259
Curitiba,Sul,2003,8,13.161290322580646,18.33225806451613,8.761290322580646,25.700000000000003,13.380645161290323,14.440967741935484
Curitiba,Sul,2003,9,15.406666666666666,20.91,11.376666666666667,147.5,14.806666666666667,15.568333333333333
Curitiba,Sul,2003,10,16.932258064516127,21.483870967741936,13.419354838709678,116.0,15.629032258064516,16.671290322580642
Curitiba,Sul,2003,11,18.173333333333336,22.863333333333333,14.516666666666667,128.4,18.3,20.007333333333335
Curitiba,Sul,2003,12,19.783870967741933,24.029032258064515,16.635483870967743,180.5,17.40967741935484,17.74774193548387
Curitiba,Sul,2004,1,19.325806451612905,23.09032258064516,16.703225806451613,249.70000000000002,14.57741935483871,17.725806451612904
Curitiba,Sul,2004,2,19.67241379310345,23.872413793103448,16.775862068965516,143.9,15.051724137931034,19.34551724137931
Curitiba,Sul,2004,3,18.725806451612904,23.01290322580645,15.703225806451613,114.10000000000001,13.061290322580644,16.750967741935483
Curitiba,Sul,2004,4,18.623333333333335,22.220000000000002,16.133333333333333,97.6,14.193333333333333,12.454
Curitiba,Sul,2004,5,13.770967741935483,17.135483870967743,10.941935483870967,203.8,14.925806451612903,9.155806451612902
Curitiba,Sul,2004,6,13.733333333333333,18.363333333333333,10.110000000000001,29.2,12.846666666666666,10.565666666666667
Curitiba,Sul,2004,7,12.929032258064517,16.483870967741936,10.129032258064516,122.0,16.603225806451615,8.952258064516128
Curitiba,Sul,2004,8,14.46774193548387,19.883870967741935,10.30967741935484,34.1,13.080645161290322,14.551290322580645
Curitiba,Sul,2004,9,18.05,23.68,13.676666666666668,55.6,16.936666666666667,16.25766666666667
Curitiba,Sul,2004,10,16.62258064516129,21.661290322580644,12.635483870967741,217.6,16.77741935483871,16.119677419354836
Curitiba,Sul,2004,11,18.053333333333335,22.376666666666665,14.703333333333335,145.0,16.556666666666665,16.863
Curitiba,Sul,2004,12,18.93548387096774,23.08709677419355,15.654838709677419,155.3,16.603225806451615,18.59967741935484
Curitiba,Sul,2005,1,20.093548387096774,23.690322580645162,17.432258064516127,185.20000000000002,15.925806451612903,16.36064516129032
Curitiba,Sul,2005,2,19.860714285714288,24.3,16.760714285714286,116.2,14.853571428571428,20.157142857142855
Curitiba,Sul,2005,3,20.06451612903226,24.225806451612904,17.070967741935487,90.0,14.929032258064517,16.96483870967742
Curitiba,Sul,2005,4,19.073333333333334,22.966666666666665,16.29,117.2,13.763333333333332,12.690333333333333
Curitiba,Sul,2005,5,16.606451612903225,21.129032258064516,12.870967741935484,109.2,12.941935483870967,13.201612903225806
Curitiba,Sul,2005,6,15.889999999999999,19.936666666666667,12.953333333333335,53.8,12.4,10.371
Curitiba,Sul,2005,7,13.287096774193548,17.84193548387097,9.296774193548387,78.5,14.970967741935485,12.056774193548387
Curitiba,Sul,2005,8,15.76774193548387,21.177419354838708,11.46774193548387,82.3,15.73225806451613,15.341612903225807
Curitiba,Sul,2005,9,14.016666666666667,17.706666666666667,10.99,248.6,18.029999999999998,10.71
Curitiba,Sul,2005,10,17.86774193548387,21.983870967741936,14.912903225806453,215.5,15.574193548387097,12.629999999999999
Curitiba,Sul,2005,11,17.84333333333333,22.216666666666665,14.376666666666667,94.5,15.93,19.816
Curitiba,Sul,2005,12,18.816129032258065,23.24516129032258,15.209677419354838,90.6,16.990322580645163,20.050967741935484
Curitiba,Sul,2006,1,21.548387096774192,26.080645161290324,18.238709677419354,135.0,13.929032258064517,21.425161290322578
Curitiba,Sul,2006,2,20.925,25.182142857142857,17.896428571428572,164.9,14.867857142857144,19.361428571428572
Curitiba,Sul,2006,3,20.625806451612902,24.858064516129033,17.916129032258063,144.9,15.151612903225805,16.728709677419356
Curitiba,Sul,2006,4,17.576666666666664,21.96333333333333,14.083333333333334,23.5,13.746666666666666,15.097333333333333
Curitiba,Sul,2006,5,13.829032258064515,18.306451612903224,10.27741935483871,13.100000000000001,13.838709677419354,12.01032258064516
Curitiba,Sul,2006,6,14.613333333333333,18.959999999999997,11.370000000000001,39.599999999999994,14.503333333333332,10.143666666666666
Curitiba,Sul,2006,7,15.629032258064516,21.135483870967743,11.361290322580645,20.4,14.245161290322581,12.732580645161292
Curitiba,Sul,2006,8,15.570967741935483,21.164516129032258,11.106451612903227,54.2,15.3,13.935806451612903
Curitiba,Sul,2006,9,14.82,19.723333333333336,10.913333333333332,172.3,17.883333333333333,14.54
Curitiba,Sul,2006,10,17.35483870967742,21.929032258064513,14.19032258064516,57.2,15.264516129032257,15.25
Curitiba,Sul,2006,11,18.346666666666668,22.39,15.21,176.7,16.34,15.908666666666667
Curitiba,Sul,2006,12,20.406451612903226,24.25483870967742,17.651612903225807,155.3,15.851612903225806,17.221612903225807
Curitiba,Sul,2007,1,20.6,24.261290322580646,17.948387096774194,210.7,15.432258064516128,16.96225806451613
Curitiba,Sul,2007,2,20.607142857142858,24.571428571428573,17.678571428571427,166.8,14.778571428571428,18.04642857142857
Curitiba,Sul,2007,3,21.53548387096774,26.070967741935487,18.07741935483871,120.5,11.819354838709677,19.755806451612905
Curitiba,Sul,2007,4,19.096666666666668,23.013333333333332,16.423333333333332,57.6,13.623333333333333,13.31
Curitiba,Sul,2007,5,14.629032258064516,18.596774193548388,11.112903225806452,128.4,16.306451612903224,11.376129032258065
Curitiba,Sul,2007,6,14.81,20.163333333333334,10.566666666666666,10.700000000000001,16.296666666666667,11.955333333333334
Curitiba,Sul,2007,7,12.780645161290321,17.625806451612902,8.535483870967743,107.8,16.393548387096775,10.871935483870967
Curitiba,Sul,2007,8,14.577419354838709,19.76451612903226,10.619354838709677,25.2,16.25161290322581,12.843225806451612
Curitiba,Sul,2007,9,17.793333333333333,23.573333333333334,13.726666666666667,57.5,14.729999999999999,17.221
Curitiba,Sul,2007,10,18.53548387096774,23.825806451612905,14.793548387096775,48.1,16.24516129032258,17.49741935483871
Curitiba,Sul,2007,11,18.28666666666667,22.776666666666664,14.84,126.8,17.71333333333333,19.380333333333333
Curitiba,Sul,2007,12,20.116129032258065,24.983870967741936,16.596774193548388,188.3,14.293548387096775,21.596129032258066
Curitiba,Sul,2008,1,19.280645161290323,22.641935483870967,16.925806451612903,241.20000000000002,17.261290322580646,16.74967741935484
Curitiba,Sul,2008,2,20.110344827586207,24.137931034482758,17.420689655172414,193.4,14.844827586206897,18.27896551724138
Curitiba,Sul,2008,3,19.31935483870968,23.080645161290324,16.551612903225806,95.0,15.412903225806453,16.548387096774192
Curitiba,Sul,2008,4,17.61,21.696666666666665,14.236666666666668,121.7,13.646666666666667,12.754333333333333
Curitiba,Sul,2008,5,14.525806451612903,18.796774193548387,10.922580645161291,70.3,14.551612903225807,12.14258064516129
Curitiba,Sul,2008,6,13.233333333333333,17.426666666666666,9.693333333333333,94.4,15.21,10.001
Curitiba,Sul,2008,7,14.583870967741934,19.938709677419357,10.412903225806453,53.6,12.651612903225805,12.783225806451613
Curitiba,Sul,2008,8,15.383870967741935,19.716129032258067,11.83548387096774,132.7,16.070967741935483,11.854193548387098
Curitiba,Sul,2008,9,14.263333333333332,18.80666666666667,10.846666666666666,98.2,17.466666666666665,13.018
Curitiba,Sul,2008,10,17.44193548387097,21.416129032258063,14.290322580645162,212.4,17.958064516129035,13.236774193548387
Curitiba,Sul,2008,11,17.40666666666667,21.033333333333335,14.78,148.2,17.540000000000003,16.414333333333335
Curitiba,Sul,2008,12,18.9,23.570967741935487,15.33548387096774,102.2,15.53225806451613,21.177419354838708
Curitiba,Sul,2009,1,19.55483870967742,23.438709677419357,16.719354838709677,202.5,17.04193548387097,17.783870967741933
Curitiba,Sul,2009,2,20.696428571428573,24.714285714285715,17.860714285714288,174.9,14.521428571428572,17.149285714285714
Curitiba,Sul,2009,3,20.606451612903225,24.87741935483871,17.716129032258067,70.0,13.474193548387097,17.92967741935484
Curitiba,Sul,2009,4,17.883333333333333,21.959999999999997,15.043333333333333,48.800000000000004,13.363333333333333,14.075333333333333
Curitiba,Sul,2009,5,15.751612903225807,19.687096774193545,12.603225806451613,88.6,14.229032258064517,10.752258064516129
Curitiba,Sul,2009,6,11.79,16.0,8.443333333333333,88.1,13.436666666666667,10.028666666666668
Curitiba,Sul,2009,7,13.006451612903225,16.4,10.293548387096775,260.6,13.925806451612903,7.347096774193548
Curitiba,Sul,2009,8,14.838709677419354,19.719354838709677,10.95483870967742,92.39999999999999,15.19032258064516,13.54967741935484
Curitiba,Sul,2009,9,16.486666666666668,20.476666666666667,13.47,154.1,17.046666666666667,11.54
Curitiba,Sul,2009,10,16.69677419354839,21.038709677419355,13.51290322580645,157.3,16.125806451612902,14.495806451612903
Curitiba,Sul,2009,11,21.509999999999998,25.956666666666667,18.07,129.0,16.226666666666667,18.679
Curitiba,Sul,2009,12,20.39032258064516,24.448387096774194,17.280645161290323,161.7,14.690322580645162,18.506451612903227
Curitiba,Sul,2010,1,20.996774193548386,24.703225806451613,18.532258064516128,284.3,16.31935483870968,15.566774193548387
Curitiba,Sul,2010,2,21.964285714285715,25.821428571428573,18.99285714285714,151.6,13.857142857142858,18.118928571428572
Curitiba,Sul,2010,3,20.154838709677417,24.019354838709678,17.38064516129032,174.4,14.748387096774193,15.808709677419355
Curitiba,Sul,2010,4,17.38,21.279999999999998,14.353333333333333,135.8,14.293333333333333,12.848
Curitiba,Sul,2010,5,14.858064516129033,18.496774193548386,11.774193548387096,88.3,15.906451612903227,10.025483870967742
Curitiba,Sul,2010,6,13.433333333333334,17.61,10.103333333333333,73.2,15.086666666666668,10.205666666666668
Curitiba,Sul,2010,7,14.319354838709677,18.47741935483871,11.19032258064516,50.8,15.432258064516128,10.12741935483871
Curitiba,Sul,2010,8,13.55483870967742,18.496774193548386,9.287096774193548,58.5,15.02258064516129,13.382903225806452
Curitiba,Sul,2010,9,16.470000000000002,21.603333333333335,12.703333333333335,75.2,16.576666666666668,14.508666666666667
Curitiba,Sul,2010,10,15.716129032258063,20.051612903225806,12.45483870967742,162.1,15.009677419354839,15.29967741935484
Curitiba,Sul,2010,11,18.066666666666666,22.826666666666664,14.49,144.3,15.67,19.697
Curitiba,Sul,2010,12,19.51290322580645,23.44193548387097,16.51290322580645,251.4,15.87741935483871,16.712580645161292
Curitiba,Sul,2011,1,21.493548387096773,25.75483870967742,18.73548387096774,301.7,12.82258064516129,19.02709677419355
Curitiba,Sul,2011,2,21.032142857142855,24.739285714285717,18.55,231.8,14.828571428571427,15.676428571428572
Curitiba,Sul,2011,3,18.66774193548387,21.893548387096775,16.419354838709676,67.4,16.703225806451613,12.692258064516128
Curitiba,Sul,2011,4,18.216666666666665,22.206666666666667,15.31,75.4,13.68,13.562000000000001
Curitiba,Sul,2011,5,14.541935483870969,18.529032258064515,11.422580645161291,19.5,13.73225806451613,11.130322580645162
Curitiba,Sul,2011,6,12.74,17.703333333333333,8.773333333333333,76.5,14.266666666666667,11.180666666666667
Curitiba,Sul,2011,7,14.038709677419355,18.529032258064515,10.564516129032258,191.9,13.77741935483871,10.114193548387098
Curitiba,Sul,2011,8,14.135483870967741,18.66774193548387,10.370967741935484,170.4,17.88064516129032,12.086451612903225
Curitiba,Sul,2011,9,14.453333333333335,19.543333333333333,10.566666666666666,48.1,15.596666666666666,15.320666666666666
Curitiba,Sul,2011,10,17.370967741935484,21.85483870967742,13.912903225806453,175.0,17.603225806451615,16.38935483870968
Curitiba,Sul,2011,11,17.023333333333333,21.636666666666667,13.446666666666665,115.4,15.863333333333333,19.845333333333333
Curitiba,Sul,2011,12,19.074193548387097,23.416129032258063,15.3,143.7,16.270967741935483,19.760967741935485
Curitiba,Sul,2012,1,19.45483870967742,23.580645161290324,16.532258064516128,239.8,15.461290322580645,18.971612903225807
Curitiba,Sul,2012,2,21.720689655172414,26.03793103448276,18.524137931034485,167.1,12.493103448275862,19.783103448275863
Curitiba,Sul,2012,3,19.816129032258065,24.60967741935484,16.016129032258064,74.5,14.209677419354838,19.656451612903226
Curitiba,Sul,2012,4,18.15,22.186666666666667,15.306666666666667,120.19999999999999,13.576666666666666,13.486666666666668
Curitiba,Sul,2012,5,14.883870967741935,18.467741935483872,12.22258064516129,73.3,14.761290322580646,10.072903225806451
Curitiba,Sul,2012,6,13.803333333333335,17.333333333333332,11.096666666666666,229.3,14.21,8.064333333333334
Curitiba,Sul,2012,7,13.212903225806452,17.719354838709677,9.40967741935484,155.2,15.832258064516129,9.719032258064518
Curitiba,Sul,2012,8,15.603225806451613,20.635483870967743,12.02258064516129,15.0,13.906451612903227,14.322258064516129
Curitiba,Sul,2012,9,17.113333333333333,23.103333333333335,12.5,39.0,17.266666666666666,17.432333333333336
Curitiba,Sul,2012,10,19.116129032258065,24.787096774193547,14.961290322580645,94.8,16.39032258064516,17.693870967741937
Curitiba,Sul,2012,11,18.476666666666667,22.86,15.17,67.2,15.520000000000001,18.396
Curitiba,Sul,2012,12,22.251612903225805,26.858064516129033,18.970967741935485,187.5,15.209677419354838,19.6658064516129
Curitiba,Sul,2013,1,19.429032258064513,23.519354838709678,16.493548387096773,113.8,16.19677419354839,18.588709677419356
Curitiba,Sul,2013,2,20.50714285714286,24.32857142857143,17.91785714285714,202.2,16.025,16.38142857142857
Curitiba,Sul,2013,3,19.080645161290324,22.825806451612905,16.44516129032258,205.6,16.09032258064516,13.816774193548387
Curitiba,Sul,2013,4,17.313333333333333,21.69333333333333,13.886666666666667,55.0,13.25,14.926666666666668
Curitiba,Sul,2013,5,15.635483870967741,19.75483870967742,12.125806451612902,141.1,14.2,11.023225806451613
Curitiba,Sul,2013,6,14.639999999999999,18.226666666666667,11.9,262.8,14.503333333333334,8.255666666666666
Curitiba,Sul,2013,7,12.46774193548387,16.938709677419357,8.764516129032257,164.5,15.161290322580646,10.201612903225806
Curitiba,Sul,2013,8,13.696774193548388,19.287096774193547,9.119354838709677,57.8,17.12258064516129,13.285806451612904
Curitiba,Sul,2013,9,15.71,20.55666666666667,11.673333333333334,183.29999999999998,15.176666666666668,14.454333333333333
Curitiba,Sul,2013,10,16.783870967741933,21.416129032258063,13.129032258064516,90.2,17.17096774193548,16.97451612903226
Curitiba,Sul,2013,11,18.263333333333332,22.646666666666665,14.7,154.2,18.336666666666666,17.276333333333334
Curitiba,Sul,2013,12,20.274193548387096,24.55806451612903,17.129032258064516,115.9,16.374193548387098,19.205161290322582
Curitiba,Sul,2014,1,22.02258064516129,26.67096774193548,18.6,176.29999999999998,13.903225806451612,21.82225806451613
Curitiba,Sul,2014,2,22.089285714285715,26.667857142857144,18.482142857142858,115.4,15.096428571428572,20.313214285714285
Curitiba,Sul,2014,3,19.887096774193548,23.81935483870968,17.251612903225805,165.9,15.158064516129032,15.781290322580647
Curitiba,Sul,2014,4,17.916666666666668,21.446666666666665,15.433333333333334,88.6,14.496666666666666,11.601333333333335
Curitiba,Sul,2014,5,15.603225806451613,19.406451612903226,12.709677419354838,78.8,14.238709677419354,10.51
Curitiba,Sul,2014,6,14.96,18.886666666666667,11.973333333333333,97.3,15.343333333333334,9.822666666666667
Curitiba,Sul,2014,7,13.567741935483872,17.509677419354837,10.329032258064515,32.3,14.912903225806453,9.872903225806452
Curitiba,Sul,2014,8,14.970967741935485,20.458064516129035,10.393548387096773,61.2,15.093548387096773,14.690645161290323
Curitiba,Sul,2014,9,16.943333333333335,21.62,13.556666666666667,142.70000000000002,16.306666666666665,13.916666666666666
Curitiba,Sul,2014,10,18.948387096774194,24.68064516129032,14.525806451612903,29.8,15.8,20.48516129032258
Curitiba,Sul,2014,11,18.84333333333333,23.386666666666667,15.576666666666666,101.9,15.433333333333334,18.055666666666664
Curitiba,Sul,2014,12,20.374193548387098,24.73548387096774,17.07741935483871,224.1,16.58709677419355,18.48193548387097
Curitiba,Sul,2015,1,21.983870967741936,26.429032258064513,18.703225806451613,239.8,14.483870967741936,20.96516129032258
Curitiba,Sul,2015,2,20.75357142857143,24.642857142857142,17.978571428571428,230.4,13.867857142857144,17.85
Curitiba,Sul,2015,3,19.55483870967742,23.258064516129032,17.164516129032258,164.2,13.980645161290322,14.531290322580647
Curitiba,Sul,2015,4,17.743333333333332,21.60666666666667,15.1,60.0,14.716666666666667,12.848999999999998
Curitiba,Sul,2015,5,15.564516129032258,19.048387096774192,12.951612903225806,101.5,15.09032258064516,10.020967741935483
Curitiba,Sul,2015,6,14.466666666666667,19.13,10.876666666666667,107.2,16.943333333333335,10.721666666666666
Curitiba,Sul,2015,7,14.80967741935484,18.570967741935487,11.780645161290321,203.0,15.612903225806452,9.450967741935484
Curitiba,Sul,2015,8,16.88064516129032,22.23548387096774,12.754838709677419,43.8,14.138709677419355,14.808709677419355
Curitiba,Sul,2015,9,17.996666666666666,23.05666666666667,14.32,155.79999999999998,16.71333333333333,14.993
Curitiba,Sul,2015,10,18.5,22.85483870967742,15.290322580645162,162.4,16.129032258064516,13.821612903225805
Curitiba,Sul,2015,11,18.823333333333334,22.346666666666668,16.113333333333333,221.8,16.303333333333335,12.377333333333333
Curitiba,Sul,2015,12,20.980645161290322,25.003225806451614,18.19677419354839,213.8,16.29032258064516,16.349032258064515
Curitiba,Sul,2016,1,20.55806451612903,24.48709677419355,17.561290322580643,128.9,17.312903225806455,18.90064516129032
Curitiba,Sul,2016,2,21.63448275862069,25.303448275862067,19.120689655172413,252.2,14.906896551724138,15.853793103448275
Curitiba,Sul,2016,3,19.93548387096774,24.116129032258065,17.0258064516129,82.3,15.01290322580645,16.973870967741938
Curitiba,Sul,2016,4,20.686666666666667,25.35,17.259999999999998,106.8,13.67,16.214333333333332
Curitiba,Sul,2016,5,14.441935483870967,17.596774193548388,11.745161290322581,166.6,14.251612903225807,8.653870967741934
Curitiba,Sul,2016,6,11.263333333333332,15.493333333333334,7.7733333333333325,142.9,11.973333333333333,9.903666666666668
Curitiba,Sul,2016,7,13.525806451612903,18.58709677419355,9.612903225806452,70.2,14.474193548387097,11.849677419354839
Curitiba,Sul,2016,8,14.183870967741935,19.293548387096774,9.86774193548387,161.8,14.887096774193548,12.87774193548387
Curitiba,Sul,2016,9,14.93,20.03666666666667,11.033333333333333,74.0,15.84,16.407
Curitiba,Sul,2016,10,16.906451612903226,21.20967741935484,13.748387096774193,103.7,17.01290322580645,15.020645161290322
Curitiba,Sul,2016,11,18.25,22.733333333333334,14.860000000000001,71.6,15.083333333333334,18.543
Curitiba,Sul,2016,12,20.338709677419356,24.393548387096775,16.93548387096774,155.9,15.661290322580646,18.09903225806452
Curitiba,Sul,2017,1,21.11935483870968,25.293548387096774,18.370967741935484,252.6,18.403225806451612,20.534193548387094
Curitiba,Sul,2017,2,21.692857142857143,26.29642857142857,18.52857142857143,84.9,15.932142857142859,20.700357142857143
Curitiba,Sul,2017,3,19.43548387096774,23.30322580645161,16.94516129032258,93.6,18.051612903225806,14.868709677419355
Curitiba,Sul,2017,4,17.133333333333333,21.053333333333335,14.266666666666667,103.89999999999999,18.38,12.814333333333334
Curitiba,Sul,2017,5,16.13225806451613,19.951612903225808,13.338709677419354,130.0,16.712903225806453,9.888709677419355
Curitiba,Sul,2017,6,14.163333333333332,18.69333333333333,10.45,131.2,17.596666666666668,10.549333333333333
Curitiba,Sul,2017,7,13.096774193548388,18.4,8.745161290322581,12.3,16.306451612903224,12.94032258064516
Curitiba,Sul,2017,8,14.538709677419355,19.370967741935484,10.85483870967742,64.39999999999999,19.893548387096775,13.259032258064517
Curitiba,Sul,2017,9,18.10666666666667,24.78666666666667,13.639999999999999,47.2,19.273333333333333,18.70133333333333
Curitiba,Sul,2017,10,17.812903225806455,22.806451612903224,14.103225806451613,179.4,21.496774193548386,15.798709677419355
Curitiba,Sul,2017,11,17.686666666666667,22.543333333333333,14.053333333333335,129.4,20.433333333333334,20.030666666666665
Curitiba,Sul,2017,12,19.77741935483871,23.822580645161292,16.858064516129033,169.9,18.19677419354839,17.521935483870966
Curitiba,Sul,2018,1,20.32903225806452,24.516129032258064,17.42258064516129,229.3,19.87741935483871,18.057741935483868
Curitiba,Sul,2018,2,19.139285714285712,23.275000000000002,16.05,93.6,18.05,17.328214285714285
Curitiba,Sul,2018,3,20.63225806451613,24.9741935483871,17.883870967741935,144.4,15.51290322580645,15.159032258064517
Curitiba,Sul,2018,4,18.446666666666665,23.52,14.943333333333333,15.0,16.386666666666667,16.299666666666667
Curitiba,Sul,2018,5,16.141935483870967,20.932258064516127,12.693548387096774,27.299999999999997,17.206451612903226,12.536129032258065
Curitiba,Sul,2018,6,14.483333333333333,18.91,10.806666666666667,89.7,16.483333333333334,9.776333333333334
Curitiba,Sul,2018,7,15.093548387096773,20.916129032258063,10.638709677419355,15.7,17.5258064516129,13.058709677419355
Curitiba,Sul,2018,8,13.703225806451613,19.203225806451613,9.577419354838709,39.3,18.138709677419353,14.37258064516129
Curitiba,Sul,2018,9,16.156666666666666,20.94,12.816666666666666,85.60000000000001,18.45,14.393
Curitiba,Sul,2018,10,16.758064516129032,20.76774193548387,13.661290322580646,197.3,20.396774193548385,13.668387096774195
Curitiba,Sul,2018,11,18.11,22.483333333333334,14.886666666666667,77.3,20.933333333333334,18.13533333333333
Curitiba,Sul,2018,12,20.83225806451613,26.06451612903226,16.848387096774193,116.10000000000001,17.929032258064513,24.31709677419355
Curitiba,Sul,2019,1,22.77741935483871,27.496774193548386,19.03548387096774,158.3,16.54516129032258,22.34193548387097
Curitiba,Sul,2019,2,20.460714285714285,24.660714285714285,17.34642857142857,205.9,18.7,17.866785714285715
Curitiba,Sul,2019,3,19.72258064516129,23.806451612903224,16.893548387096775,93.5,17.6,16.667096774193546
Curitiba,Sul,2019,4,18.94333333333333,23.426666666666666,15.54,83.9,15.629999999999999,14.340333333333332
Curitiba,Sul,2019,5,16.993548387096773,20.638709677419353,14.17741935483871,228.9,16.603225806451615,9.888064516129031
Curitiba,Sul,2019,6,15.676666666666668,20.553333333333335,11.816666666666666,96.10000000000001,15.82,12.373999999999999
Curitiba,Sul,2019,7,13.638709677419355,18.980645161290322,9.22258064516129,28.1,17.08709677419355,12.953870967741935
Curitiba,Sul,2019,8,14.225806451612904,19.793548387096774,9.887096774193548,38.5,18.770967741935483,14.064516129032258
Curitiba,Sul,2019,9,16.216666666666665,21.21333333333333,12.51,171.6,19.283333333333335,14.487
Curitiba,Sul,2019,10,18.838709677419356,24.509677419354837,14.40967741935484,63.8,17.98709677419355,19.331935483870968
Curitiba,Sul,2019,11,18.59,23.416666666666668,15.116666666666667,123.4,20.59333333333333,19.644333333333336
Curitiba,Sul,2019,12,19.712903225806453,24.6,16.141935483870967,111.1,19.299999999999997,21.311290322580643
Curitiba,Sul,2020,1,20.65806451612903,25.019354838709678,17.30322580645161,169.0,18.432258064516127,20.07709677419355
Curitiba,Sul,2020,2,19.74827586206897,23.951724137931034,16.455172413793104,128.6,18.358620689655172,18.643448275862067
Curitiba,Sul,2020,3,19.138709677419353,24.438709677419357,15.412903225806453,56.0,18.206451612903226,20.348387096774193
Curitiba,Sul,2020,4,17.06,22.73,12.893333333333334,28.299999999999997,17.959999999999997,17.41466666666667
Curitiba,Sul,2020,5,14.596774193548388,20.10967741935484,9.951612903225806,57.8,17.335483870967742,14.189677419354839
Curitiba,Sul,2020,6,15.42,19.52,12.22,136.0,21.36,10.165
Curitiba,Sul,2020,7,14.158064516129032,19.283870967741933,9.932258064516128,34.3,18.980645161290322,12.815483870967741
Curitiba,Sul,2020,8,14.141935483870968,19.674193548387095,10.016129032258064,134.9,16.861290322580647,14.274838709677418
Curitiba,Sul,2020,9,17.946666666666665,24.423333333333336,13.28,14.6,20.05666666666667,17.296
Curitiba,Sul,2020,10,18.4,23.774193548387096,14.161290322580646,94.3,19.490322580645163,18.970645161290324
Curitiba,Sul,2020,11,17.9,22.873333333333335,14.136666666666667,142.3,17.93,21.954
Curitiba,Sul,2020,12,19.98709677419355,24.080645161290324,17.009677419354837,206.9,18.4741935483871,19.30483870967742
Curitiba,Sul,2021,1,20.548387096774192,24.048387096774192,18.141935483870967,228.3,19.248387096774195,16.491935483870968
Curitiba,Sul,2021,2,19.974999999999998,24.478571428571428,16.532142857142855,152.29999999999998,17.939285714285713,22.0275
Curitiba,Sul,2021,3,20.335483870967742,24.712903225806453,17.11935483870968,139.3,14.951612903225806,17.554193548387094
Curitiba,Sul,2021,4,16.669999999999998,20.886666666666667,13.76,43.8,16.87,14.763
Curitiba,Sul,2021,5,14.922580645161291,19.6,11.029032258064515,60.6,16.806451612903224,12.393548387096773
Curitiba,Sul,2021,6,13.370000000000001,17.603333333333335,10.253333333333334,115.2,16.21333333333333,10.675333333333333
Curitiba,Sul,2021,7,11.412903225806453,16.95483870967742,6.664516129032258,28.0,16.29032258064516,13.797419354838711
Curitiba,Sul,2021,8,15.01290322580645,19.787096774193547,11.35483870967742,90.9,17.261290322580646,13.118709677419355
Curitiba,Sul,2021,9,17.136666666666667,22.790000000000003,12.886666666666667,51.6,18.0,16.541666666666668
Curitiba,Sul,2021,10,15.90967741935484,19.835483870967742,12.97741935483871,237.1,20.338709677419356,13.489032258064517
Curitiba,Sul,2021,11,18.346666666666668,23.733333333333334,14.44,82.1,19.926666666666666,22.342333333333332
Curitiba,Sul,2021,12,19.374193548387098,24.812903225806455,15.47741935483871,100.4,20.032258064516128,24.02548387096774
Curitiba,Sul,2022,1,20.603225806451615,25.225806451612904,17.141935483870967,212.3,18.061290322580643,21.180967741935483
Curitiba,Sul,2022,2,20.724999999999998,25.803571428571427,17.192857142857143,86.7,17.875,23.254285714285714
Curitiba,Sul,2022,3,20.212903225806453,24.67096774193548,17.103225806451615,193.4,18.374193548387098,16.580322580645163
Curitiba,Sul,2022,4,17.40666666666667,21.92,14.086666666666668,92.7,17.863333333333333,14.268
Curitiba,Sul,2022,5,14.138709677419355,19.003225806451614,10.261290322580646,109.6,19.141935483870967,13.333548387096773
Curitiba,Sul,2022,6,13.266666666666667,18.009999999999998,9.46,83.6,18.373333333333335,11.138666666666667
Curitiba,Sul,2022,7,15.509677419354839,21.538709677419355,10.609677419354838,26.1,19.26451612903226,14.173548387096774
Curitiba,Sul,2022,8,13.687096774193549,18.41290322580645,9.890322580645162,157.5,21.306451612903224,13.256774193548386
Curitiba,Sul,2022,9,13.51,17.733333333333334,10.266666666666667,260.4,21.073333333333334,13.229666666666667
Curitiba,Sul,2022,10,17.154838709677417,22.125806451612902,13.45483870967742,115.0,20.76774193548387,17.80516129032258
Curitiba,Sul,2022,11,16.136666666666667,20.86,12.646666666666667,126.3,20.833333333333332,20.938333333333333
Curitiba,Sul,2022,12,19.45483870967742,23.996774193548386,16.15806451612903,184.7,19.283870967741933,21.940322580645162
Curitiba,Sul,2023,1,20.09032258064516,24.61935483870968,16.690322580645162,179.7,18.05483870967742,21.476774193548387
Curitiba,Sul,2023,2,20.29642857142857,24.77857142857143,17.103571428571428,185.6,19.825,19.315
Curitiba,Sul,2023,3,20.33225806451613,24.83225806451613,17.054838709677416,129.0,17.061290322580643,18.312580645161294
Curitiba,Sul,2023,4,17.08,21.576666666666664,13.816666666666666,86.5,18.296666666666667,15.246333333333332
Curitiba,Sul,2023,5,15.832258064516129,21.219354838709677,11.793548387096775,31.4,13.874193548387098,13.975161290322582
Curitiba,Sul,2023,6,14.18,19.273333333333333,10.25,108.1,17.436666666666667,12.124666666666666
Curitiba,Sul,2023,7,13.903225806451612,18.641935483870967,10.274193548387096,77.0,18.322580645161292,11.35483870967742
Curitiba,Sul,2023,8,15.009677419354839,20.177419354838708,10.874193548387098,105.1,19.051612903225806,13.719354838709679
Curitiba,Sul,2023,9,18.27,23.956666666666667,13.856666666666666,121.5,20.686666666666667,17.087333333333333
Curitiba,Sul,2023,10,17.5,22.135483870967743,14.100000000000001,321.1,21.52258064516129,14.299032258064516
Curitiba,Sul,2023,11,19.726666666666667,24.813333333333333,15.546666666666665,112.5,20.866666666666667,19.875999999999998
Curitiba,Sul,2023,12,21.561290322580643,27.019354838709678,17.348387096774193,65.89999999999999,19.66774193548387,24.824193548387097
Curitiba,Sul,2024,1,20.86774193548387,25.716129032258067,17.338709677419356,156.6,20.883870967741935,22.289677419354838
Curitiba,Sul,2024,2,21.355172413793102,25.989655172413794,18.13103448275862,124.7,17.803448275862067,20.66758620689655
Curitiba,Sul,2024,3,20.9,25.770967741935483,17.461290322580645,105.2,17.825806451612905,18.477741935483873
Curitiba,Sul,2024,4,19.60666666666667,24.173333333333336,16.03666666666667,87.8,16.953333333333333,14.716666666666667
Curitiba,Sul,2024,5,17.57741935483871,22.183870967741935,13.883870967741935,169.3,21.638709677419353,12.717419354838709
Curitiba,Sul,2024,6,16.306666666666665,21.736666666666668,11.85,41.5,18.846666666666668,13.420333333333334
Curitiba,Sul,2024,7,13.461290322580645,18.6,9.503225806451614,135.4,16.36774193548387,11.43741935483871
Curitiba,Sul,2024,8,14.629032258064516,21.25483870967742,9.212903225806452,61.2,17.23225806451613,17.188064516129035
Curitiba,Sul,2024,9,18.55,25.09,13.196666666666665,111.2,19.633333333333333,18.514666666666663
Curitiba,Sul,2024,10,18.009677419354837,22.85483870967742,14.435483870967742,121.9,20.958064516129035,18.929354838709674
Curitiba,Sul,2024,11,19.33,24.173333333333336,15.806666666666667,138.2,15.906666666666666,18.548333333333336
Curitiba,Sul,2024,12,19.641935483870967,24.154838709677417,16.419354838709676,292.7,15.687096774193549,19.39
Fortaleza,Nordeste,1980,1,26.13225806451613,28.351612903225806,24.32903225806452,108.2,20.606451612903225,19.149354838709677
Fortaleza,Nordeste,1980,2,25.28620689655172,27.344827586206897,23.779310344827586,407.1,17.041379310344826,14.423103448275862
Fortaleza,Nordeste,1980,3,25.741935483870968,27.91290322580645,23.967741935483872,201.1,19.75483870967742,18.108709677419355
Fortaleza,Nordeste,1980,4,26.346666666666668,28.7,24.516666666666666,107.8,20.396666666666665,19.784
Fortaleza,Nordeste,1980,5,26.551612903225806,28.958064516129035,24.929032258064513,53.0,22.387096774193548,20.205483870967743
Fortaleza,Nordeste,1980,6,26.240000000000002,28.71333333333333,24.59,65.9,22.470000000000002,18.184666666666665
Fortaleza,Nordeste,1980,7,26.258064516129032,29.516129032258064,24.187096774193545,14.5,24.44193548387097,20.75258064516129
Fortaleza,Nordeste,1980,8,26.516129032258064,30.01290322580645,24.241935483870968,4.4,27.393548387096775,23.072903225806453
Fortaleza,Nordeste,1980,9,26.45,29.703333333333333,24.423333333333336,5.3,26.1,23.227333333333334
Fortaleza,Nordeste,1980,10,26.616129032258065,29.809677419354838,24.64516129032258,8.9,27.05483870967742,24.15032258064516
Fortaleza,Nordeste,1980,11,26.60666666666667,29.740000000000002,24.57,5.9,23.83,24.12
Fortaleza,Nordeste,1980,12,26.725806451612904,29.80322580645161,24.75483870967742,9.6,22.700000000000003,22.403870967741934
Fortaleza,Nordeste,1981,1,26.151612903225807,28.638709677419353,24.335483870967742,75.0,21.703225806451613,19.75516129032258
Fortaleza,Nordeste,1981,2,26.107142857142858,28.357142857142858,24.37142857142857,89.8,23.610714285714288,20.52285714285714
Fortaleza,Nordeste,1981,3,26.074193548387097,28.46451612903226,24.261290322580646,163.6,17.63225806451613,19.10225806451613
Fortaleza,Nordeste,1981,4,26.61,29.086666666666666,24.82,34.9,21.823333333333334,21.582
Fortaleza,Nordeste,1981,5,26.93548387096774,29.75483870967742,25.080645161290324,38.7,22.967741935483872,18.87290322580645
Fortaleza,Nordeste,1981,6,26.68,30.03666666666667,24.583333333333332,7.3,25.243333333333332,20.298333333333336
Fortaleza,Nordeste,1981,7,26.383870967741935,30.15806451612903,23.95483870967742,1.3,26.148387096774194,21.109032258064516
Fortaleza,Nordeste,1981,8,26.225806451612904,29.883870967741935,23.825806451612905,0.5,27.751612903225805,22.912580645161288
Fortaleza,Nordeste,1981,9,26.386666666666667,30.240000000000002,23.993333333333332,0.9,27.803333333333335,25.067666666666664
Fortaleza,Nordeste,1981,10,26.751612903225805,30.129032258064516,24.677419354838708,2.2,25.348387096774193,24.681935483870966
Fortaleza,Nordeste,1981,11,26.959999999999997,30.27,24.91,3.1999999999999997,25.64,24.36866666666667
Fortaleza,Nordeste,1981,12,26.31935483870968,28.848387096774193,24.5741935483871,83.3,24.190322580645162,19.907096774193548
Fortaleza,Nordeste,1982,1,26.532258064516128,29.248387096774195,24.6,41.6,22.080645161290324,22.142258064516128
Fortaleza,Nordeste,1982,2,26.142857142857142,28.728571428571428,24.135714285714283,88.60000000000001,20.67142857142857,20.55857142857143
Fortaleza,Nordeste,1982,3,25.816129032258065,27.96129032258065,24.138709677419353,188.5,18.419354838709676,18.00709677419355
Fortaleza,Nordeste,1982,4,26.19,28.59333333333333,24.33,112.6,17.246666666666666,18.875
Fortaleza,Nordeste,1982,5,26.393548387096775,29.067741935483873,24.461290322580645,61.1,21.629032258064516,20.26516129032258
Fortaleza,Nordeste,1982,6,26.33,29.279999999999998,24.283333333333335,22.900000000000002,23.853333333333335,19.275333333333332
Fortaleza,Nordeste,1982,7,25.929032258064513,29.106451612903225,23.838709677419356,19.599999999999998,25.25483870967742,20.286774193548386
Fortaleza,Nordeste,1982,8,26.06451612903226,29.738709677419354,23.80322580645161,1.2,26.261290322580646,22.71709677419355
Fortaleza,Nordeste,1982,9,26.18,29.596666666666668,24.096666666666668,6.1,26.553333333333335,23.691666666666666
Fortaleza,Nordeste,1982,10,26.183870967741935,29.335483870967742,24.219354838709677,11.1,25.41290322580645,23.370322580645162
Fortaleza,Nordeste,1982,11,26.816666666666666,30.05,24.776666666666664,8.3,26.209999999999997,23.507
Fortaleza,Nordeste,1982,12,26.63225806451613,29.396774193548385,24.761290322580646,29.0,24.538709677419355,22.267419354838708
Fortaleza,Nordeste,1983,1,26.848387096774193,29.551612903225806,24.93548387096774,41.2,22.125806451612902,22.14709677419355
Fortaleza,Nordeste,1983,2,26.396428571428572,28.74285714285714,24.61785714285714,112.8,21.460714285714285,19.767142857142858
Fortaleza,Nordeste,1983,3,26.53548387096774,28.741935483870968,24.793548387096774,123.8,21.816129032258065,19.568064516129034
Fortaleza,Nordeste,1983,4,27.076666666666664,29.573333333333334,25.333333333333332,68.5,22.776666666666664,21.264666666666667
Fortaleza,Nordeste,1983,5,27.31935483870968,30.106451612903225,25.55806451612903,24.2,25.09032258064516,20.450000000000003
Fortaleza,Nordeste,1983,6,26.720000000000002,29.723333333333336,24.82,17.6,25.21333333333333,19.667666666666666
Fortaleza,Nordeste,1983,7,26.229032258064517,29.27741935483871,24.26451612903226,6.7,26.480645161290322,20.339032258064517
Fortaleza,Nordeste,1983,8,26.322580645161292,29.729032258064517,24.15483870967742,5.0,27.916129032258063,21.258709677419354
Fortaleza,Nordeste,1983,9,26.323333333333334,29.63,24.313333333333333,6.4,27.990000000000002,23.323
Fortaleza,Nordeste,1983,10,26.62258064516129,29.93548387096774,24.561290322580643,3.5,27.73548387096774,24.719032258064516
Fortaleza,Nordeste,1983,11,26.716666666666665,30.06,24.61,1.5,25.0,24.332333333333334
Fortaleza,Nordeste,1983,12,26.864516129032257,29.980645161290322,24.893548387096775,14.3,23.583870967741937,23.08451612903226
Fortaleza,Nordeste,1984,1,26.493548387096773,29.22258064516129,24.561290322580643,41.699999999999996,21.338709677419356,21.928709677419352
Fortaleza,Nordeste,1984,2,26.224137931034484,28.548275862068966,24.486206896551725,111.0,20.17241379310345,20.215172413793105
Fortaleza,Nordeste,1984,3,25.738709677419354,27.874193548387098,24.029032258064515,204.0,16.038709677419355,17.04806451612903
Fortaleza,Nordeste,1984,4,25.52,27.783333333333335,23.726666666666667,270.6,15.196666666666665,15.656333333333333
Fortaleza,Nordeste,1984,5,25.458064516129035,27.76451612903226,23.738709677419354,225.1,17.370967741935484,15.023870967741935
Fortaleza,Nordeste,1984,6,25.970000000000002,28.456666666666667,24.263333333333332,28.3,22.236666666666668,19.05
Fortaleza,Nordeste,1984,7,25.780645161290323,28.606451612903225,23.770967741935483,28.5,24.251612903225805,19.320967741935487
Fortaleza,Nordeste,1984,8,26.229032258064517,29.532258064516128,24.074193548387097,4.4,26.287096774193547,22.24967741935484
Fortaleza,Nordeste,1984,9,26.509999999999998,29.89,24.413333333333334,2.6,25.456666666666667,24.21333333333333
Fortaleza,Nordeste,1984,10,26.693548387096776,29.916129032258063,24.677419354838708,5.4,25.861290322580647,24.228064516129034
Fortaleza,Nordeste,1984,11,26.85666666666667,30.123333333333335,24.85,8.4,25.753333333333334,23.991
Fortaleza,Nordeste,1984,12,26.864516129032257,29.9,24.848387096774193,24.2,22.183870967741935,22.926129032258064
Fortaleza,Nordeste,1985,1,25.387096774193548,27.64516129032258,23.716129032258067,252.0,17.351612903225806,17.519032258064517
Fortaleza,Nordeste,1985,2,25.11785714285714,27.325,23.314285714285713,249.7,14.642857142857142,17.017857142857142
Fortaleza,Nordeste,1985,3,25.293548387096774,27.51290322580645,23.593548387096774,387.59999999999997,15.63225806451613,16.131290322580647
Fortaleza,Nordeste,1985,4,25.09333333333333,27.303333333333335,23.39,335.2,13.063333333333333,13.926666666666668
Fortaleza,Nordeste,1985,5,25.37741935483871,27.51290322580645,23.625806451612902,232.7,17.806451612903224,15.261612903225807
Fortaleza,Nordeste,1985,6,25.426666666666666,27.686666666666667,23.58,86.8,19.09333333333333,17.704666666666665
Fortaleza,Nordeste,1985,7,25.08709677419355,27.506451612903227,23.22258064516129,78.8,23.283870967741933,17.550967741935484
Fortaleza,Nordeste,1985,8,25.883870967741935,29.070967741935487,23.63225806451613,6.8,26.325806451612905,21.96677419354839
Fortaleza,Nordeste,1985,9,26.136666666666667,29.506666666666668,23.993333333333332,3.5,26.876666666666665,23.766000000000002
Fortaleza,Nordeste,1985,10,26.538709677419355,29.606451612903225,24.612903225806452,6.4,25.190322580645162,23.572903225806453
Fortaleza,Nordeste,1985,11,26.916666666666668,29.98,24.946666666666665,6.2,25.586666666666666,23.311
Fortaleza,Nordeste,1985,12,26.0,28.335483870967742,24.216129032258067,89.8,19.751612903225805,18.725161290322582
Fortaleza,Nordeste,1986,1,25.83225806451613,27.851612903225806,24.174193548387095,130.9,19.925806451612903,19.056451612903224
Fortaleza,Nordeste,1986,2,25.20357142857143,27.303571428571427,23.571428571428573,244.8,16.032142857142855,16.688928571428573
Fortaleza,Nordeste,1986,3,25.096774193548388,27.248387096774195,23.24516129032258,423.0,13.674193548387096,15.408709677419356
Fortaleza,Nordeste,1986,4,25.4,27.566666666666666,23.706666666666667,321.0,15.903333333333334,14.342333333333332
Fortaleza,Nordeste,1986,5,26.080645161290324,28.30322580645161,24.47741935483871,155.6,21.625806451612902,18.076129032258066
Fortaleza,Nordeste,1986,6,25.596666666666668,27.78666666666667,23.8,108.4,24.296666666666667,16.749000000000002
Fortaleza,Nordeste,1986,7,25.75483870967742,28.60967741935484,23.68064516129032,21.4,24.13225806451613,20.023548387096774
Fortaleza,Nordeste,1986,8,25.88064516129032,28.92258064516129,23.877419354838707,8.9,26.29032258064516,21.879354838709677
Fortaleza,Nordeste,1986,9,26.423333333333336,29.490000000000002,24.453333333333333,8.5,28.573333333333334,22.597666666666665
Fortaleza,Nordeste,1986,10,26.37741935483871,29.44193548387097,24.45483870967742,5.8999999999999995,26.387096774193548,23.85677419354839
Fortaleza,Nordeste,1986,11,26.516666666666666,29.303333333333335,24.573333333333334,26.1,27.02,21.546
Fortaleza,Nordeste,1986,12,26.34193548387097,28.76451612903226,24.583870967741937,61.5,23.796774193548387,20.64032258064516
Fortaleza,Nordeste,1987,1,26.229032258064517,28.458064516129035,24.467741935483872,100.5,21.75483870967742,20.70967741935484
Fortaleza,Nordeste,1987,2,26.164285714285715,28.400000000000002,24.439285714285713,122.0,22.025000000000002,19.96607142857143
Fortaleza,Nordeste,1987,3,25.848387096774193,27.858064516129033,24.174193548387095,217.1,15.600000000000001,15.88516129032258
Fortaleza,Nordeste,1987,4,26.473333333333336,28.586666666666666,24.83,138.2,22.720000000000002,19.231333333333335
Fortaleza,Nordeste,1987,5,26.741935483870968,29.093548387096774,24.95483870967742,60.0,22.396774193548385,19.925806451612903
Fortaleza,Nordeste,1987,6,26.52,28.913333333333334,24.826666666666664,39.5,23.006666666666668,18.642333333333333
Fortaleza,Nordeste,1987,7,26.506451612903227,29.429032258064513,24.461290322580645,21.6,26.041935483870965,20.062258064516126
Fortaleza,Nordeste,1987,8,26.758064516129032,29.958064516129035,24.70967741935484,3.6,26.893548387096775,22.137096774193548
Fortaleza,Nordeste,1987,9,26.86,30.19333333333333,24.866666666666667,2.9,27.303333333333335,23.771333333333335
Fortaleza,Nordeste,1987,10,26.793548387096774,29.83225806451613,24.90967741935484,4.3,26.461290322580645,23.461290322580645
Fortaleza,Nordeste,1987,11,27.183333333333334,30.240000000000002,25.276666666666664,5.5,26.10666666666667,23.75766666666667
Fortaleza,Nordeste,1987,12,27.40967741935484,30.351612903225806,25.516129032258064,10.6,25.5258064516129,23.346129032258066
Fortaleza,Nordeste,1988,1,26.580645161290324,28.96451612903226,24.70967741935484,90.5,20.312903225806455,19.97451612903226
Fortaleza,Nordeste,1988,2,26.882758620689657,29.272413793103446,25.120689655172413,101.4,20.413793103448278,20.62551724137931
Fortaleza,Nordeste,1988,3,26.345161290322583,28.56451612903226,24.41290322580645,220.1,15.62258064516129,18.094193548387096
Fortaleza,Nordeste,1988,4,26.066666666666666,28.2,24.316666666666666,266.4,15.923333333333334,15.498
Fortaleza,Nordeste,1988,5,26.161290322580644,28.29032258064516,24.519354838709678,234.70000000000002,18.90967741935484,15.71483870967742
Fortaleza,Nordeste,1988,6,26.09333333333333,28.296666666666667,24.4,92.1,22.68,17.938333333333333
Fortaleza,Nordeste,1988,7,26.009677419354837,28.835483870967742,23.90967741935484,55.5,25.616129032258065,18.95387096774194
Fortaleza,Nordeste,1988,8,26.506451612903227,30.312903225806455,24.05806451612903,8.1,27.374193548387098,23.12258064516129
Fortaleza,Nordeste,1988,9,26.596666666666668,30.123333333333335,24.37,6.0,27.836666666666666,24.129
Fortaleza,Nordeste,1988,10,26.67096774193548,29.741935483870968,24.738709677419354,7.7,26.606451612903225,23.774838709677418
Fortaleza,Nordeste,1988,11,27.0,30.043333333333333,25.09,11.100000000000001,25.64333333333333,23.477666666666668
Fortaleza,Nordeste,1988,12,26.358064516129033,28.9741935483871,24.461290322580645,78.5,20.703225806451613,20.81967741935484
Fortaleza,Nordeste,1989,1,26.12258064516129,28.406451612903226,24.38064516129032,107.7,20.88064516129032,21.032258064516128
Fortaleza,Nordeste,1989,2,26.439285714285713,28.714285714285715,24.728571428571428,60.1,20.946428571428573,21.905357142857145
Fortaleza,Nordeste,1989,3,25.883870967741935,28.070967741935487,23.996774193548386,134.1,15.758064516129032,19.177419354838708
Fortaleza,Nordeste,1989,4,25.136666666666667,27.373333333333335,23.493333333333332,463.7,13.026666666666667,12.890333333333333
Fortaleza,Nordeste,1989,5,25.516129032258064,27.793548387096774,23.638709677419353,303.2,17.538709677419355,15.098064516129034
Fortaleza,Nordeste,1989,6,25.69,27.853333333333335,23.98,85.9,20.783333333333335,17.371666666666666
Fortaleza,Nordeste,1989,7,25.316129032258065,27.783870967741933,23.396774193548385,67.8,22.9741935483871,18.284193548387098
Fortaleza,Nordeste,1989,8,26.16774193548387,29.270967741935483,24.07741935483871,11.7,26.03548387096774,21.63225806451613
Fortaleza,Nordeste,1989,9,26.64,30.003333333333334,24.516666666666666,8.2,25.92,24.246
Fortaleza,Nordeste,1989,10,26.958064516129035,30.07741935483871,24.970967741935485,8.2,26.5,24.114193548387096
Fortaleza,Nordeste,1989,11,27.096666666666668,30.05666666666667,25.133333333333333,14.299999999999999,25.563333333333333,23.450333333333333
Fortaleza,Nordeste,1989,12,26.258064516129032,28.529032258064515,24.509677419354837,145.6,20.548387096774192,18.67225806451613
Fortaleza,Nordeste,1990,1,26.406451612903226,28.812903225806455,24.690322580645162,43.6,23.916129032258063,22.010967741935485
Fortaleza,Nordeste,1990,2,26.235714285714288,28.685714285714287,24.38214285714286,131.8,18.417857142857144,19.45321428571429
Fortaleza,Nordeste,1990,3,26.351612903225806,28.52258064516129,24.67096774193548,108.8,20.274193548387096,20.76806451612903
Fortaleza,Nordeste,1990,4,26.62,28.736666666666668,24.913333333333334,103.7,20.053333333333335,19.435
Fortaleza,Nordeste,1990,5,26.39032258064516,28.729032258064517,24.758064516129032,142.6,20.780645161290323,19.470322580645163
Fortaleza,Nordeste,1990,6,26.53666666666667,29.2,24.720000000000002,29.3,24.563333333333333,19.37
Fortaleza,Nordeste,1990,7,25.81935483870968,28.345161290322583,23.903225806451612,42.6,23.299999999999997,19.181612903225805
Fortaleza,Nordeste,1990,8,26.429032258064513,29.9,24.270967741935483,6.6,27.793548387096774,22.198064516129033
Fortaleza,Nordeste,1990,9,26.493333333333332,29.81,24.483333333333334,10.5,27.290000000000003,23.897
Fortaleza,Nordeste,1990,10,26.548387096774192,29.532258064516128,24.638709677419353,7.4,27.64516129032258,23.494193548387095
Fortaleza,Nordeste,1990,11,26.94,30.173333333333336,24.936666666666667,8.8,26.09333333333333,23.62
Fortaleza,Nordeste,1990,12,27.106451612903225,30.138709677419353,25.187096774193545,11.8,23.92258064516129,22.637096774193548
Fortaleza,Nordeste,1991,1,26.203225806451613,28.490322580645163,24.503225806451614,85.5,20.838709677419356,19.36032258064516
Fortaleza,Nordeste,1991,2,26.09642857142857,28.260714285714283,24.392857142857142,136.3,19.342857142857145,18.907857142857143
Fortaleza,Nordeste,1991,3,25.94516129032258,28.096774193548388,24.31935483870968,241.1,17.467741935483872,17.43290322580645
Fortaleza,Nordeste,1991,4,25.959999999999997,28.066666666666666,24.223333333333336,182.9,17.71333333333333,17.343666666666664
Fortaleza,Nordeste,1991,5,26.190322580645162,28.425806451612903,24.432258064516127,143.9,19.416129032258063,17.065161290322582
Fortaleza,Nordeste,1991,6,26.246666666666666,28.683333333333334,24.563333333333333,46.0,23.779999999999998,18.564
Fortaleza,Nordeste,1991,7,26.051612903225806,29.36774193548387,23.780645161290323,14.799999999999999,26.509677419354837,20.583225806451615
Fortaleza,Nordeste,1991,8,26.148387096774194,29.845161290322583,23.66774193548387,0.39999999999999997,28.516129032258064,22.404516129032256
Fortaleza,Nordeste,1991,9,26.263333333333332,29.863333333333333,24.116666666666667,0.7000000000000001,27.776666666666667,23.765
Fortaleza,Nordeste,1991,10,26.103225806451615,29.43548387096774,24.164516129032258,8.5,26.567741935483873,23.47741935483871
Fortaleza,Nordeste,1991,11,26.376666666666665,29.43,24.353333333333335,9.0,24.993333333333336,23.042666666666666
Fortaleza,Nordeste,1991,12,26.80322580645161,29.82903225806452,24.887096774193548,7.0,23.47741935483871,22.877096774193546
Fortaleza,Nordeste,1992,1,26.26774193548387,28.774193548387096,24.429032258064513,106.5,20.606451612903225,19.021612903225805
Fortaleza,Nordeste,1992,2,25.78620689655172,28.086206896551722,24.024137931034485,145.3,21.46551724137931,19.517586206896553
Fortaleza,Nordeste,1992,3,25.883870967741935,28.154838709677417,24.177419354838708,213.9,20.509677419354837,18.33516129032258
Fortaleza,Nordeste,1992,4,26.39,28.673333333333336,24.663333333333334,110.8,21.823333333333334,19.955333333333332
Fortaleza,Nordeste,1992,5,26.603225806451615,28.996774193548386,24.983870967741936,17.7,23.59032258064516,19.736451612903227
Fortaleza,Nordeste,1992,6,26.13,28.833333333333332,24.279999999999998,26.1,25.6,19.065
Fortaleza,Nordeste,1992,7,26.074193548387097,29.406451612903226,23.893548387096775,5.1,26.674193548387095,20.86225806451613
Fortaleza,Nordeste,1992,8,25.92258064516129,29.248387096774195,23.83225806451613,5.1,27.712903225806453,21.448064516129033
Fortaleza,Nordeste,1992,9,25.98,29.259999999999998,23.94333333333333,4.2,28.966666666666665,23.688
Fortaleza,Nordeste,1992,10,26.103225806451615,29.200000000000003,24.219354838709677,5.7,27.448387096774194,23.658709677419353
Fortaleza,Nordeste,1992,11,26.43,29.496666666666666,24.493333333333332,2.2,26.173333333333336,23.358999999999998
Fortaleza,Nordeste,1992,12,26.67096774193548,29.638709677419353,24.748387096774195,9.9,25.429032258064513,22.77709677419355
Fortaleza,Nordeste,1993,1,26.612903225806452,29.483870967741936,24.751612903225805,33.4,23.358064516129033,22.065483870967743
Fortaleza,Nordeste,1993,2,26.832142857142856,29.639285714285712,24.907142857142855,29.1,22.710714285714285,21.735000000000003
Fortaleza,Nordeste,1993,3,26.86774193548387,29.674193548387095,24.996774193548386,73.7,21.519354838709678,21.87290322580645
Fortaleza,Nordeste,1993,4,26.483333333333334,28.736666666666668,24.816666666666666,97.6,22.05,20.073666666666668
Fortaleza,Nordeste,1993,5,26.996774193548386,29.787096774193547,25.18064516129032,21.1,23.825806451612905,20.418064516129032
Fortaleza,Nordeste,1993,6,26.923333333333336,30.18,24.896666666666665,16.7,25.639999999999997,20.043
Fortaleza,Nordeste,1993,7,26.351612903225806,29.700000000000003,24.309677419354838,13.9,25.996774193548386,20.686451612903223
Fortaleza,Nordeste,1993,8,26.483870967741936,30.05806451612903,24.322580645161292,6.0,26.661290322580644,22.490967741935485
Fortaleza,Nordeste,1993,9,26.57,29.846666666666668,24.57,2.9,26.43,23.724333333333334
Fortaleza,Nordeste,1993,10,27.04516129032258,30.406451612903226,25.0,6.7,26.638709677419353,24.131612903225808
Fortaleza,Nordeste,1993,11,27.15666666666667,30.496666666666666,25.209999999999997,6.0,25.663333333333334,23.738
Fortaleza,Nordeste,1993,12,27.135483870967743,30.19677419354839,25.200000000000003,21.5,24.980645161290322,22.789032258064516
Fortaleza,Nordeste,1994,1,26.47741935483871,28.90967741935484,24.603225806451615,68.5,19.35483870967742,20.761290322580646
Fortaleza,Nordeste,1994,2,26.175,28.535714285714285,24.357142857142858,160.9,18.82857142857143,19.358214285714286
Fortaleza,Nordeste,1994,3,25.687096774193545,27.835483870967742,23.993548387096773,220.7,17.406451612903226,17.98774193548387
Fortaleza,Nordeste,1994,4,25.64333333333333,27.80666666666667,23.973333333333336,283.8,17.383333333333333,15.138333333333332
Fortaleza,Nordeste,1994,5,25.851612903225806,28.003225806451614,24.151612903225807,186.5,20.129032258064516,16.44225806451613
Fortaleza,Nordeste,1994,6,25.416666666666668,27.58,23.723333333333336,95.3,19.793333333333333,17.436
Fortaleza,Nordeste,1994,7,25.251612903225805,27.59032258064516,23.461290322580645,53.7,24.641935483870967,18.416129032258063
Fortaleza,Nordeste,1994,8,26.080645161290324,29.387096774193548,23.980645161290322,12.6,25.516129032258064,22.660645161290322
Fortaleza,Nordeste,1994,9,26.470000000000002,30.083333333333332,24.276666666666664,2.2,27.926666666666666,24.489666666666665
Fortaleza,Nordeste,1994,10,26.51290322580645,29.770967741935483,24.53548387096774,3.6,28.37741935483871,24.212580645161292
Fortaleza,Nordeste,1994,11,26.886666666666667,30.023333333333333,24.983333333333334,3.2,26.81,23.668333333333333
Fortaleza,Nordeste,1994,12,26.629032258064516,29.490322580645163,24.77741935483871,52.1,23.993548387096773,21.651935483870968
Fortaleza,Nordeste,1995,1,26.338709677419356,28.738709677419354,24.567741935483873,55.8,19.916129032258063,20.37548387096774
Fortaleza,Nordeste,1995,2,25.803571428571427,27.889285714285712,24.103571428571428,176.6,15.232142857142858,17.459642857142857
Fortaleza,Nordeste,1995,3,26.248387096774195,28.53548387096774,24.44516129032258,180.29999999999998,17.22258064516129,19.100322580645162
Fortaleza,Nordeste,1995,4,25.69,27.723333333333336,24.116666666666667,466.5,16.426666666666666,14.661333333333333
Fortaleza,Nordeste,1995,5,25.725806451612904,27.89032258064516,24.016129032258064,226.8,16.05483870967742,15.232903225806453
Fortaleza,Nordeste,1995,6,26.223333333333336,28.796666666666667,24.283333333333335,73.8,22.326666666666664,18.508666666666667
Fortaleza,Nordeste,1995,7,25.651612903225807,28.46451612903226,23.603225806451615,63.0,24.85483870967742,19.426774193548386
Fortaleza,Nordeste,1995,8,26.29032258064516,30.051612903225806,23.893548387096775,5.2,26.309677419354838,23.673870967741934
Fortaleza,Nordeste,1995,9,26.486666666666668,30.19333333333333,24.236666666666668,0.2,27.813333333333333,25.108999999999998
Fortaleza,Nordeste,1995,10,26.606451612903225,30.0,24.60967741935484,2.5,25.92258064516129,24.29774193548387
Fortaleza,Nordeste,1995,11,26.873333333333335,30.06,24.866666666666667,6.5,24.613333333333333,23.387
Fortaleza,Nordeste,1995,12,27.10967741935484,30.14516129032258,25.15806451612903,15.0,22.04516129032258,23.23032258064516
Fortaleza,Nordeste,1996,1,26.458064516129035,28.98709677419355,24.56451612903226,97.3,20.44193548387097,21.238709677419354
Fortaleza,Nordeste,1996,2,26.86896551724138,29.50344827586207,24.893103448275863,59.300000000000004,18.824137931034482,21.913793103448278
Fortaleza,Nordeste,1996,3,26.038709677419355,28.429032258064513,24.154838709677417,241.0,14.725806451612904,17.72774193548387
Fortaleza,Nordeste,1996,4,25.75,28.223333333333336,23.85666666666667,283.5,13.906666666666666,15.527666666666667
Fortaleza,Nordeste,1996,5,26.425806451612903,28.958064516129035,24.480645161290322,113.2,18.748387096774195,18.596129032258066
Fortaleza,Nordeste,1996,6,26.466666666666665,29.38,24.53666666666667,36.7,23.34333333333333,18.386666666666667
Fortaleza,Nordeste,1996,7,26.52258064516129,30.038709677419355,24.37741935483871,17.6,25.14516129032258,20.56032258064516
Fortaleza,Nordeste,1996,8,26.370967741935484,29.835483870967742,24.11935483870968,26.8,25.793548387096774,22.305806451612902
Fortaleza,Nordeste,1996,9,26.71333333333333,30.346666666666668,24.476666666666667,7.4,27.75,24.272666666666666
Fortaleza,Nordeste,1996,10,26.751612903225805,29.896774193548385,24.806451612903224,17.8,26.79032258064516,24.169354838709676
Fortaleza,Nordeste,1996,11,27.026666666666664,30.006666666666668,25.006666666666668,22.0,25.186666666666667,22.967666666666666
Fortaleza,Nordeste,1996,12,27.038709677419355,29.861290322580647,25.11935483870968,39.2,23.596774193548388,22.79032258064516
Fortaleza,Nordeste,1997,1,27.148387096774194,29.983870967741936,25.177419354838708,25.5,22.006451612903227,22.28774193548387
Fortaleza,Nordeste,1997,2,26.771428571428572,29.63214285714286,24.807142857142857,40.9,23.214285714285715,22.953928571428573
Fortaleza,Nordeste,1997,3,26.551612903225806,29.190322580645162,24.57741935483871,130.5,19.15806451612903,20.56
Fortaleza,Nordeste,1997,4,25.94333333333333,28.206666666666667,24.163333333333334,183.29999999999998,17.913333333333334,18.025666666666666
Fortaleza,Nordeste,1997,5,26.067741935483873,28.4741935483871,24.229032258064517,111.3,22.248387096774195,18.74483870967742
Fortaleza,Nordeste,1997,6,26.313333333333333,29.209999999999997,24.456666666666667,8.9,23.533333333333335,20.60033333333333
Fortaleza,Nordeste,1997,7,26.24516129032258,29.700000000000003,24.04516129032258,5.4,25.822580645161292,21.478064516129034
Fortaleza,Nordeste,1997,8,26.074193548387097,29.770967741935483,23.82903225806452,8.1,27.883870967741935,22.481935483870966
Fortaleza,Nordeste,1997,9,26.136666666666667,29.490000000000002,24.17,2.3,25.333333333333332,23.74566666666667
Fortaleza,Nordeste,1997,10,26.958064516129035,30.296774193548387,24.948387096774194,1.2,25.33225806451613,24.359032258064516
Fortaleza,Nordeste,1997,11,27.283333333333335,30.466666666666665,25.28666666666667,6.3,24.19333333333333,23.54733333333333
Fortaleza,Nordeste,1997,12,27.4741935483871,30.45483870967742,25.490322580645163,21.3,21.64516129032258,23.04290322580645
Fortaleza,Nordeste,1998,1,27.016129032258064,29.47741935483871,25.16774193548387,103.2,18.516129032258064,19.511612903225807
Fortaleza,Nordeste,1998,2,27.825,30.400000000000002,26.039285714285715,42.9,22.150000000000002,22.9725
Fortaleza,Nordeste,1998,3,27.538709677419355,30.02258064516129,25.593548387096774,133.4,18.983870967741936,20.319032258064517
Fortaleza,Nordeste,1998,4,27.759999999999998,30.12,26.07,82.8,21.706666666666667,20.532666666666668
Fortaleza,Nordeste,1998,5,27.90967741935484,30.72258064516129,26.016129032258064,55.8,24.280645161290323,19.539677419354838
Fortaleza,Nordeste,1998,6,26.94333333333333,29.863333333333333,25.053333333333335,60.2,25.55,18.42
Fortaleza,Nordeste,1998,7,26.716129032258067,30.193548387096776,24.5258064516129,27.6,25.406451612903226,19.781612903225806
Fortaleza,Nordeste,1998,8,26.780645161290323,30.458064516129035,24.393548387096775,5.0,27.425806451612903,22.67806451612903
Fortaleza,Nordeste,1998,9,27.096666666666668,30.866666666666667,24.89333333333333,0.8,28.08,24.929666666666666
Fortaleza,Nordeste,1998,10,27.20967741935484,30.603225806451615,25.17096774193548,5.4,27.716129032258067,24.688387096774196
Fortaleza,Nordeste,1998,11,27.383333333333333,30.540000000000003,25.38,8.9,23.983333333333334,23.384
Fortaleza,Nordeste,1998,12,27.383870967741935,30.4741935483871,25.383870967741935,16.0,24.25483870967742,23.162258064516127
Fortaleza,Nordeste,1999,1,26.996774193548386,29.793548387096774,25.02258064516129,35.6,22.612903225806452,22.159354838709678
Fortaleza,Nordeste,1999,2,26.62142857142857,29.017857142857142,24.692857142857143,130.7,21.25,19.051785714285717
Fortaleza,Nordeste,1999,3,25.64516129032258,27.835483870967742,23.916129032258063,258.4,17.219354838709677,16.953225806451613
Fortaleza,Nordeste,1999,4,26.113333333333333,28.30666666666667,24.543333333333333,214.9,19.90666666666667,17.342
Fortaleza,Nordeste,1999,5,25.883870967741935,28.048387096774192,24.12258064516129,150.1,18.874193548387098,16.72483870967742
Fortaleza,Nordeste,1999,6,26.38,29.033333333333335,24.613333333333333,28.900000000000002,22.926666666666666,19.238
Fortaleza,Nordeste,1999,7,26.57741935483871,30.258064516129032,24.345161290322583,5.2,24.919354838709676,21.016774193548386
Fortaleza,Nordeste,1999,8,26.641935483870967,30.809677419354838,24.08709677419355,0.2,27.383870967741935,23.77774193548387
Fortaleza,Nordeste,1999,9,26.67,30.206666666666667,24.433333333333334,6.8,27.386666666666667,24.718666666666664
Fortaleza,Nordeste,1999,10,26.916129032258063,30.316129032258065,24.822580645161292,9.5,26.19677419354839,24.437096774193545
Fortaleza,Nordeste,1999,11,27.36,30.44,25.35,10.9,24.2,23.39333333333333
Fortaleza,Nordeste,1999,12,27.074193548387097,29.903225806451612,25.074193548387097,46.9,23.280645161290323,21.587741935483873
Fortaleza,Nordeste,2000,1,26.296774193548387,28.761290322580646,24.361290322580647,76.4,19.203225806451613,21.11225806451613
Fortaleza,Nordeste,2000,2,26.151724137931033,28.75862068965517,24.179310344827588,160.2,17.610344827586207,19.79
Fortaleza,Nordeste,2000,3,26.138709677419353,28.416129032258063,24.393548387096775,180.2,18.96451612903226,19.208709677419357
Fortaleza,Nordeste,2000,4,25.956666666666667,28.526666666666664,23.98,356.3,17.416666666666668,17.467666666666666
Fortaleza,Nordeste,2000,5,26.419354838709676,28.758064516129032,24.648387096774194,138.6,21.693548387096776,17.780322580645162
Fortaleza,Nordeste,2000,6,25.793333333333333,28.283333333333335,23.923333333333336,80.6,22.69333333333333,17.740666666666666
Fortaleza,Nordeste,2000,7,25.248387096774195,27.532258064516128,23.58709677419355,149.8,22.793548387096774,16.904838709677417
Fortaleza,Nordeste,2000,8,25.70967741935484,28.66774193548387,23.66774193548387,36.6,25.154838709677417,21.629354838709677
Fortaleza,Nordeste,2000,9,26.203333333333333,29.033333333333335,24.15666666666667,27.2,26.616666666666667,23.016333333333332
Fortaleza,Nordeste,2000,10,26.903225806451612,30.19677419354839,24.874193548387098,3.2,27.25483870967742,24.351290322580645
Fortaleza,Nordeste,2000,11,26.913333333333334,30.16,24.91,4.5,24.876666666666665,24.098000000000003
Fortaleza,Nordeste,2000,12,26.567741935483873,29.348387096774193,24.729032258064517,35.800000000000004,21.919354838709676,21.553870967741933
Fortaleza,Nordeste,2001,1,26.596774193548388,29.216129032258067,24.793548387096774,51.1,22.848387096774193,21.164516129032258
Fortaleza,Nordeste,2001,2,26.810714285714287,29.385714285714283,24.87857142857143,71.8,19.946428571428573,21.0575
Fortaleza,Nordeste,2001,3,26.325806451612905,28.948387096774194,24.32903225806452,114.9,18.038709677419355,20.575161290322583
Fortaleza,Nordeste,2001,4,25.80666666666667,27.993333333333332,24.02,268.59999999999997,18.123333333333335,14.915666666666668
Fortaleza,Nordeste,2001,5,26.783870967741933,29.19677419354839,25.003225806451614,38.0,20.53548387096774,20.04741935483871
Fortaleza,Nordeste,2001,6,25.90666666666667,28.423333333333336,24.086666666666666,79.5,22.21333333333333,18.244666666666667
Fortaleza,Nordeste,2001,7,26.20967741935484,29.4741935483871,24.080645161290324,24.6,24.783870967741933,20.626129032258063
Fortaleza,Nordeste,2001,8,26.570967741935487,30.52258064516129,23.9741935483871,0.5,27.86774193548387,23.581290322580646
Fortaleza,Nordeste,2001,9,26.61,30.153333333333332,24.529999999999998,2.7,26.88,24.095333333333333
Fortaleza,Nordeste,2001,10,27.019354838709678,30.299999999999997,24.96451612903226,3.2,25.470967741935485,24.333225806451615
Fortaleza,Nordeste,2001,11,27.16,30.173333333333336,25.273333333333333,11.9,24.866666666666667,23.555666666666664
Fortaleza,Nordeste,2001,12,27.103225806451615,29.690322580645162,25.190322580645162,41.6,25.212903225806453,21.911935483870966
Fortaleza,Nordeste,2002,1,26.01290322580645,28.258064516129032,24.164516129032258,171.7,17.948387096774194,17.95387096774194
Fortaleza,Nordeste,2002,2,26.667857142857144,29.107142857142858,24.825,93.6,21.192857142857143,21.91142857142857
Fortaleza,Nordeste,2002,3,26.129032258064516,28.396774193548385,24.37741935483871,232.7,18.848387096774193,18.289032258064516
Fortaleza,Nordeste,2002,4,25.990000000000002,28.383333333333333,24.14,282.4,17.503333333333334,15.915666666666668
Fortaleza,Nordeste,2002,5,26.448387096774194,28.796774193548387,24.74516129032258,120.0,19.993548387096773,18.667419354838707
Fortaleza,Nordeste,2002,6,25.65,28.003333333333334,23.9,105.60000000000001,22.563333333333333,17.66033333333333
Fortaleza,Nordeste,2002,7,25.94516129032258,28.809677419354838,24.05483870967742,32.4,24.003225806451614,20.208064516129035
Fortaleza,Nordeste,2002,8,26.31935483870968,29.887096774193548,23.967741935483872,4.3,26.738709677419354,22.719354838709677
Fortaleza,Nordeste,2002,9,26.46333333333333,29.746666666666666,24.436666666666667,5.1000000000000005,26.95,23.792666666666666
Fortaleza,Nordeste,2002,10,26.812903225806455,30.070967741935487,24.80322580645161,3.8000000000000003,27.616129032258065,24.418064516129032
Fortaleza,Nordeste,2002,11,26.993333333333332,30.083333333333332,25.02,8.8,25.253333333333334,23.596333333333334
Fortaleza,Nordeste,2002,12,27.164516129032258,29.94193548387097,25.241935483870968,31.6,22.816129032258065,22.269032258064517
Fortaleza,Nordeste,2003,1,26.796774193548387,29.45483870967742,24.9,114.3,19.251612903225805,20.70741935483871
Fortaleza,Nordeste,2003,2,26.071428571428573,28.20357142857143,24.414285714285715,201.4,18.575,18.009285714285713
Fortaleza,Nordeste,2003,3,25.729032258064517,27.980645161290322,24.016129032258064,309.6,16.69677419354839,17.07903225806452
Fortaleza,Nordeste,2003,4,26.083333333333332,28.383333333333333,24.336666666666666,267.7,18.253333333333334,16.12066666666667
Fortaleza,Nordeste,2003,5,26.503225806451614,28.80322580645161,24.687096774193545,86.9,20.64516129032258,18.088387096774195
Fortaleza,Nordeste,2003,6,26.013333333333332,28.386666666666667,24.236666666666668,85.0,22.71333333333333,18.44333333333333
Fortaleza,Nordeste,2003,7,26.351612903225806,29.516129032258064,24.203225806451613,19.7,25.548387096774192,20.32161290322581
Fortaleza,Nordeste,2003,8,26.60967741935484,30.30322580645161,24.348387096774193,3.6,26.23548387096774,22.743225806451612
Fortaleza,Nordeste,2003,9,26.970000000000002,30.666666666666668,24.73,1.9000000000000001,27.253333333333334,24.755333333333333
Fortaleza,Nordeste,2003,10,26.996774193548386,30.309677419354838,25.038709677419355,6.3,27.774193548387096,24.195483870967742
Fortaleza,Nordeste,2003,11,27.366666666666667,30.5,25.45,6.1,25.790000000000003,23.700666666666667
Fortaleza,Nordeste,2003,12,27.26451612903226,30.11935483870968,25.429032258064513,19.1,23.59032258064516,22.567419354838712
Fortaleza,Nordeste,2004,1,26.25483870967742,28.703225806451613,24.612903225806452,451.5,17.951612903225808,16.181935483870966
Fortaleza,Nordeste,2004,2,25.779310344827586,28.03448275862069,24.058620689655175,263.1,17.900000000000002,17.529655172413793
Fortaleza,Nordeste,2004,3,26.293548387096774,28.56451612903226,24.45483870967742,235.0,20.46451612903226,19.240322580645163
Fortaleza,Nordeste,2004,4,26.65,28.88,24.996666666666666,129.0,20.743333333333332,18.833666666666666
Fortaleza,Nordeste,2004,5,26.532258064516128,28.83225806451613,24.73548387096774,95.7,21.383870967741935,18.653225806451612
Fortaleza,Nordeste,2004,6,25.59,27.986666666666668,23.796666666666667,100.3,22.959999999999997,17.811666666666667
Fortaleza,Nordeste,2004,7,25.493548387096773,28.0,23.77741935483871,71.2,24.016129032258064,17.92806451612903
Fortaleza,Nordeste,2004,8,26.361290322580647,29.741935483870968,24.261290322580646,7.300000000000001,25.948387096774194,21.604193548387098
Fortaleza,Nordeste,2004,9,26.73,30.603333333333335,24.433333333333334,1.9,27.296666666666667,25.129
Fortaleza,Nordeste,2004,10,26.958064516129035,30.219354838709677,24.97741935483871,4.8,27.638709677419353,23.98548387096774
Fortaleza,Nordeste,2004,11,27.276666666666664,30.5,25.293333333333333,5.9,26.636666666666667,24.100666666666665
Fortaleza,Nordeste,2004,12,27.38064516129032,30.33225806451613,25.480645161290322,12.0,24.219354838709677,22.877741935483872
Fortaleza,Nordeste,2005,1,27.593548387096774,30.44516129032258,25.693548387096776,18.8,22.312903225806455,21.933870967741935
Fortaleza,Nordeste,2005,2,27.342857142857145,29.928571428571427,25.52857142857143,98.0,21.88214285714286,21.155714285714286
Fortaleza,Nordeste,2005,3,26.97741935483871,29.33225806451613,25.141935483870967,130.8,19.26774193548387,19.39741935483871
Fortaleza,Nordeste,2005,4,26.933333333333334,29.16,25.126666666666665,123.4,21.503333333333334,19.286333333333335
Fortaleza,Nordeste,2005,5,26.490322580645163,28.796774193548387,24.629032258064516,152.9,21.6,18.46193548387097
Fortaleza,Nordeste,2005,6,26.023333333333333,28.326666666666664,24.276666666666667,116.8,24.256666666666668,17.957333333333334
Fortaleza,Nordeste,2005,7,26.296774193548387,29.519354838709678,24.141935483870967,24.8,25.096774193548388,20.555806451612902
Fortaleza,Nordeste,2005,8,26.641935483870967,30.419354838709676,24.187096774193545,3.5,27.748387096774195,22.998709677419356
Fortaleza,Nordeste,2005,9,26.7,30.333333333333332,24.44,0.0,27.413333333333334,24.252
Fortaleza,Nordeste,2005,10,27.0258064516129,30.483870967741936,24.906451612903226,1.2,27.4741935483871,24.815483870967743
Fortaleza,Nordeste,2005,11,27.426666666666666,30.756666666666668,25.41,2.6,26.423333333333336,23.987333333333332
Fortaleza,Nordeste,2005,12,27.5,30.53548387096774,25.58709677419355,12.399999999999999,24.616129032258065,22.70225806451613
Fortaleza,Nordeste,2006,1,27.648387096774194,30.887096774193548,25.67096774193548,15.2,25.154838709677417,23.330967741935485
Fortaleza,Nordeste,2006,2,27.053571428571427,29.614285714285717,25.09642857142857,63.199999999999996,19.260714285714283,21.363214285714285
Fortaleza,Nordeste,2006,3,26.177419354838708,28.33225806451613,24.416129032258063,222.5,18.009677419354837,18.700000000000003
Fortaleza,Nordeste,2006,4,25.896666666666665,28.113333333333333,24.046666666666667,270.7,15.21,16.234
Fortaleza,Nordeste,2006,5,26.096774193548388,28.496774193548386,24.083870967741937,187.9,19.261290322580646,16.772903225806452
Fortaleza,Nordeste,2006,6,26.086666666666666,28.65666666666667,23.990000000000002,80.4,23.55,17.955333333333332
Fortaleza,Nordeste,2006,7,26.248387096774195,29.39032258064516,24.14516129032258,25.2,24.629032258064516,20.149032258064516
Fortaleza,Nordeste,2006,8,26.58709677419355,30.23225806451613,24.241935483870968,7.699999999999999,26.893548387096775,22.59741935483871
Fortaleza,Nordeste,2006,9,26.836666666666666,30.366666666666667,24.65666666666667,7.7,27.113333333333333,23.91466666666667
Fortaleza,Nordeste,2006,10,27.103225806451615,30.251612903225805,25.177419354838708,3.0,26.361290322580647,24.22258064516129
Fortaleza,Nordeste,2006,11,27.256666666666668,30.316666666666666,25.27,5.3,25.456666666666667,23.777333333333335
Fortaleza,Nordeste,2006,12,27.37741935483871,30.193548387096776,25.509677419354837,19.3,22.845161290322583,22.21225806451613
Fortaleza,Nordeste,2007,1,27.461290322580645,30.229032258064517,25.551612903225806,28.8,22.98709677419355,22.406129032258065
Fortaleza,Nordeste,2007,2,26.092857142857145,28.25357142857143,24.349999999999998,223.70000000000002,17.810714285714287,17.14857142857143
Fortaleza,Nordeste,2007,3,26.299999999999997,28.56451612903226,24.461290322580645,157.1,20.287096774193547,19.355483870967742
Fortaleza,Nordeste,2007,4,26.346666666666668,28.59333333333333,24.566666666666666,176.4,17.80666666666667,17.789333333333335
Fortaleza,Nordeste,2007,5,26.74516129032258,29.4,24.887096774193548,101.1,21.61935483870968,18.86935483870968
Fortaleza,Nordeste,2007,6,25.933333333333334,28.540000000000003,23.873333333333335,51.5,24.456666666666667,18.75433333333333
Fortaleza,Nordeste,2007,7,26.47741935483871,29.693548387096776,24.387096774193548,5.0,25.848387096774193,20.405806451612904
Fortaleza,Nordeste,2007,8,26.45483870967742,30.325806451612905,23.806451612903224,0.7000000000000001,29.048387096774192,22.288709677419355
Fortaleza,Nordeste,2007,9,26.62,30.696666666666665,24.073333333333334,0.0,28.696666666666665,25.15533333333333
Fortaleza,Nordeste,2007,10,26.70967741935484,30.206451612903226,24.606451612903225,0.7000000000000001,27.76451612903226,25.03290322580645
Fortaleza,Nordeste,2007,11,27.186666666666667,30.543333333333333,25.15,2.5,25.970000000000002,24.511000000000003
Fortaleza,Nordeste,2007,12,27.1,29.770967741935483,25.22258064516129,38.2,23.896774193548385,21.733225806451614
Fortaleza,Nordeste,2008,1,26.345161290322583,28.603225806451615,24.580645161290324,107.9,20.37741935483871,19.362903225806452
Fortaleza,Nordeste,2008,2,26.768965517241377,29.24137931034483,24.841379310344827,49.1,19.679310344827588,21.53965517241379
Fortaleza,Nordeste,2008,3,25.63225806451613,27.932258064516127,23.693548387096776,270.4,14.2,16.513870967741937
Fortaleza,Nordeste,2008,4,25.583333333333332,27.846666666666668,23.779999999999998,303.0,15.99,15.074333333333334
Fortaleza,Nordeste,2008,5,25.90967741935484,28.31935483870968,23.958064516129035,168.4,18.200000000000003,17.004516129032258
Fortaleza,Nordeste,2008,6,25.666666666666668,28.05,23.776666666666664,98.8,22.59,16.461333333333336
Fortaleza,Nordeste,2008,7,26.0,29.003225806451614,23.761290322580646,15.4,26.190322580645162,18.282258064516128
Fortaleza,Nordeste,2008,8,26.32903225806452,29.906451612903226,23.858064516129033,13.4,25.70967741935484,22.326451612903227
Fortaleza,Nordeste,2008,9,26.883333333333333,30.496666666666666,24.573333333333334,3.0,27.53666666666667,24.397
Fortaleza,Nordeste,2008,10,27.177419354838708,30.809677419354838,24.980645161290322,1.3,28.219354838709677,25.016129032258064
Fortaleza,Nordeste,2008,11,27.293333333333333,30.433333333333334,25.34333333333333,2.2,25.583333333333332,23.396666666666665
Fortaleza,Nordeste,2008,12,27.480645161290322,30.364516129032257,25.567741935483873,12.5,23.103225806451615,22.801935483870967
Fortaleza,Nordeste,2009,1,26.887096774193548,29.583870967741937,25.061290322580643,76.7,20.516129032258064,20.765806451612903
Fortaleza,Nordeste,2009,2,26.139285714285712,28.45357142857143,24.349999999999998,156.4,18.603571428571428,19.886071428571427
Fortaleza,Nordeste,2009,3,25.741935483870968,27.874193548387098,24.08709677419355,326.7,15.693548387096774,15.863870967741937
Fortaleza,Nordeste,2009,4,25.45,27.61,23.78666666666667,743.6,12.416666666666666,13.636
Fortaleza,Nordeste,2009,5,25.364516129032257,27.6,23.56451612903226,429.4,13.383870967741935,12.892903225806451
Fortaleza,Nordeste,2009,6,25.490000000000002,27.709999999999997,23.740000000000002,228.7,20.78666666666667,15.154666666666666
Fortaleza,Nordeste,2009,7,25.603225806451615,28.11935483870968,23.74516129032258,74.2,22.835483870967742,18.536451612903225
Fortaleza,Nordeste,2009,8,26.106451612903225,29.322580645161292,23.86774193548387,16.8,25.75483870967742,21.732580645161292
Fortaleza,Nordeste,2009,9,26.663333333333334,29.883333333333333,24.616666666666667,5.2,27.21333333333333,23.05233333333333
Fortaleza,Nordeste,2009,10,26.793548387096774,29.870967741935484,24.91290322580645,2.9000000000000004,24.97741935483871,23.71677419354839
Fortaleza,Nordeste,2009,11,27.133333333333333,30.033333333333335,25.316666666666666,5.7,26.723333333333336,23.027333333333335
Fortaleza,Nordeste,2009,12,27.083870967741937,29.651612903225807,25.287096774193547,29.3,23.270967741935483,21.315161290322582
Fortaleza,Nordeste,2010,1,27.258064516129032,29.864516129032257,25.322580645161292,50.2,21.193548387096776,21.17032258064516
Fortaleza,Nordeste,2010,2,27.489285714285717,29.696428571428573,25.82857142857143,81.3,23.232142857142858,21.318214285714284
Fortaleza,Nordeste,2010,3,27.72258064516129,30.23225806451613,25.82903225806452,70.8,19.358064516129033,21.643870967741936
Fortaleza,Nordeste,2010,4,27.25,29.666666666666668,25.35,182.5,19.973333333333336,18.750666666666667
Fortaleza,Nordeste,2010,5,27.6,30.148387096774194,25.761290322580646,64.9,20.503225806451614,19.548709677419353
Fortaleza,Nordeste,2010,6,27.44,30.696666666666665,25.06,23.1,23.873333333333335,19.555666666666664
Fortaleza,Nordeste,2010,7,26.932258064516127,30.387096774193548,24.451612903225808,28.7,25.687096774193545,19.09741935483871
Fortaleza,Nordeste,2010,8,26.86774193548387,30.9,24.10967741935484,0.5,27.91290322580645,23.230645161290322
Fortaleza,Nordeste,2010,9,26.91,30.953333333333333,24.243333333333332,0.0,28.726666666666667,25.312
Fortaleza,Nordeste,2010,10,27.23548387096774,30.532258064516128,25.225806451612904,3.2,23.80322580645161,24.026451612903223
Fortaleza,Nordeste,2010,11,27.529999999999998,30.64333333333333,25.603333333333335,4.5,25.776666666666664,23.572333333333333
Fortaleza,Nordeste,2010,12,26.932258064516127,29.519354838709678,25.093548387096774,52.9,22.53548387096774,20.726129032258065
Fortaleza,Nordeste,2011,1,25.861290322580647,28.164516129032258,24.106451612903225,234.5,17.91290322580645,17.59161290322581
Fortaleza,Nordeste,2011,2,26.114285714285717,28.485714285714288,24.314285714285713,164.1,18.478571428571428,19.6825
Fortaleza,Nordeste,2011,3,26.003225806451614,28.183870967741935,24.148387096774194,250.8,16.283870967741937,17.607741935483872
Fortaleza,Nordeste,2011,4,25.736666666666668,28.083333333333332,23.966666666666665,328.2,15.616666666666667,15.635666666666667
Fortaleza,Nordeste,2011,5,26.17096774193548,28.583870967741937,24.403225806451612,238.0,19.583870967741937,15.804193548387097
Fortaleza,Nordeste,2011,6,25.946666666666665,28.436666666666667,24.08,125.3,21.923333333333336,16.704666666666665
Fortaleza,Nordeste,2011,7,25.48709677419355,28.16774193548387,23.40967741935484,76.9,23.674193548387095,18.019354838709678
Fortaleza,Nordeste,2011,8,26.148387096774194,29.44516129032258,23.741935483870968,42.7,25.990322580645163,21.863870967741935
Fortaleza,Nordeste,2011,9,26.66,30.646666666666665,24.063333333333333,0.0,27.75,25.506333333333334
Fortaleza,Nordeste,2011,10,26.72258064516129,29.738709677419354,24.77741935483871,10.9,25.561290322580643,23.233548387096775
Fortaleza,Nordeste,2011,11,27.003333333333334,29.91,25.083333333333332,12.7,26.23,23.003333333333334
Fortaleza,Nordeste,2011,12,27.02258064516129,29.874193548387098,25.112903225806452,13.0,25.396774193548385,22.717741935483872
Fortaleza,Nordeste,2012,1,26.809677419354838,29.425806451612903,24.919354838709676,32.4,23.93548387096774,21.996451612903225
Fortaleza,Nordeste,2012,2,26.16551724137931,28.620689655172413,24.313793103448276,138.6,21.99310344827586,19.47103448275862
Fortaleza,Nordeste,2012,3,26.33225806451613,28.648387096774194,24.529032258064515,125.3,20.845161290322583,19.681935483870966
Fortaleza,Nordeste,2012,4,26.603333333333335,28.84333333333333,24.886666666666667,89.9,20.970000000000002,20.357000000000003
Fortaleza,Nordeste,2012,5,26.82903225806452,29.451612903225808,24.990322580645163,57.4,23.348387096774193,20.20258064516129
Fortaleza,Nordeste,2012,6,26.386666666666667,29.026666666666664,24.59,34.0,23.94333333333333,18.70266666666667
Fortaleza,Nordeste,2012,7,26.296774193548387,29.55483870967742,23.983870967741936,22.599999999999998,26.96451612903226,20.141290322580645
Fortaleza,Nordeste,2012,8,26.55806451612903,30.648387096774194,23.938709677419357,0.1,28.370967741935484,23.640645161290323
Fortaleza,Nordeste,2012,9,26.48,30.296666666666667,24.12,0.1,28.1,25.444333333333336
Fortaleza,Nordeste,2012,10,26.690322580645162,30.174193548387095,24.648387096774194,6.3,29.14516129032258,24.11225806451613
Fortaleza,Nordeste,2012,11,27.09,30.13,25.176666666666666,0.7,24.55666666666667,22.895666666666667
Fortaleza,Nordeste,2012,12,27.403225806451612,30.403225806451612,25.57741935483871,5.8,24.848387096774193,22.67290322580645
Fortaleza,Nordeste,2013,1,27.26451612903226,29.932258064516127,25.490322580645163,38.6,23.05806451612903,21.720645161290324
Fortaleza,Nordeste,2013,2,27.360714285714288,30.182142857142857,25.482142857142858,64.1,23.810714285714287,22.294642857142858
Fortaleza,Nordeste,2013,3,27.690322580645162,30.5258064516129,25.693548387096776,52.2,22.361290322580647,22.080645161290324
Fortaleza,Nordeste,2013,4,27.046666666666667,29.583333333333332,25.136666666666667,139.2,18.53666666666667,19.342666666666666
Fortaleza,Nordeste,2013,5,26.719354838709677,29.11935483870968,24.84193548387097,118.8,21.13225806451613,18.351612903225806
Fortaleza,Nordeste,2013,6,26.163333333333334,28.586666666666666,24.433333333333334,92.4,21.529999999999998,17.794
Fortaleza,Nordeste,2013,7,25.887096774193548,28.516129032258064,23.983870967741936,64.5,23.24516129032258,18.872258064516128
Fortaleza,Nordeste,2013,8,26.799999999999997,30.26774193548387,24.516129032258064,8.100000000000001,27.509677419354837,22.15806451612903
Fortaleza,Nordeste,2013,9,26.883333333333333,30.38,24.6,1.9,28.466666666666665,23.572333333333333
Fortaleza,Nordeste,2013,10,27.10967741935484,30.48709677419355,25.12258064516129,5.4,27.761290322580646,24.07903225806452
Fortaleza,Nordeste,2013,11,27.03666666666667,29.973333333333336,25.163333333333334,6.5,27.483333333333334,22.342666666666666
Fortaleza,Nordeste,2013,12,27.216129032258067,29.980645161290322,25.361290322580647,13.1,24.538709677419355,22.059677419354838
Fortaleza,Nordeste,2014,1,26.725806451612904,29.17096774193548,24.94516129032258,66.1,22.96451612903226,21.00548387096774
Fortaleza,Nordeste,2014,2,26.710714285714285,29.24285714285714,24.885714285714283,74.3,22.12857142857143,20.853214285714284
Fortaleza,Nordeste,2014,3,26.625806451612902,29.141935483870967,24.761290322580646,164.3,19.787096774193547,20.457741935483874
Fortaleza,Nordeste,2014,4,26.44,28.663333333333334,24.65666666666667,229.2,18.236666666666668,17.801
Fortaleza,Nordeste,2014,5,26.46451612903226,28.774193548387096,24.561290322580643,107.2,18.05483870967742,17.778387096774193
Fortaleza,Nordeste,2014,6,26.3,28.686666666666667,24.58,78.10000000000001,24.529999999999998,17.428
Fortaleza,Nordeste,2014,7,26.270967741935483,29.338709677419356,24.05483870967742,15.5,26.448387096774194,19.566451612903226
Fortaleza,Nordeste,2014,8,26.648387096774194,30.419354838709676,24.193548387096776,1.4000000000000001,27.97741935483871,23.090645161290325
Fortaleza,Nordeste,2014,9,26.673333333333336,30.11,24.55,5.2,27.8,23.484333333333332
Fortaleza,Nordeste,2014,10,27.029032258064515,30.34193548387097,24.91290322580645,3.1999999999999997,28.758064516129032,23.880967741935486
Fortaleza,Nordeste,2014,11,26.926666666666666,29.966666666666665,25.016666666666666,11.8,25.743333333333332,23.424333333333333
Fortaleza,Nordeste,2014,12,27.07741935483871,29.88064516129032,25.225806451612904,15.1,25.84193548387097,22.410645161290322
Fortaleza,Nordeste,2015,1,27.04516129032258,29.835483870967742,25.18064516129032,24.0,24.18064516129032,22.46516129032258
Fortaleza,Nordeste,2015,2,26.571428571428573,29.00714285714286,24.7,117.2,21.3,19.363214285714285
Fortaleza,Nordeste,2015,3,26.183870967741935,28.396774193548385,24.448387096774194,253.6,18.88064516129032,18.03451612903226
Fortaleza,Nordeste,2015,4,26.10666666666667,28.203333333333333,24.44,192.5,17.37,16.839666666666666
Fortaleza,Nordeste,2015,5,26.893548387096775,29.10967741935484,25.190322580645162,74.4,21.687096774193545,19.53838709677419
Fortaleza,Nordeste,2015,6,26.433333333333334,29.003333333333334,24.53666666666667,55.6,23.516666666666666,19.241
Fortaleza,Nordeste,2015,7,26.0,28.654838709677417,24.03548387096774,64.2,27.01290322580645,18.771935483870966
Fortaleza,Nordeste,2015,8,26.583870967741937,30.351612903225806,24.08709677419355,0.8,29.551612903225806,23.32193548387097
Fortaleza,Nordeste,2015,9,26.563333333333333,29.756666666666668,24.633333333333333,6.8,28.783333333333335,22.913666666666664
Fortaleza,Nordeste,2015,10,26.948387096774194,30.238709677419354,24.98709677419355,0.7,28.23548387096774,24.346129032258066
Fortaleza,Nordeste,2015,11,27.313333333333333,30.46333333333333,25.346666666666668,2.0,25.220000000000002,24.072333333333333
Fortaleza,Nordeste,2015,12,27.287096774193547,29.996774193548386,25.43548387096774,49.7,24.44193548387097,21.84225806451613
Fortaleza,Nordeste,2016,1,26.335483870967742,28.490322580645163,24.661290322580644,214.2,18.0,17.918709677419354
Fortaleza,Nordeste,2016,2,26.613793103448273,28.79655172413793,24.92413793103448,166.6,20.99655172413793,19.137241379310346
Fortaleza,Nordeste,2016,3,27.30322580645161,29.496774193548386,25.625806451612902,126.5,20.20967741935484,20.56709677419355
Fortaleza,Nordeste,2016,4,26.886666666666667,29.06,25.25,189.4,21.93,17.63
Fortaleza,Nordeste,2016,5,27.200000000000003,29.835483870967742,25.34193548387097,42.1,21.141935483870967,20.07967741935484
Fortaleza,Nordeste,2016,6,26.94333333333333,29.80666666666667,24.803333333333335,27.5,23.65,19.575333333333333
Fortaleza,Nordeste,2016,7,26.961290322580645,30.519354838709678,24.68064516129032,7.2,26.261290322580646,20.45258064516129
Fortaleza,Nordeste,2016,8,26.835483870967742,30.541935483870965,24.56451612903226,2.7,27.125806451612902,22.77709677419355
Fortaleza,Nordeste,2016,9,26.91,30.433333333333334,24.78666666666667,2.1,27.696666666666665,24.49866666666667
Fortaleza,Nordeste,2016,10,27.296774193548387,30.648387096774194,25.251612903225805,7.4,28.103225806451615,24.44
Fortaleza,Nordeste,2016,11,27.466666666666665,30.59333333333333,25.529999999999998,4.3,26.743333333333332,23.584999999999997
Fortaleza,Nordeste,2016,12,27.538709677419355,30.406451612903226,25.706451612903226,27.799999999999997,23.59032258064516,22.154838709677417
Fortaleza,Nordeste,2017,1,27.05483870967742,29.364516129032257,25.312903225806455,91.9,21.16774193548387,21.613548387096774
Fortaleza,Nordeste,2017,2,26.667857142857144,28.853571428571428,24.95357142857143,197.6,18.967857142857145,19.568928571428568
Fortaleza,Nordeste,2017,3,26.23548387096774,28.280645161290323,24.36774193548387,411.5,16.287096774193547,17.25
Fortaleza,Nordeste,2017,4,26.726666666666667,29.166666666666668,24.646666666666665,291.4,18.433333333333334,18.38566666666667
Fortaleza,Nordeste,2017,5,26.94193548387097,29.503225806451614,24.82903225806452,171.79999999999998,18.97741935483871,18.820967741935487
Fortaleza,Nordeste,2017,6,26.863333333333333,29.793333333333333,24.6,57.699999999999996,23.15666666666667,18.527333333333335
Fortaleza,Nordeste,2017,7,26.129032258064516,29.799999999999997,23.364516129032257,35.1,25.664516129032258,18.162580645161288
Fortaleza,Nordeste,2017,8,26.848387096774193,30.258064516129032,24.67096774193548,5.699999999999999,25.76451612903226,22.900967741935485
Fortaleza,Nordeste,2017,9,26.94,30.336666666666666,24.596666666666668,13.8,27.966666666666665,24.125999999999998
Fortaleza,Nordeste,2017,10,27.25483870967742,30.358064516129033,25.41290322580645,13.4,28.5,24.335483870967742
Fortaleza,Nordeste,2017,11,27.279999999999998,29.883333333333333,25.68,22.8,25.983333333333334,22.382
Fortaleza,Nordeste,2017,12,27.32903225806452,29.796774193548387,25.6,65.6,22.970967741935485,21.725483870967743
Fortaleza,Nordeste,2018,1,26.851612903225806,29.25483870967742,24.967741935483872,108.3,20.08709677419355,20.522903225806452
Fortaleza,Nordeste,2018,2,25.964285714285715,28.103571428571428,24.110714285714288,337.2,15.310714285714285,17.195
Fortaleza,Nordeste,2018,3,26.848387096774193,29.06451612903226,24.948387096774194,185.7,17.345161290322583,20.168387096774193
Fortaleza,Nordeste,2018,4,26.15666666666667,29.14333333333333,23.87,289.1,17.076666666666664,19.253666666666668
Fortaleza,Nordeste,2018,5,26.490322580645163,29.361290322580647,24.212903225806453,155.3,18.88064516129032,18.153870967741934
Fortaleza,Nordeste,2018,6,26.243333333333332,28.87,24.259999999999998,71.8,21.64333333333333,18.584
Fortaleza,Nordeste,2018,7,25.916129032258063,28.77741935483871,23.674193548387095,100.60000000000001,23.016129032258064,19.39258064516129
Fortaleza,Nordeste,2018,8,26.348387096774193,29.177419354838708,24.309677419354838,31.2,24.73225806451613,22.166129032258063
Fortaleza,Nordeste,2018,9,26.803333333333335,29.896666666666665,24.853333333333335,9.6,28.703333333333333,24.122666666666664
Fortaleza,Nordeste,2018,10,27.325806451612905,30.177419354838708,25.58709677419355,16.9,25.567741935483873,23.733548387096775
Fortaleza,Nordeste,2018,11,27.720000000000002,30.490000000000002,26.009999999999998,20.6,26.273333333333333,22.916
Fortaleza,Nordeste,2018,12,26.700000000000003,28.958064516129035,24.80322580645161,129.8,20.654838709677417,20.24225806451613
Fortaleza,Nordeste,2019,1,26.63225806451613,29.01290322580645,24.538709677419355,234.5,19.693548387096776,19.616451612903226
Fortaleza,Nordeste,2019,2,26.54642857142857,28.789285714285715,24.517857142857142,269.7,16.635714285714286,18.55857142857143
Fortaleza,Nordeste,2019,3,25.980645161290322,28.36774193548387,23.990322580645163,498.3,14.98709677419355,16.550645161290323
Fortaleza,Nordeste,2019,4,26.21333333333333,28.673333333333336,24.123333333333335,474.5,15.26,16.119666666666667
Fortaleza,Nordeste,2019,5,26.700000000000003,29.14516129032258,24.56451612903226,171.5,18.951612903225808,18.193870967741937
Fortaleza,Nordeste,2019,6,26.42,29.183333333333334,24.183333333333334,172.9,21.913333333333334,18.769
Fortaleza,Nordeste,2019,7,26.203225806451613,29.019354838709678,23.864516129032257,80.2,22.86774193548387,19.467741935483872
Fortaleza,Nordeste,2019,8,26.603225806451615,29.838709677419356,24.280645161290323,15.700000000000001,25.983870967741936,22.892258064516128
Fortaleza,Nordeste,2019,9,26.78666666666667,29.709999999999997,24.936666666666667,17.1,27.616666666666667,23.55366666666667
Fortaleza,Nordeste,2019,10,27.1,30.23548387096774,25.177419354838708,13.8,26.358064516129033,24.734193548387097
Fortaleza,Nordeste,2019,11,27.623333333333335,30.509999999999998,25.85666666666667,18.1,24.863333333333333,24.064
Fortaleza,Nordeste,2019,12,27.93548387096774,30.703225806451613,26.061290322580643,33.8,23.190322580645162,22.50709677419355
Fortaleza,Nordeste,2020,1,27.103225806451615,29.4,25.116129032258065,221.1,17.312903225806455,19.818064516129034
Fortaleza,Nordeste,2020,2,26.817241379310346,29.344827586206897,24.624137931034483,349.0,15.982758620689655,19.279310344827586
Fortaleza,Nordeste,2020,3,26.903225806451612,29.432258064516127,24.725806451612904,267.6,14.04516129032258,19.488387096774193
Fortaleza,Nordeste,2020,4,26.84,29.56,24.566666666666666,286.1,16.029999999999998,17.587333333333333
Fortaleza,Nordeste,2020,5,26.70967741935484,29.538709677419355,24.51290322580645,186.0,19.35483870967742,18.578387096774193
Fortaleza,Nordeste,2020,6,26.096666666666668,29.1,23.783333333333335,62.699999999999996,21.923333333333336,18.10533333333333
Fortaleza,Nordeste,2020,7,26.15806451612903,29.700000000000003,23.55483870967742,36.6,23.73225806451613,20.899354838709677
Fortaleza,Nordeste,2020,8,26.63225806451613,30.212903225806453,24.161290322580644,4.8,26.77741935483871,23.863870967741935
Fortaleza,Nordeste,2020,9,26.883333333333333,30.346666666666668,24.716666666666665,4.8,27.776666666666664,24.83966666666667
Fortaleza,Nordeste,2020,10,27.419354838709676,30.638709677419353,25.416129032258063,11.9,24.92258064516129,25.041290322580643
Fortaleza,Nordeste,2020,11,27.7,30.513333333333332,25.776666666666664,28.7,24.563333333333333,23.623333333333335
Fortaleza,Nordeste,2020,12,27.70967741935484,30.5258064516129,25.883870967741935,25.3,24.787096774193547,22.77064516129032
Fortaleza,Nordeste,2021,1,27.470967741935485,30.106451612903225,25.480645161290322,75.5,22.364516129032257,21.943225806451615
Fortaleza,Nordeste,2021,2,27.20357142857143,29.696428571428573,25.103571428571428,91.8,19.825,21.532857142857143
Fortaleza,Nordeste,2021,3,26.406451612903226,28.970967741935485,24.154838709677417,270.9,17.574193548387097,20.282258064516128
Fortaleza,Nordeste,2021,4,26.926666666666666,29.726666666666667,24.553333333333335,99.60000000000001,19.43,21.44
Fortaleza,Nordeste,2021,5,26.451612903225808,29.467741935483872,24.016129032258064,155.9,19.835483870967742,19.205161290322582
Fortaleza,Nordeste,2021,6,26.7,30.09333333333333,24.243333333333332,55.0,20.666666666666668,20.14
Fortaleza,Nordeste,2021,7,26.63225806451613,29.9741935483871,24.241935483870968,48.300000000000004,22.84193548387097,20.293225806451613
Fortaleza,Nordeste,2021,8,27.187096774193545,31.0,24.638709677419353,14.8,26.687096774193545,23.067419354838712
Fortaleza,Nordeste,2021,9,27.413333333333334,30.733333333333334,25.366666666666667,6.5,26.71333333333333,24.773000000000003
Fortaleza,Nordeste,2021,10,27.780645161290323,30.82903225806452,25.80322580645161,19.5,25.083870967741937,24.80483870967742
Fortaleza,Nordeste,2021,11,28.246666666666666,31.21333333333333,26.12,20.7,23.423333333333336,24.994000000000003
Fortaleza,Nordeste,2021,12,28.15806451612903,30.838709677419356,26.048387096774192,44.8,23.69677419354839,22.970645161290324
Fortaleza,Nordeste,2022,1,26.580645161290324,29.01290322580645,24.258064516129032,161.8,18.90967741935484,20.852580645161293
Fortaleza,Nordeste,2022,2,27.29642857142857,29.849999999999998,25.02857142857143,55.0,20.13214285714286,24.06107142857143
Fortaleza,Nordeste,2022,3,26.080645161290324,28.835483870967742,23.67096774193548,392.3,17.664516129032258,19.04258064516129
Fortaleza,Nordeste,2022,4,26.13,28.94333333333333,23.63,261.7,17.006666666666668,19.521
Fortaleza,Nordeste,2022,5,26.048387096774192,29.125806451612902,23.593548387096774,247.39999999999998,19.76774193548387,18.34161290322581
Fortaleza,Nordeste,2022,6,25.663333333333334,29.003333333333334,23.029999999999998,154.70000000000002,20.273333333333333,19.050666666666665
Fortaleza,Nordeste,2022,7,25.770967741935483,29.322580645161292,23.18064516129032,72.60000000000001,24.05483870967742,19.48225806451613
Fortaleza,Nordeste,2022,8,26.580645161290324,30.54516129032258,23.751612903225805,35.7,25.503225806451614,23.6858064516129
Fortaleza,Nordeste,2022,9,26.94,30.403333333333332,24.709999999999997,12.5,27.043333333333333,24.743666666666666
Fortaleza,Nordeste,2022,10,27.4741935483871,30.703225806451613,25.39032258064516,12.3,27.306451612903224,25.470322580645163
Fortaleza,Nordeste,2022,11,27.529999999999998,30.48,25.423333333333336,26.6,22.283333333333335,24.094333333333335
Fortaleza,Nordeste,2022,12,27.567741935483873,30.5258064516129,25.358064516129033,36.9,22.83225806451613,23.82193548387097
Fortaleza,Nordeste,2023,1,26.783870967741933,29.406451612903226,24.48709677419355,97.9,20.67096774193548,22.178709677419352
Fortaleza,Nordeste,2023,2,26.542857142857144,29.107142857142858,24.214285714285715,248.3,20.521428571428572,21.206071428571427
Fortaleza,Nordeste,2023,3,26.106451612903225,28.903225806451612,23.787096774193547,275.3,16.641935483870967,20.4941935483871
Fortaleza,Nordeste,2023,4,26.16,29.10666666666667,23.743333333333332,213.6,16.666666666666668,19.222666666666665
Fortaleza,Nordeste,2023,5,27.080645161290324,30.11935483870968,24.4741935483871,75.1,19.70967741935484,20.615806451612904
Fortaleza,Nordeste,2023,6,26.676666666666666,30.003333333333334,23.790000000000003,49.199999999999996,22.223333333333336,19.846
Fortaleza,Nordeste,2023,7,27.112903225806452,31.18064516129032,24.18064516129032,26.5,24.4741935483871,21.593548387096774
Fortaleza,Nordeste,2023,8,27.18387096774193,31.051612903225806,24.616129032258065,15.4,24.612903225806452,23.248387096774195
Fortaleza,Nordeste,2023,9,27.46333333333333,31.09,25.029999999999998,8.0,27.09333333333333,24.720000000000002
Fortaleza,Nordeste,2023,10,27.683870967741935,31.009677419354837,25.661290322580644,12.0,26.258064516129032,24.747096774193547
Fortaleza,Nordeste,2023,11,28.096666666666668,31.203333333333333,25.973333333333336,18.0,23.9,24.41433333333333
Fortaleza,Nordeste,2023,12,28.07741935483871,31.103225806451615,25.970967741935485,38.2,22.741935483870968,22.909354838709678
Fortaleza,Nordeste,2024,1,28.296774193548387,31.248387096774195,26.074193548387097,55.0,19.83225806451613,22.844193548387096
Fortaleza,Nordeste,2024,2,27.103448275862068,30.158620689655173,24.46551724137931,338.5,18.093103448275862,19.343103448275862
Fortaleza,Nordeste,2024,3,26.822580645161292,29.57741935483871,24.316129032258065,359.40000000000003,15.425806451612903,19.51258064516129
Fortaleza,Nordeste,2024,4,26.823333333333334,29.84,24.36,253.4,14.946666666666665,18.221999999999998
Fortaleza,Nordeste,2024,5,27.048387096774192,30.225806451612904,24.561290322580643,200.3,20.138709677419353,19.022903225806452
Fortaleza,Nordeste,2024,6,26.490000000000002,29.673333333333336,23.8,98.2,22.726666666666667,19.790333333333333
Fortaleza,Nordeste,2024,7,26.648387096774194,30.529032258064515,23.432258064516127,15.0,25.248387096774195,21.371935483870967
Fortaleza,Nordeste,2024,8,27.016129032258064,31.009677419354837,24.193548387096776,2.7,27.25483870967742,23.885806451612904
Fortaleza,Nordeste,2024,9,27.040000000000003,30.62,24.733333333333334,1.5,28.96333333333333,24.946666666666665
Fortaleza,Nordeste,2024,10,27.27741935483871,30.44516129032258,25.351612903225806,9.2,25.993548387096773,23.789032258064516
Fortaleza,Nordeste,2024,11,27.896666666666665,31.040000000000003,25.873333333333335,8.4,23.223333333333336,24.480666666666664
Fortaleza,Nordeste,2024,12,28.07741935483871,30.932258064516127,25.72258064516129,45.5,19.5258064516129,23.18290322580645
Manaus,Norte,1980,1,26.11935483870968,29.45483870967742,23.858064516129033,229.7,10.258064516129032,16.81483870967742
Manaus,Norte,1980,2,27.5,31.279310344827586,24.7551724137931,68.3,12.296551724137931,21.33241379310345
Manaus,Norte,1980,3,26.17096774193548,29.44516129032258,24.09032258064516,311.3,11.393548387096773,15.692903225806452
Manaus,Norte,1980,4,26.316666666666666,29.596666666666668,24.043333333333333,217.3,10.626666666666667,16.468333333333334
Manaus,Norte,1980,5,26.18064516129032,29.335483870967742,23.87741935483871,229.0,8.23225806451613,15.33290322580645
Manaus,Norte,1980,6,26.240000000000002,29.553333333333335,23.77,124.5,9.016666666666667,16.483
Manaus,Norte,1980,7,25.990322580645163,29.403225806451612,23.32903225806452,101.3,8.790322580645162,17.458387096774196
Manaus,Norte,1980,8,26.364516129032257,29.80322580645161,23.741935483870968,130.0,9.193548387096774,18.554193548387094
Manaus,Norte,1980,9,26.796666666666667,30.256666666666668,24.113333333333333,117.8,8.753333333333334,20.142999999999997
Manaus,Norte,1980,10,26.603225806451615,29.864516129032257,24.216129032258067,181.6,8.86774193548387,18.683870967741935
Manaus,Norte,1980,11,26.45,29.87,24.283333333333335,214.5,8.536666666666667,18.14966666666667
Manaus,Norte,1980,12,26.33225806451613,29.616129032258065,24.080645161290324,246.3,8.890322580645162,17.80548387096774
Manaus,Norte,1981,1,25.793548387096774,29.01290322580645,23.751612903225805,259.2,10.858064516129033,16.06
Manaus,Norte,1981,2,25.589285714285715,28.692857142857143,23.599999999999998,270.0,11.200000000000001,15.523928571428572
Manaus,Norte,1981,3,26.57741935483871,29.929032258064513,24.23548387096774,272.3,9.019354838709678,16.92064516129032
Manaus,Norte,1981,4,26.006666666666668,28.86,24.05,354.6,8.696666666666665,13.594666666666665
Manaus,Norte,1981,5,26.138709677419353,29.280645161290323,23.93548387096774,335.4,9.074193548387097,15.146451612903226
Manaus,Norte,1981,6,26.066666666666666,29.293333333333333,23.586666666666666,135.9,9.003333333333334,15.996666666666666
Manaus,Norte,1981,7,25.506451612903227,28.958064516129035,22.822580645161292,89.6,9.416129032258064,17.256129032258066
Manaus,Norte,1981,8,26.493548387096773,30.406451612903226,23.616129032258065,115.8,8.983870967741936,18.46548387096774
Manaus,Norte,1981,9,26.136666666666667,29.720000000000002,23.486666666666668,132.0,8.796666666666665,18.877
Manaus,Norte,1981,10,26.729032258064517,30.325806451612905,24.003225806451614,123.3,9.003225806451614,19.55354838709677
Manaus,Norte,1981,11,26.723333333333336,29.986666666666668,24.433333333333334,169.8,8.833333333333334,17.862333333333332
Manaus,Norte,1981,12,25.96451612903226,28.91290322580645,23.822580645161292,285.2,9.183870967741935,15.93258064516129
Manaus,Norte,1982,1,25.348387096774193,28.270967741935483,23.583870967741937,256.9,8.696774193548388,13.995806451612903
Manaus,Norte,1982,2,25.489285714285717,28.63214285714286,23.5,254.5,8.925,15.219999999999999
Manaus,Norte,1982,3,25.851612903225806,29.048387096774192,23.738709677419354,272.4,9.725806451612904,16.068387096774195
Manaus,Norte,1982,4,25.503333333333334,28.37,23.633333333333333,359.3,7.526666666666667,13.404
Manaus,Norte,1982,5,25.551612903225806,28.4741935483871,23.529032258064515,274.4,8.370967741935484,13.548387096774194
Manaus,Norte,1982,6,26.043333333333333,29.176666666666666,23.543333333333333,105.2,9.923333333333334,16.393333333333334
Manaus,Norte,1982,7,25.990322580645163,29.351612903225806,23.496774193548386,136.0,9.758064516129032,17.07161290322581
Manaus,Norte,1982,8,26.003225806451614,29.387096774193548,23.44516129032258,150.29999999999998,9.100000000000001,17.844193548387096
Manaus,Norte,1982,9,26.733333333333334,30.296666666666667,23.9,112.2,9.376666666666667,19.145333333333333
Manaus,Norte,1982,10,27.229032258064517,30.73225806451613,24.416129032258063,108.6,9.487096774193548,20.33483870967742
Manaus,Norte,1982,11,27.073333333333334,30.55,24.529999999999998,196.20000000000002,9.223333333333333,18.602666666666668
Manaus,Norte,1982,12,25.82903225806452,28.561290322580643,24.02258064516129,257.3,9.448387096774193,13.59967741935484
Manaus,Norte,1983,1,27.496774193548386,30.870967741935484,24.89032258064516,111.8,10.838709677419354,18.44709677419355
Manaus,Norte,1983,2,27.532142857142855,30.960714285714285,25.185714285714287,219.3,12.267857142857142,18.286785714285713
Manaus,Norte,1983,3,26.851612903225806,29.903225806451612,24.809677419354838,337.8,10.151612903225805,15.264838709677418
Manaus,Norte,1983,4,26.553333333333335,29.466666666666665,24.506666666666668,267.1,9.15,15.155666666666667
Manaus,Norte,1983,5,26.88064516129032,30.038709677419355,24.55806451612903,194.1,8.893548387096773,15.543548387096774
Manaus,Norte,1983,6,26.459999999999997,29.646666666666665,24.05666666666667,118.9,8.23,16.453333333333333
Manaus,Norte,1983,7,26.47741935483871,29.838709677419356,23.741935483870968,112.5,9.62258064516129,17.614193548387096
Manaus,Norte,1983,8,26.161290322580644,29.51290322580645,23.80322580645161,205.5,8.448387096774193,17.425806451612903
Manaus,Norte,1983,9,26.596666666666668,30.166666666666668,23.983333333333334,165.9,8.366666666666667,19.813333333333333
Manaus,Norte,1983,10,26.33225806451613,29.467741935483872,24.103225806451615,254.0,8.493548387096775,18.06935483870968
Manaus,Norte,1983,11,26.636666666666667,29.846666666666668,24.236666666666668,168.0,9.360000000000001,18.587
Manaus,Norte,1983,12,25.358064516129033,28.396774193548385,23.448387096774194,349.6,8.425806451612903,15.055483870967743
Manaus,Norte,1984,1,25.048387096774192,28.103225806451615,23.048387096774192,307.1,9.245161290322581,14.723870967741936
Manaus,Norte,1984,2,24.872413793103448,28.044827586206896,23.079310344827583,414.2,8.979310344827585,14.013448275862068
Manaus,Norte,1984,3,25.94516129032258,29.506451612903227,23.79032258064516,304.5,10.093548387096773,16.78774193548387
Manaus,Norte,1984,4,25.496666666666666,28.736666666666668,23.573333333333334,406.59999999999997,9.18,14.257000000000001
Manaus,Norte,1984,5,25.419354838709676,28.419354838709676,23.374193548387098,416.6,8.196774193548388,13.936129032258064
Manaus,Norte,1984,6,25.40666666666667,28.66,23.063333333333333,218.4,8.716666666666667,14.7
Manaus,Norte,1984,7,25.438709677419357,28.77741935483871,22.812903225806455,175.1,8.209677419354838,16.886774193548387
Manaus,Norte,1984,8,25.84193548387097,29.203225806451613,23.4,121.5,9.725806451612904,17.186129032258062
Manaus,Norte,1984,9,25.78666666666667,29.353333333333335,23.226666666666667,165.7,8.336666666666666,18.535
Manaus,Norte,1984,10,26.42258064516129,29.980645161290322,23.98709677419355,165.0,9.106451612903227,19.151290322580646
Manaus,Norte,1984,11,26.25,29.636666666666667,23.853333333333335,208.7,9.923333333333334,18.380333333333333
Manaus,Norte,1984,12,25.496774193548386,28.503225806451614,23.403225806451612,293.4,8.94516129032258,15.701612903225806
Manaus,Norte,1985,1,25.73225806451613,28.941935483870967,23.706451612903226,215.9,9.725806451612904,15.566774193548387
Manaus,Norte,1985,2,25.50357142857143,28.839285714285715,23.38214285714286,273.9,10.042857142857143,16.68285714285714
Manaus,Norte,1985,3,26.074193548387097,29.296774193548387,23.906451612903226,290.5,10.745161290322581,16.723870967741938
Manaus,Norte,1985,4,26.31,29.52,24.066666666666666,238.1,10.033333333333333,16.816
Manaus,Norte,1985,5,25.37741935483871,28.190322580645162,23.43548387096774,344.4,8.46774193548387,13.73967741935484
Manaus,Norte,1985,6,25.02,28.040000000000003,22.816666666666666,185.9,9.18,14.661333333333335
Manaus,Norte,1985,7,25.051612903225806,28.345161290322583,22.738709677419354,179.79999999999998,8.993548387096775,15.735483870967743
Manaus,Norte,1985,8,25.429032258064513,28.79032258064516,23.070967741935487,177.8,8.203225806451613,17.02
Manaus,Norte,1985,9,26.376666666666665,29.816666666666666,23.75,146.6,8.306666666666667,19.589
Manaus,Norte,1985,10,26.690322580645162,30.274193548387096,24.041935483870965,136.3,8.62258064516129,19.749032258064517
Manaus,Norte,1985,11,25.986666666666668,29.18,23.82,300.7,8.973333333333333,17.24866666666667
Manaus,Norte,1985,12,25.719354838709677,28.506451612903223,23.758064516129032,324.4,9.474193548387097,14.801290322580646
Manaus,Norte,1986,1,25.129032258064516,27.848387096774193,23.219354838709677,305.6,11.361290322580645,14.004838709677419
Manaus,Norte,1986,2,25.289285714285715,28.389285714285712,23.364285714285717,317.2,10.721428571428572,15.447142857142856
Manaus,Norte,1986,3,25.603225806451615,29.048387096774192,23.40967741935484,300.8,10.070967741935483,16.227096774193548
Manaus,Norte,1986,4,25.873333333333335,29.103333333333335,23.886666666666667,305.4,9.396666666666667,15.352333333333332
Manaus,Norte,1986,5,25.838709677419356,28.796774193548387,23.79032258064516,289.2,9.980645161290322,13.972903225806453
Manaus,Norte,1986,6,25.273333333333333,28.34,23.1,301.4,9.073333333333332,14.056000000000001
Manaus,Norte,1986,7,24.993548387096773,28.12258064516129,22.68064516129032,179.3,8.380645161290323,15.248709677419354
Manaus,Norte,1986,8,26.606451612903225,30.083870967741937,23.780645161290323,78.0,9.245161290322581,18.683548387096774
Manaus,Norte,1986,9,25.966666666666665,28.973333333333336,23.753333333333334,254.0,9.823333333333332,16.756999999999998
Manaus,Norte,1986,10,26.358064516129033,29.648387096774194,23.967741935483872,212.7,8.503225806451614,18.016129032258064
Manaus,Norte,1986,11,25.996666666666666,29.13,23.883333333333333,303.1,9.5,16.79
Manaus,Norte,1986,12,26.02258064516129,29.135483870967743,23.835483870967742,215.3,9.790322580645162,16.41709677419355
Manaus,Norte,1987,1,25.26774193548387,28.141935483870967,23.345161290322583,302.1,9.916129032258064,13.428064516129032
Manaus,Norte,1987,2,25.817857142857143,28.75714285714286,23.900000000000002,324.1,10.778571428571428,14.823571428571428
Manaus,Norte,1987,3,26.51290322580645,30.016129032258064,24.258064516129032,310.7,9.73225806451613,17.427419354838708
Manaus,Norte,1987,4,26.053333333333335,28.89333333333333,24.19,327.5,10.336666666666668,13.944666666666667
Manaus,Norte,1987,5,26.14516129032258,29.151612903225807,23.916129032258063,221.8,9.138709677419355,14.781612903225808
Manaus,Norte,1987,6,25.876666666666665,28.873333333333335,23.696666666666665,152.1,8.773333333333333,14.930666666666667
Manaus,Norte,1987,7,26.458064516129035,29.89032258064516,24.04516129032258,107.4,8.648387096774194,17.235806451612902
Manaus,Norte,1987,8,26.416129032258063,29.883870967741935,23.993548387096773,144.3,8.416129032258064,18.01838709677419
Manaus,Norte,1987,9,27.02,30.473333333333336,24.453333333333333,164.2,7.98,19.333000000000002
Manaus,Norte,1987,10,27.712903225806453,31.296774193548384,25.05806451612903,145.3,9.406451612903227,20.932580645161288
Manaus,Norte,1987,11,27.276666666666664,30.696666666666665,24.933333333333334,214.2,8.343333333333334,18.830666666666666
Manaus,Norte,1987,12,26.761290322580646,29.825806451612905,24.712903225806453,324.6,8.635483870967741,15.67451612903226
Manaus,Norte,1988,1,25.793548387096774,28.4741935483871,24.016129032258064,349.6,10.341935483870968,14.046451612903226
Manaus,Norte,1988,2,25.806896551724137,28.71379310344828,23.99310344827586,391.7,9.293103448275861,13.571724137931033
Manaus,Norte,1988,3,26.77741935483871,30.038709677419355,24.606451612903225,285.2,10.66451612903226,16.56064516129032
Manaus,Norte,1988,4,26.33,29.376666666666665,24.346666666666668,385.3,9.389999999999999,14.958
Manaus,Norte,1988,5,25.80322580645161,28.593548387096774,23.870967741935484,335.0,8.17741935483871,13.679354838709678
Manaus,Norte,1988,6,25.316666666666666,28.153333333333332,23.25,252.3,8.22,13.776666666666667
Manaus,Norte,1988,7,25.683870967741935,28.838709677419356,23.406451612903226,160.6,8.538709677419355,16.366129032258065
Manaus,Norte,1988,8,27.01290322580645,30.85483870967742,24.02258064516129,83.3,8.59032258064516,19.83258064516129
Manaus,Norte,1988,9,26.986666666666668,30.466666666666665,24.3,186.1,8.513333333333334,19.857666666666667
Manaus,Norte,1988,10,26.980645161290322,30.361290322580647,24.44193548387097,175.0,8.45483870967742,19.426129032258064
Manaus,Norte,1988,11,26.176666666666666,29.15,24.166666666666668,268.2,8.476666666666667,16.166333333333334
Manaus,Norte,1988,12,25.787096774193547,28.893548387096775,23.703225806451613,290.3,8.303225806451612,15.728387096774194
Manaus,Norte,1989,1,25.229032258064517,28.083870967741937,23.20967741935484,321.6,9.790322580645162,14.266129032258064
Manaus,Norte,1989,2,24.87142857142857,27.860714285714288,23.039285714285715,392.4,9.0,13.719642857142857
Manaus,Norte,1989,3,25.283870967741933,28.432258064516127,23.345161290322583,357.3,8.45483870967742,14.913225806451614
Manaus,Norte,1989,4,25.636666666666667,28.823333333333334,23.636666666666667,290.2,9.129999999999999,15.099333333333334
Manaus,Norte,1989,5,24.85483870967742,27.51290322580645,23.12258064516129,403.4,7.47741935483871,11.976129032258065
Manaus,Norte,1989,6,25.19333333333333,28.073333333333334,23.076666666666664,239.70000000000002,7.876666666666667,13.700999999999999
Manaus,Norte,1989,7,25.083870967741937,28.212903225806453,22.780645161290323,145.7,9.083870967741936,15.270967741935483
Manaus,Norte,1989,8,26.46451612903226,30.183870967741935,23.68064516129032,91.3,9.425806451612903,18.828387096774193
Manaus,Norte,1989,9,27.076666666666664,30.763333333333332,24.240000000000002,170.4,8.863333333333333,19.809666666666665
Manaus,Norte,1989,10,26.493548387096773,29.932258064516127,23.94516129032258,173.3,9.219354838709679,19.488387096774193
Manaus,Norte,1989,11,26.933333333333334,30.096666666666668,24.526666666666664,186.5,8.303333333333333,17.699666666666666
Manaus,Norte,1989,12,26.503225806451614,29.351612903225806,24.35483870967742,277.4,10.151612903225805,15.412258064516129
Manaus,Norte,1990,1,25.458064516129035,28.36774193548387,23.548387096774192,327.4,10.293548387096775,13.811935483870968
Manaus,Norte,1990,2,26.103571428571428,29.085714285714285,24.12857142857143,290.9,9.607142857142858,15.4525
Manaus,Norte,1990,3,26.003225806451614,29.10967741935484,23.903225806451612,293.2,10.096774193548388,15.644838709677419
Manaus,Norte,1990,4,26.13,28.946666666666665,24.13,292.4,8.986666666666668,14.298666666666666
Manaus,Norte,1990,5,25.94193548387097,29.074193548387097,23.716129032258067,259.8,8.509677419354839,14.218709677419357
Manaus,Norte,1990,6,25.833333333333332,28.853333333333335,23.586666666666666,219.8,9.676666666666668,14.849666666666668
Manaus,Norte,1990,7,25.348387096774193,28.406451612903226,23.096774193548388,168.3,8.393548387096773,15.652258064516127
Manaus,Norte,1990,8,26.62258064516129,30.216129032258067,23.64516129032258,72.5,9.929032258064517,19.416451612903224
Manaus,Norte,1990,9,26.833333333333332,30.42,24.05,128.2,9.383333333333333,19.843
Manaus,Norte,1990,10,28.032258064516128,31.700000000000003,25.15806451612903,128.8,9.435483870967742,21.333870967741937
Manaus,Norte,1990,11,27.063333333333333,30.293333333333333,24.626666666666665,230.3,8.676666666666668,17.943666666666665
Manaus,Norte,1990,12,26.193548387096776,29.135483870967743,24.148387096774194,310.6,8.619354838709677,15.715806451612902
Manaus,Norte,1991,1,25.829032258064515,28.75483870967742,23.896774193548385,331.9,10.674193548387096,15.041612903225808
Manaus,Norte,1991,2,26.321428571428573,29.603571428571428,24.089285714285715,237.2,9.814285714285715,16.306428571428572
Manaus,Norte,1991,3,26.13225806451613,29.12258064516129,24.17096774193548,357.6,10.087096774193547,15.003870967741936
Manaus,Norte,1991,4,26.046666666666667,29.15,24.0,256.9,9.55,15.172333333333334
Manaus,Norte,1991,5,25.835483870967742,28.69677419354839,23.870967741935484,340.6,7.793548387096774,13.48741935483871
Manaus,Norte,1991,6,26.163333333333334,29.246666666666666,23.94,179.6,9.76,14.921
Manaus,Norte,1991,7,25.893548387096775,29.258064516129032,23.429032258064513,123.0,8.780645161290321,16.600645161290323
Manaus,Norte,1991,8,26.270967741935483,29.932258064516127,23.55806451612903,143.6,8.816129032258065,18.20741935483871
Manaus,Norte,1991,9,26.75,30.176666666666666,24.279999999999998,115.3,8.956666666666667,18.97233333333333
Manaus,Norte,1991,10,26.76451612903226,30.25483870967742,24.096774193548388,157.5,9.887096774193548,19.216451612903228
Manaus,Norte,1991,11,27.65666666666667,31.08,24.866666666666667,63.0,10.03,20.640666666666668
Manaus,Norte,1991,12,26.52258064516129,29.42258064516129,24.45483870967742,269.1,9.329032258064515,15.43774193548387
Manaus,Norte,1992,1,26.396774193548385,29.41290322580645,24.299999999999997,237.0,9.429032258064517,15.531290322580643
Manaus,Norte,1992,2,26.324137931034482,29.520689655172415,24.26551724137931,245.5,11.675862068965518,16.007241379310344
Manaus,Norte,1992,3,26.10967741935484,29.048387096774192,24.15806451612903,371.5,11.058064516129033,14.431935483870967
Manaus,Norte,1992,4,26.573333333333334,29.586666666666666,24.39333333333333,264.5,10.770000000000001,15.435
Manaus,Norte,1992,5,27.187096774193545,30.68064516129032,24.64516129032258,140.6,10.416129032258064,17.619032258064514
Manaus,Norte,1992,6,26.666666666666668,30.07,23.903333333333332,106.9,11.916666666666666,17.489333333333335
Manaus,Norte,1992,7,25.77741935483871,29.11935483870968,23.24516129032258,156.5,9.758064516129032,16.768709677419356
Manaus,Norte,1992,8,25.664516129032258,28.980645161290322,23.283870967741933,188.7,8.98709677419355,16.81
Manaus,Norte,1992,9,26.223333333333336,29.416666666666668,23.836666666666666,148.79999999999998,9.036666666666667,17.654999999999998
Manaus,Norte,1992,10,26.848387096774193,30.18064516129032,24.35483870967742,197.1,9.003225806451614,19.030322580645162
Manaus,Norte,1992,11,26.59,29.78666666666667,24.3,246.8,9.33,17.767
Manaus,Norte,1992,12,25.706451612903226,28.458064516129035,23.874193548387098,339.8,9.174193548387096,13.861290322580645
Manaus,Norte,1993,1,25.551612903225806,28.677419354838708,23.52258064516129,349.5,10.3,14.896129032258063
Manaus,Norte,1993,2,25.667857142857144,28.646428571428572,23.717857142857145,311.0,10.285714285714286,15.059642857142858
Manaus,Norte,1993,3,25.44193548387097,28.62258064516129,23.538709677419355,326.0,10.216129032258063,14.839677419354837
Manaus,Norte,1993,4,25.63,28.483333333333334,23.773333333333333,358.8,10.133333333333333,13.46
Manaus,Norte,1993,5,26.26774193548387,29.493548387096773,23.96451612903226,240.2,9.541935483870969,15.516774193548386
Manaus,Norte,1993,6,26.116666666666667,29.19,23.87,174.0,9.803333333333335,15.289333333333333
Manaus,Norte,1993,7,25.787096774193547,29.006451612903227,23.338709677419356,100.3,9.86774193548387,16.467741935483872
Manaus,Norte,1993,8,25.970967741935485,29.261290322580646,23.48709677419355,158.9,9.374193548387098,17.641290322580645
Manaus,Norte,1993,9,26.73,30.103333333333335,24.14333333333333,106.3,9.18,19.386333333333333
Manaus,Norte,1993,10,26.6,30.01290322580645,24.26451612903226,212.9,9.506451612903225,18.44709677419355
Manaus,Norte,1993,11,26.223333333333336,29.42,24.073333333333334,240.9,9.273333333333333,16.878666666666668
Manaus,Norte,1993,12,26.061290322580643,28.887096774193548,24.12258064516129,279.3,9.16451612903226,15.124516129032259
Manaus,Norte,1994,1,25.635483870967743,28.6,23.73225806451613,321.6,9.293548387096775,14.339677419354839
Manaus,Norte,1994,2,25.239285714285717,28.217857142857145,23.410714285714285,362.8,10.525,13.94
Manaus,Norte,1994,3,25.91290322580645,29.325806451612905,23.883870967741935,286.7,9.848387096774195,16.369354838709675
Manaus,Norte,1994,4,25.64,28.596666666666668,23.666666666666668,389.6,8.870000000000001,14.033
Manaus,Norte,1994,5,25.593548387096774,28.503225806451614,23.580645161290324,309.7,9.209677419354838,13.636129032258065
Manaus,Norte,1994,6,25.083333333333332,27.823333333333334,23.136666666666667,241.8,9.596666666666666,12.891333333333334
Manaus,Norte,1994,7,25.5,28.822580645161292,22.903225806451612,79.4,10.86774193548387,16.546774193548387
Manaus,Norte,1994,8,25.958064516129035,29.483870967741936,23.490322580645163,193.6,9.025806451612903,17.708709677419357
Manaus,Norte,1994,9,26.73,30.12,24.206666666666667,144.2,9.296666666666665,19.215666666666667
Manaus,Norte,1994,10,27.18064516129032,30.687096774193545,24.338709677419356,126.5,10.112903225806452,20.643548387096775
Manaus,Norte,1994,11,26.823333333333334,30.216666666666665,24.546666666666667,234.3,8.639999999999999,18.416
Manaus,Norte,1994,12,26.338709677419356,29.574193548387097,24.17096774193548,240.6,10.16451612903226,16.016451612903225
Manaus,Norte,1995,1,26.141935483870967,29.335483870967742,24.0,190.1,10.35483870967742,16.21483870967742
Manaus,Norte,1995,2,26.410714285714285,29.95,24.271428571428572,161.7,11.428571428571429,17.569642857142856
Manaus,Norte,1995,3,26.251612903225805,29.638709677419353,24.103225806451615,309.8,9.616129032258065,16.318387096774195
Manaus,Norte,1995,4,25.886666666666667,28.740000000000002,24.063333333333333,340.0,8.913333333333332,13.381
Manaus,Norte,1995,5,25.67096774193548,28.56451612903226,23.787096774193547,379.40000000000003,8.183870967741935,13.483225806451614
Manaus,Norte,1995,6,25.876666666666665,28.933333333333334,23.676666666666666,154.6,8.696666666666665,14.993
Manaus,Norte,1995,7,26.09032258064516,29.40967741935484,23.506451612903227,107.9,8.264516129032257,17.23774193548387
Manaus,Norte,1995,8,27.425806451612903,31.348387096774193,24.309677419354838,50.1,9.629032258064516,20.265806451612903
Manaus,Norte,1995,9,27.246666666666666,30.793333333333333,24.65,144.0,8.906666666666666,19.41866666666667
Manaus,Norte,1995,10,27.387096774193548,31.02258064516129,24.883870967741935,168.8,8.887096774193548,20.268709677419356
Manaus,Norte,1995,11,26.386666666666667,29.546666666666667,24.33,249.3,8.033333333333333,16.92
Manaus,Norte,1995,12,26.09032258064516,29.40967741935484,24.02258064516129,293.9,9.258064516129032,16.67290322580645
Manaus,Norte,1996,1,25.37741935483871,28.52258064516129,23.41290322580645,367.5,8.899999999999999,15.145806451612902
Manaus,Norte,1996,2,25.524137931034485,28.617241379310343,23.5,327.8,8.820689655172414,15.333103448275862
Manaus,Norte,1996,3,25.893548387096775,29.04516129032258,23.958064516129035,418.9,9.493548387096775,15.53967741935484
Manaus,Norte,1996,4,25.68,28.666666666666668,23.71333333333333,454.5,8.813333333333333,14.247333333333332
Manaus,Norte,1996,5,25.654838709677417,28.635483870967743,23.690322580645162,350.5,7.300000000000001,14.00741935483871
Manaus,Norte,1996,6,25.220000000000002,28.273333333333333,23.19333333333333,230.0,8.853333333333333,13.610333333333333
Manaus,Norte,1996,7,25.80322580645161,29.032258064516128,23.429032258064513,143.7,8.8,16.659032258064514
Manaus,Norte,1996,8,25.84193548387097,29.309677419354838,23.467741935483872,129.0,8.825806451612904,17.4158064516129
Manaus,Norte,1996,9,26.403333333333332,29.7,23.976666666666667,165.4,9.41,18.360333333333333
Manaus,Norte,1996,10,26.851612903225806,30.322580645161292,24.44193548387097,182.7,9.048387096774194,19.811935483870965
Manaus,Norte,1996,11,26.743333333333332,29.983333333333334,24.563333333333333,212.0,7.906666666666666,17.754666666666665
Manaus,Norte,1996,12,26.13225806451613,29.06451612903226,23.9741935483871,191.2,9.280645161290321,16.409032258064517
Manaus,Norte,1997,1,25.44193548387097,28.42258064516129,23.561290322580643,320.3,8.948387096774193,14.379354838709677
Manaus,Norte,1997,2,25.207142857142856,28.13214285714286,23.325,303.6,9.214285714285714,14.051428571428572
Manaus,Norte,1997,3,25.574193548387097,28.574193548387097,23.68064516129032,339.0,9.216129032258063,13.215806451612902
Manaus,Norte,1997,4,25.863333333333333,28.916666666666668,23.883333333333333,273.8,8.923333333333334,14.876666666666667
Manaus,Norte,1997,5,25.75483870967742,28.66774193548387,23.59032258064516,289.8,9.167741935483871,14.46967741935484
Manaus,Norte,1997,6,26.75,30.19,24.013333333333332,55.8,9.596666666666666,17.779999999999998
Manaus,Norte,1997,7,26.812903225806455,30.432258064516127,24.019354838709678,90.8,9.693548387096774,17.891612903225806
Manaus,Norte,1997,8,26.84193548387097,30.606451612903225,24.09032258064516,118.2,10.422580645161291,18.692258064516132
Manaus,Norte,1997,9,28.173333333333336,32.21333333333333,25.096666666666668,82.2,8.543333333333333,21.227666666666668
Manaus,Norte,1997,10,29.038709677419355,33.306451612903224,25.996774193548386,116.3,8.751612903225807,22.06677419354839
Manaus,Norte,1997,11,27.503333333333334,31.09333333333333,25.216666666666665,210.8,8.4,18.448666666666668
Manaus,Norte,1997,12,26.848387096774193,29.851612903225806,24.635483870967743,265.3,9.658064516129032,16.688709677419357
Manaus,Norte,1998,1,26.541935483870965,29.629032258064516,24.561290322580643,235.5,10.480645161290322,15.69774193548387
Manaus,Norte,1998,2,27.27857142857143,30.514285714285712,25.175,205.8,11.532142857142858,16.696785714285713
Manaus,Norte,1998,3,26.858064516129033,30.0,25.05483870967742,262.7,10.658064516129032,15.578064516129032
Manaus,Norte,1998,4,26.84333333333333,29.596666666666668,25.033333333333335,331.9,9.946666666666665,14.113666666666665
Manaus,Norte,1998,5,26.261290322580646,29.041935483870965,24.358064516129033,274.0,9.567741935483872,13.21967741935484
Manaus,Norte,1998,6,25.83,28.783333333333335,23.763333333333332,207.8,8.91,14.132666666666667
Manaus,Norte,1998,7,25.95483870967742,29.17096774193548,23.58709677419355,135.6,8.3,16.64548387096774
Manaus,Norte,1998,8,26.641935483870967,30.258064516129032,24.203225806451613,108.7,8.796774193548387,18.2758064516129
Manaus,Norte,1998,9,26.62,30.240000000000002,24.086666666666666,140.9,8.566666666666666,19.276
Manaus,Norte,1998,10,26.93548387096774,30.467741935483872,24.5258064516129,177.3,9.129032258064516,19.636129032258065
Manaus,Norte,1998,11,26.59333333333333,30.026666666666664,24.433333333333334,183.8,8.513333333333334,17.985666666666667
Manaus,Norte,1998,12,26.56451612903226,29.725806451612904,24.293548387096774,215.9,8.24516129032258,17.54774193548387
Manaus,Norte,1999,1,25.241935483870968,28.34193548387097,23.406451612903226,410.2,8.506451612903225,14.149677419354838
Manaus,Norte,1999,2,25.349999999999998,28.5,23.542857142857144,399.0,8.360714285714286,14.801428571428572
Manaus,Norte,1999,3,25.393548387096775,28.690322580645162,23.493548387096773,404.9,9.319354838709677,14.654193548387095
Manaus,Norte,1999,4,25.153333333333332,28.076666666666664,23.366666666666667,446.9,7.743333333333334,13.22
Manaus,Norte,1999,5,24.651612903225807,27.338709677419356,22.9741935483871,471.3,7.183870967741935,11.561935483870968
Manaus,Norte,1999,6,25.136666666666667,28.226666666666667,22.993333333333332,156.9,7.923333333333333,13.871
Manaus,Norte,1999,7,25.383870967741935,28.799999999999997,22.925806451612903,137.2,7.806451612903226,16.71
Manaus,Norte,1999,8,25.66774193548387,29.203225806451613,23.29032258064516,157.1,8.709677419354838,17.893870967741936
Manaus,Norte,1999,9,26.066666666666666,29.423333333333336,23.740000000000002,201.8,9.226666666666667,17.667333333333332
Manaus,Norte,1999,10,26.529032258064515,30.19677419354839,23.95483870967742,178.6,8.583870967741936,20.17032258064516
Manaus,Norte,1999,11,26.84,30.403333333333332,24.256666666666668,188.7,9.646666666666667,19.549
Manaus,Norte,1999,12,26.093548387096774,29.345161290322583,23.9741935483871,266.3,8.696774193548388,16.30548387096774
Manaus,Norte,2000,1,25.345161290322583,28.393548387096775,23.47741935483871,404.2,8.838709677419354,14.894193548387097
Manaus,Norte,2000,2,25.231034482758623,28.21379310344828,23.3,338.0,8.606896551724137,15.124137931034484
Manaus,Norte,2000,3,25.070967741935487,27.825806451612905,23.154838709677417,389.2,8.793548387096775,13.638064516129033
Manaus,Norte,2000,4,24.94,27.82,23.259999999999998,547.3,7.566666666666666,12.434333333333333
Manaus,Norte,2000,5,25.53548387096774,28.529032258064515,23.43548387096774,247.0,7.787096774193548,14.191935483870967
Manaus,Norte,2000,6,25.55,28.64333333333333,23.273333333333333,140.6,9.370000000000001,15.193333333333333
Manaus,Norte,2000,7,24.835483870967742,27.66774193548387,22.66774193548387,230.1,8.412903225806453,14.640645161290323
Manaus,Norte,2000,8,26.0258064516129,29.458064516129035,23.358064516129033,91.0,8.938709677419356,18.08451612903226
Manaus,Norte,2000,9,26.103333333333335,29.42,23.740000000000002,205.9,9.283333333333333,17.841333333333335
Manaus,Norte,2000,10,26.490322580645163,30.006451612903227,24.016129032258064,165.3,9.483870967741936,19.266451612903225
Manaus,Norte,2000,11,26.706666666666667,30.316666666666666,24.353333333333335,166.7,8.983333333333333,18.997666666666664
Manaus,Norte,2000,12,26.203225806451613,29.361290322580647,23.98709677419355,203.7,9.535483870967743,17.156129032258065
Manaus,Norte,2001,1,24.81935483870968,27.82903225806452,22.980645161290322,325.3,9.712903225806452,13.873870967741937
Manaus,Norte,2001,2,25.25714285714286,28.375,23.307142857142857,265.0,10.24642857142857,15.910357142857142
Manaus,Norte,2001,3,25.654838709677417,28.996774193548386,23.616129032258065,320.9,10.167741935483871,15.86774193548387
Manaus,Norte,2001,4,25.52,28.566666666666666,23.61,309.0,9.253333333333334,14.587333333333333
Manaus,Norte,2001,5,25.625806451612902,28.63225806451613,23.55483870967742,314.6,8.616129032258065,13.923548387096774
Manaus,Norte,2001,6,24.426666666666666,27.066666666666666,22.623333333333335,223.0,8.639999999999999,12.036333333333333
Manaus,Norte,2001,7,25.38064516129032,28.66774193548387,22.89032258064516,147.4,8.938709677419356,16.119354838709675
Manaus,Norte,2001,8,26.996774193548386,30.616129032258065,24.103225806451615,70.4,9.161290322580646,19.526451612903223
Manaus,Norte,2001,9,26.386666666666667,29.91,23.783333333333335,168.20000000000002,8.629999999999999,18.97533333333333
Manaus,Norte,2001,10,27.793548387096774,31.64516129032258,24.858064516129033,136.6,8.754838709677419,20.71
Manaus,Norte,2001,11,27.57,31.03666666666667,24.863333333333333,136.0,9.229999999999999,19.449666666666666
Manaus,Norte,2001,12,26.34193548387097,29.19677419354839,24.30322580645161,275.8,8.087096774193547,15.06967741935484
Manaus,Norte,2002,1,26.041935483870965,29.261290322580646,23.93548387096774,345.2,9.651612903225805,15.93258064516129
Manaus,Norte,2002,2,25.842857142857145,29.00357142857143,23.810714285714287,287.8,10.403571428571428,15.727500000000001
Manaus,Norte,2002,3,25.903225806451612,29.003225806451614,23.970967741935485,327.4,10.17741935483871,15.233225806451614
Manaus,Norte,2002,4,25.84,28.853333333333335,23.75,303.7,8.343333333333334,15.022333333333334
Manaus,Norte,2002,5,25.816129032258065,28.76451612903226,23.848387096774193,289.3,8.693548387096774,13.81516129032258
Manaus,Norte,2002,6,25.52,28.733333333333334,23.196666666666665,227.0,8.756666666666666,15.299666666666667
Manaus,Norte,2002,7,26.164516129032258,29.44193548387097,23.748387096774195,147.0,8.54516129032258,16.726774193548387
Manaus,Norte,2002,8,26.470967741935485,29.870967741935484,23.809677419354838,133.5,8.693548387096774,18.304516129032258
Manaus,Norte,2002,9,27.496666666666666,31.34,24.529999999999998,77.8,8.373333333333333,20.70633333333333
Manaus,Norte,2002,10,27.551612903225806,31.283870967741933,24.67096774193548,167.7,9.696774193548388,19.600967741935484
Manaus,Norte,2002,11,26.816666666666666,30.243333333333332,24.39,197.4,8.78,19.214333333333332
Manaus,Norte,2002,12,26.23225806451613,29.23225806451613,24.274193548387096,296.1,9.561290322580644,15.514838709677418
Manaus,Norte,2003,1,26.787096774193547,29.822580645161292,24.4741935483871,175.79999999999998,11.138709677419355,17.052258064516128
Manaus,Norte,2003,2,26.164285714285715,29.457142857142856,24.178571428571427,288.2,10.975,15.891428571428571
Manaus,Norte,2003,3,25.983870967741936,29.161290322580644,24.0,383.3,9.548387096774194,15.755483870967742
Manaus,Norte,2003,4,25.896666666666665,28.936666666666667,23.836666666666666,335.90000000000003,8.54,14.388666666666667
Manaus,Norte,2003,5,25.60967741935484,28.64516129032258,23.561290322580643,396.6,8.870967741935484,13.455806451612903
Manaus,Norte,2003,6,25.32,28.23,23.223333333333336,264.0,8.143333333333334,13.46
Manaus,Norte,2003,7,25.92258064516129,29.17096774193548,23.364516129032257,128.2,7.816129032258065,16.669032258064515
Manaus,Norte,2003,8,26.26774193548387,29.548387096774192,23.816129032258065,151.4,7.948387096774193,17.87741935483871
Manaus,Norte,2003,9,26.486666666666668,30.040000000000003,23.94333333333333,150.2,8.926666666666668,19.070333333333334
Manaus,Norte,2003,10,27.03548387096774,30.438709677419357,24.551612903225806,133.4,9.509677419354839,19.30354838709677
Manaus,Norte,2003,11,26.743333333333332,30.136666666666667,24.31,190.9,9.013333333333332,18.459333333333333
Manaus,Norte,2003,12,26.76451612903226,29.97741935483871,24.509677419354837,244.6,8.903225806451612,18.020967741935483
Manaus,Norte,2004,1,26.741935483870968,29.90967741935484,24.612903225806452,254.6,7.441935483870967,17.10225806451613
Manaus,Norte,2004,2,25.83103448275862,28.806896551724137,23.889655172413793,299.6,9.075862068965517,14.791724137931034
Manaus,Norte,2004,3,25.693548387096776,28.864516129032257,23.925806451612903,511.40000000000003,9.3,14.073870967741936
Manaus,Norte,2004,4,26.08,29.163333333333334,23.946666666666665,348.1,9.403333333333334,15.208666666666666
Manaus,Norte,2004,5,25.674193548387095,28.503225806451614,23.68064516129032,271.0,8.067741935483872,13.479032258064517
Manaus,Norte,2004,6,25.59,28.75,23.263333333333332,159.7,9.143333333333334,15.694333333333333
Manaus,Norte,2004,7,25.66774193548387,28.967741935483872,23.17096774193548,139.70000000000002,8.07741935483871,17.12322580645161
Manaus,Norte,2004,8,26.280645161290323,29.79032258064516,23.548387096774192,161.9,8.012903225806452,18.841290322580647
Manaus,Norte,2004,9,26.346666666666668,29.78666666666667,23.876666666666665,176.2,8.879999999999999,18.717666666666666
Manaus,Norte,2004,10,26.94193548387097,30.461290322580645,24.287096774193547,173.8,9.577419354838709,19.23225806451613
Manaus,Norte,2004,11,27.31,30.87,24.816666666666666,131.5,8.626666666666667,19.601333333333333
Manaus,Norte,2004,12,26.729032258064517,30.206451612903226,24.490322580645163,221.3,9.083870967741936,17.970967741935485
Manaus,Norte,2005,1,26.593548387096774,29.958064516129035,24.432258064516127,302.5,7.922580645161291,16.989354838709676
Manaus,Norte,2005,2,26.053571428571427,28.803571428571427,24.303571428571427,359.8,7.960714285714286,13.81857142857143
Manaus,Norte,2005,3,25.877419354838707,28.88064516129032,24.070967741935487,392.4,8.603225806451613,13.96967741935484
Manaus,Norte,2005,4,25.996666666666666,28.970000000000002,24.15,383.0,8.84,13.783
Manaus,Norte,2005,5,26.125806451612902,29.238709677419354,24.061290322580643,241.7,9.709677419354838,14.924193548387096
Manaus,Norte,2005,6,26.34,29.666666666666668,23.973333333333336,125.3,10.096666666666666,16.418666666666667
Manaus,Norte,2005,7,26.29032258064516,29.706451612903226,23.606451612903225,65.8,8.229032258064516,17.587741935483873
Manaus,Norte,2005,8,27.19677419354839,30.92258064516129,24.358064516129033,79.7,8.609677419354838,19.058709677419355
Manaus,Norte,2005,9,27.720000000000002,31.486666666666668,24.833333333333332,98.8,9.139999999999999,20.424666666666667
Manaus,Norte,2005,10,27.432258064516127,31.112903225806452,24.748387096774195,153.0,8.864516129032259,19.951612903225808
Manaus,Norte,2005,11,26.836666666666666,30.1,24.683333333333334,265.2,8.423333333333334,17.608
Manaus,Norte,2005,12,25.80322580645161,28.664516129032258,23.961290322580645,412.0,7.932258064516129,14.81
Manaus,Norte,2006,1,25.893548387096775,29.074193548387097,23.812903225806455,339.5,9.167741935483871,15.26774193548387
Manaus,Norte,2006,2,25.599999999999998,28.360714285714288,23.849999999999998,402.3,8.557142857142857,13.658928571428572
Manaus,Norte,2006,3,25.90967741935484,29.287096774193547,23.79032258064516,318.8,9.59032258064516,15.942580645161291
Manaus,Norte,2006,4,25.703333333333333,28.803333333333335,23.759999999999998,331.9,8.629999999999999,14.210666666666667
Manaus,Norte,2006,5,25.03548387096774,27.65806451612903,23.345161290322583,635.6999999999999,7.796774193548386,11.650322580645161
Manaus,Norte,2006,6,25.956666666666667,29.39333333333333,23.45,126.7,9.766666666666667,16.329666666666665
Manaus,Norte,2006,7,26.09032258064516,29.532258064516128,23.63225806451613,121.4,8.548387096774194,17.086129032258064
Manaus,Norte,2006,8,26.809677419354838,30.448387096774194,23.996774193548386,81.2,7.967741935483871,19.08483870967742
Manaus,Norte,2006,9,27.31,30.876666666666665,24.459999999999997,92.3,8.42,19.844
Manaus,Norte,2006,10,28.006451612903227,31.5741935483871,25.219354838709677,127.1,9.100000000000001,20.431935483870966
Manaus,Norte,2006,11,26.533333333333335,29.756666666666668,24.303333333333335,245.7,7.926666666666667,17.116
Manaus,Norte,2006,12,26.64516129032258,29.638709677419353,24.419354838709676,244.4,9.112903225806452,16.996129032258064
Manaus,Norte,2007,1,26.287096774193547,29.10967741935484,24.24516129032258,310.5,9.880645161290323,15.62483870967742
Manaus,Norte,2007,2,27.071428571428573,30.59642857142857,24.560714285714287,133.0,12.610714285714286,18.74642857142857
Manaus,Norte,2007,3,25.603225806451615,28.574193548387097,23.796774193548387,466.6,9.564516129032258,14.15258064516129
Manaus,Norte,2007,4,25.720000000000002,28.68,23.733333333333334,409.0,8.09,13.905333333333335
Manaus,Norte,2007,5,25.716129032258067,28.461290322580645,23.700000000000003,294.0,7.467741935483871,13.279677419354837
Manaus,Norte,2007,6,25.94333333333333,29.12,23.553333333333335,125.8,9.123333333333333,15.9
Manaus,Norte,2007,7,26.061290322580643,29.29032258064516,23.67096774193548,132.6,8.051612903225806,16.77064516129032
Manaus,Norte,2007,8,26.674193548387095,30.26774193548387,23.93548387096774,77.5,8.596774193548388,19.03451612903226
Manaus,Norte,2007,9,26.743333333333332,30.483333333333334,24.09,104.3,8.296666666666667,19.784333333333333
Manaus,Norte,2007,10,26.606451612903225,30.003225806451614,24.177419354838708,209.4,8.62258064516129,18.414193548387097
Manaus,Norte,2007,11,26.87,30.13,24.456666666666667,192.0,9.113333333333333,18.354
Manaus,Norte,2007,12,25.751612903225805,28.83225806451613,23.729032258064517,370.3,8.751612903225807,14.948387096774193
Manaus,Norte,2008,1,25.493548387096773,28.56451612903226,23.496774193548386,256.3,9.961290322580645,15.058387096774194
Manaus,Norte,2008,2,25.317241379310346,28.148275862068964,23.448275862068964,392.09999999999997,10.13103448275862,13.888965517241378
Manaus,Norte,2008,3,25.19677419354839,28.361290322580647,23.229032258064517,532.4,9.219354838709679,13.970645161290323
Manaus,Norte,2008,4,25.48,28.490000000000002,23.456666666666667,397.6,8.729999999999999,14.03
Manaus,Norte,2008,5,25.009677419354837,27.76774193548387,23.19677419354839,452.9,8.074193548387097,11.801290322580645
Manaus,Norte,2008,6,25.46333333333333,28.633333333333333,23.15,157.6,7.9366666666666665,14.863333333333333
Manaus,Norte,2008,7,26.17096774193548,29.751612903225805,23.425806451612903,68.5,8.5,17.98
Manaus,Norte,2008,8,26.906451612903226,30.516129032258064,24.04516129032258,127.3,8.280645161290321,19.220645161290324
Manaus,Norte,2008,9,26.64,29.953333333333333,24.1,170.2,8.526666666666667,18.685
Manaus,Norte,2008,10,26.738709677419354,29.967741935483872,24.316129032258065,195.3,8.758064516129032,18.070322580645165
Manaus,Norte,2008,11,26.646666666666665,30.09,24.436666666666667,244.5,7.89,17.886333333333333
Manaus,Norte,2008,12,26.174193548387095,29.206451612903226,24.190322580645162,375.3,8.003225806451614,16.08451612903226
Manaus,Norte,2009,1,25.661290322580644,28.60967741935484,23.719354838709677,435.1,8.496774193548386,14.458064516129031
Manaus,Norte,2009,2,25.314285714285713,28.303571428571427,23.34642857142857,411.5,10.164285714285715,14.11357142857143
Manaus,Norte,2009,3,25.541935483870965,28.693548387096776,23.641935483870967,373.3,9.80967741935484,14.658387096774195
Manaus,Norte,2009,4,25.936666666666667,29.19333333333333,23.89,313.6,8.803333333333335,15.571666666666665
Manaus,Norte,2009,5,25.683870967741935,28.738709677419354,23.664516129032258,292.5,8.996774193548386,14.463225806451613
Manaus,Norte,2009,6,25.33,28.216666666666665,23.276666666666664,297.8,9.093333333333334,13.318999999999999
Manaus,Norte,2009,7,26.361290322580647,29.76774193548387,23.73548387096774,114.5,9.345161290322581,17.738709677419354
Manaus,Norte,2009,8,27.838709677419356,31.883870967741935,24.638709677419353,51.5,9.593548387096773,20.11774193548387
Manaus,Norte,2009,9,28.603333333333335,33.11,24.896666666666665,51.0,10.796666666666665,21.61433333333333
Manaus,Norte,2009,10,28.387096774193548,32.406451612903226,25.374193548387098,177.0,8.53225806451613,20.353548387096776
Manaus,Norte,2009,11,29.029999999999998,32.95666666666667,25.779999999999998,68.39999999999999,10.316666666666666,21.331
Manaus,Norte,2009,12,26.719354838709677,29.845161290322583,24.66774193548387,353.9,9.525806451612903,15.598064516129034
Manaus,Norte,2010,1,26.364516129032257,29.52258064516129,24.351612903225806,294.8,10.903225806451612,15.756774193548386
Manaus,Norte,2010,2,26.8,29.814285714285713,24.75,266.3,11.328571428571427,15.343571428571428
Manaus,Norte,2010,3,27.23548387096774,30.48709677419355,24.91290322580645,268.7,10.167741935483871,17.205483870967743
Manaus,Norte,2010,4,26.14,28.85,24.37,452.0,8.65,12.446666666666665
Manaus,Norte,2010,5,26.567741935483873,29.561290322580643,24.47741935483871,296.2,8.36774193548387,14.30967741935484
Manaus,Norte,2010,6,26.21333333333333,29.38,23.846666666666668,169.5,8.85,15.511
Manaus,Norte,2010,7,26.248387096774195,29.419354838709676,23.874193548387098,75.2,8.793548387096775,16.800967741935484
Manaus,Norte,2010,8,27.967741935483872,32.016129032258064,24.56451612903226,15.7,9.606451612903227,20.46516129032258
Manaus,Norte,2010,9,28.483333333333334,32.68666666666667,25.016666666666666,87.2,9.67,21.391000000000002
Manaus,Norte,2010,10,28.200000000000003,32.18387096774194,25.26451612903226,160.8,8.580645161290322,20.66032258064516
Manaus,Norte,2010,11,27.136666666666667,30.783333333333335,24.706666666666667,224.8,8.84,18.934666666666665
Manaus,Norte,2010,12,26.387096774193548,29.561290322580643,24.193548387096776,296.1,8.109677419354838,16.523548387096774
Manaus,Norte,2011,1,25.674193548387095,28.883870967741935,23.693548387096776,306.0,10.235483870967743,15.360322580645162
Manaus,Norte,2011,2,25.657142857142855,28.86785714285714,23.592857142857145,278.9,9.700000000000001,15.700357142857143
Manaus,Norte,2011,3,25.81935483870968,29.01290322580645,23.700000000000003,419.9,9.125806451612902,15.39516129032258
Manaus,Norte,2011,4,25.386666666666667,28.316666666666666,23.55666666666667,577.5,8.616666666666667,13.007666666666667
Manaus,Norte,2011,5,25.848387096774193,28.690322580645162,23.91290322580645,295.0,8.47741935483871,13.38774193548387
Manaus,Norte,2011,6,26.43,29.586666666666666,24.013333333333332,127.6,10.110000000000001,16.38
Manaus,Norte,2011,7,26.53548387096774,30.125806451612902,23.674193548387095,50.6,9.37741935483871,18.35
Manaus,Norte,2011,8,27.64516129032258,31.848387096774193,24.299999999999997,78.9,9.503225806451614,19.451290322580647
Manaus,Norte,2011,9,27.466666666666665,31.256666666666668,24.586666666666666,150.5,8.423333333333334,19.983
Manaus,Norte,2011,10,27.25483870967742,30.490322580645163,24.796774193548387,189.9,8.841935483870968,19.228064516129034
Manaus,Norte,2011,11,26.726666666666667,30.026666666666664,24.353333333333335,219.4,8.68,17.404333333333334
Manaus,Norte,2011,12,26.625806451612902,29.67096774193548,24.280645161290323,256.2,9.025806451612903,16.811935483870965
Manaus,Norte,2012,1,25.5258064516129,28.219354838709677,23.625806451612902,349.9,8.948387096774193,14.07516129032258
Manaus,Norte,2012,2,25.224137931034484,28.20344827586207,23.337931034482757,382.4,9.751724137931035,14.447241379310345
Manaus,Norte,2012,3,25.361290322580647,28.490322580645163,23.35483870967742,365.9,9.758064516129032,14.928709677419356
Manaus,Norte,2012,4,25.90666666666667,28.853333333333335,23.776666666666664,276.7,9.376666666666667,15.108333333333333
Manaus,Norte,2012,5,25.82903225806452,28.89354838709677,23.6,220.4,9.006451612903225,14.503870967741936
Manaus,Norte,2012,6,26.016666666666666,29.273333333333333,23.45,142.0,9.926666666666668,16.576333333333334
Manaus,Norte,2012,7,26.0258064516129,29.44193548387097,23.37741935483871,74.3,9.203225806451613,17.29032258064516
Manaus,Norte,2012,8,27.251612903225805,31.6,23.683870967741935,50.8,10.26774193548387,20.17290322580645
Manaus,Norte,2012,9,28.146666666666665,32.47,24.68,90.9,10.063333333333333,20.836666666666666
Manaus,Norte,2012,10,28.074193548387097,31.92258064516129,25.029032258064515,84.1,9.609677419354838,20.898064516129033
Manaus,Norte,2012,11,28.2,31.970000000000002,25.473333333333336,162.6,8.45,19.971
Manaus,Norte,2012,12,26.432258064516127,29.383870967741935,24.238709677419354,304.6,10.087096774193547,15.868387096774194
Manaus,Norte,2013,1,26.46451612903226,29.39032258064516,24.461290322580645,205.2,10.59032258064516,15.281935483870969
Manaus,Norte,2013,2,25.710714285714285,28.74285714285714,23.810714285714287,420.3,10.37142857142857,13.967857142857143
Manaus,Norte,2013,3,26.103225806451615,29.20967741935484,24.135483870967743,474.1,10.7,14.708387096774192
Manaus,Norte,2013,4,26.173333333333336,29.276666666666664,24.133333333333333,373.9,9.276666666666667,15.124666666666666
Manaus,Norte,2013,5,26.17096774193548,29.387096774193548,24.03548387096774,258.2,8.848387096774195,15.548709677419355
Manaus,Norte,2013,6,26.426666666666666,29.706666666666667,23.933333333333334,119.19999999999999,8.956666666666667,16.852666666666668
Manaus,Norte,2013,7,25.6,28.770967741935483,23.20967741935484,140.1,8.62258064516129,16.135483870967743
Manaus,Norte,2013,8,26.351612903225806,29.845161290322583,23.67096774193548,98.2,8.451612903225806,18.37741935483871
Manaus,Norte,2013,9,26.873333333333335,30.276666666666664,24.05666666666667,102.3,10.023333333333333,19.482333333333333
Manaus,Norte,2013,10,27.84193548387097,31.567741935483873,24.74516129032258,83.1,9.738709677419354,21.38967741935484
Manaus,Norte,2013,11,26.42,29.65666666666667,24.240000000000002,235.5,9.746666666666666,16.461333333333332
Manaus,Norte,2013,12,26.97741935483871,30.203225806451613,24.52258064516129,209.3,10.067741935483872,17.574838709677422
Manaus,Norte,2014,1,26.216129032258067,29.30322580645161,24.080645161290324,253.5,11.254838709677419,16.255161290322583
Manaus,Norte,2014,2,25.50714285714286,28.389285714285712,23.625,309.9,10.860714285714286,13.706785714285715
Manaus,Norte,2014,3,25.725806451612904,28.77741935483871,23.799999999999997,382.4,11.483870967741936,14.537096774193548
Manaus,Norte,2014,4,25.88,28.993333333333332,23.85666666666667,421.5,9.79,14.731666666666666
Manaus,Norte,2014,5,25.92258064516129,29.148387096774194,23.916129032258063,256.6,8.725806451612904,14.50741935483871
Manaus,Norte,2014,6,26.21333333333333,29.27,23.94333333333333,139.5,9.996666666666666,15.208666666666666
Manaus,Norte,2014,7,26.238709677419354,29.716129032258067,23.52258064516129,72.8,9.564516129032258,18.183870967741935
Manaus,Norte,2014,8,26.91290322580645,30.567741935483873,23.938709677419357,83.4,8.80967741935484,18.98548387096774
Manaus,Norte,2014,9,28.35666666666667,32.75,24.69,40.3,10.733333333333333,21.720333333333333
Manaus,Norte,2014,10,27.07741935483871,30.48709677419355,24.683870967741935,232.5,9.667741935483871,18.130967741935482
Manaus,Norte,2014,11,26.92,30.083333333333332,24.64,184.7,9.629999999999999,16.723
Manaus,Norte,2014,12,26.716129032258067,29.85483870967742,24.519354838709678,256.1,8.725806451612904,16.878709677419355
Manaus,Norte,2015,1,25.73225806451613,28.993548387096773,23.677419354838708,411.8,10.23225806451613,15.94032258064516
Manaus,Norte,2015,2,26.364285714285717,29.685714285714287,24.064285714285713,255.4,11.821428571428571,17.27607142857143
Manaus,Norte,2015,3,25.9,29.080645161290324,23.90967741935484,388.4,10.345161290322581,14.685161290322581
Manaus,Norte,2015,4,26.083333333333332,29.253333333333334,24.009999999999998,291.9,10.406666666666666,15.423
Manaus,Norte,2015,5,25.94193548387097,29.106451612903225,23.861290322580647,309.2,9.62258064516129,14.150645161290322
Manaus,Norte,2015,6,26.196666666666665,29.426666666666666,23.720000000000002,152.0,10.836666666666668,15.895000000000001
Manaus,Norte,2015,7,26.59032258064516,30.274193548387096,23.851612903225806,63.099999999999994,10.390322580645162,18.13258064516129
Manaus,Norte,2015,8,28.529032258064515,33.099999999999994,24.883870967741935,22.5,12.238709677419354,20.565161290322582
Manaus,Norte,2015,9,30.666666666666668,35.66,26.040000000000003,12.1,12.046666666666665,22.90266666666667
Manaus,Norte,2015,10,30.370967741935484,35.093548387096774,26.59032258064516,74.89999999999999,10.280645161290321,22.009032258064515
Manaus,Norte,2015,11,28.506666666666668,32.24666666666666,25.66,146.2,9.06,19.403333333333332
Manaus,Norte,2015,12,28.125806451612902,31.593548387096774,25.551612903225806,204.9,9.235483870967743,18.298709677419353
Manaus,Norte,2016,1,28.6,32.1,26.08709677419355,72.7,11.803225806451612,18.666451612903224
Manaus,Norte,2016,2,26.92413793103448,29.979310344827585,24.896551724137932,288.6,12.075862068965517,15.531724137931034
Manaus,Norte,2016,3,26.63225806451613,29.532258064516128,24.861290322580647,496.2,10.709677419354838,13.762258064516129
Manaus,Norte,2016,4,26.633333333333333,29.603333333333335,24.69,313.6,10.266666666666667,14.617666666666667
Manaus,Norte,2016,5,26.45483870967742,29.425806451612903,24.358064516129033,261.8,8.993548387096775,14.072258064516129
Manaus,Norte,2016,6,26.09,29.236666666666668,23.653333333333332,218.5,8.95,15.752999999999998
Manaus,Norte,2016,7,27.10967741935484,30.809677419354838,24.183870967741935,40.2,8.67741935483871,18.42258064516129
Manaus,Norte,2016,8,27.916129032258063,32.170967741935485,24.6,115.1,9.941935483870967,19.483870967741936
Manaus,Norte,2016,9,26.823333333333334,30.08,24.333333333333332,167.2,7.886666666666667,18.608999999999998
Manaus,Norte,2016,10,27.967741935483872,31.567741935483873,25.151612903225807,144.4,9.561290322580644,20.19483870967742
Manaus,Norte,2016,11,27.63,31.023333333333333,25.029999999999998,118.3,9.58,18.93166666666667
Manaus,Norte,2016,12,26.316129032258065,29.316129032258065,24.33225806451613,388.6,8.425806451612903,14.855161290322581
Manaus,Norte,2017,1,26.141935483870967,28.76451612903226,24.12258064516129,385.3,13.696774193548388,16.35290322580645
Manaus,Norte,2017,2,25.925,28.24285714285714,24.15357142857143,315.90000000000003,12.714285714285714,13.973928571428571
Manaus,Norte,2017,3,26.229032258064517,28.874193548387098,24.24516129032258,312.6,11.44516129032258,15.393548387096773
Manaus,Norte,2017,4,26.503333333333334,28.833333333333332,24.623333333333335,210.5,11.806666666666667,15.479000000000001
Manaus,Norte,2017,5,27.287096774193547,29.961290322580645,25.129032258064516,125.0,12.396774193548387,17.438387096774196
Manaus,Norte,2017,6,27.16,30.026666666666664,24.903333333333332,79.3,11.966666666666667,17.544
Manaus,Norte,2017,7,27.34193548387097,30.903225806451612,24.325806451612905,20.9,12.670967741935485,19.232580645161292
Manaus,Norte,2017,8,29.161290322580644,33.20645161290323,25.61935483870968,16.5,12.67741935483871,20.030322580645162
Manaus,Norte,2017,9,28.32,31.673333333333336,25.576666666666664,67.7,11.496666666666666,18.576
Manaus,Norte,2017,10,27.59032258064516,30.4741935483871,25.261290322580646,90.0,12.748387096774193,17.858709677419355
Manaus,Norte,2017,11,27.616666666666667,30.473333333333336,25.663333333333334,98.9,11.966666666666667,17.403333333333332
Manaus,Norte,2017,12,26.58709677419355,28.838709677419356,24.73225806451613,303.1,11.69032258064516,13.993548387096775
Manaus,Norte,2018,1,26.051612903225806,28.7,24.151612903225807,245.6,13.32258064516129,15.792903225806452
Manaus,Norte,2018,2,26.389285714285712,29.292857142857144,24.435714285714287,142.9,12.799999999999999,15.620000000000001
Manaus,Norte,2018,3,26.635483870967743,29.248387096774195,24.664516129032258,218.0,13.509677419354839,16.547096774193548
Manaus,Norte,2018,4,25.92,28.34333333333333,24.136666666666667,308.1,11.403333333333334,14.001666666666667
Manaus,Norte,2018,5,26.083870967741937,28.53548387096774,24.038709677419355,220.7,12.174193548387096,15.290645161290323
Manaus,Norte,2018,6,26.65,29.56,24.196666666666665,92.8,11.41,18.073333333333334
Manaus,Norte,2018,7,27.05483870967742,30.190322580645162,24.306451612903224,63.4,11.59032258064516,18.51967741935484
Manaus,Norte,2018,8,27.493548387096773,30.809677419354838,24.55483870967742,52.2,12.803225806451612,19.373548387096776
Manaus,Norte,2018,9,28.566666666666666,32.07,25.313333333333333,45.6,12.526666666666667,20.026333333333334
Manaus,Norte,2018,10,29.677419354838708,33.38709677419355,26.38064516129032,65.0,12.861290322580645,20.618709677419353
Manaus,Norte,2018,11,27.996666666666666,30.986666666666668,25.60666666666667,241.4,12.446666666666665,17.046666666666667
Manaus,Norte,2018,12,26.029032258064515,28.541935483870965,23.967741935483872,280.0,12.8,14.87225806451613
Manaus,Norte,2019,1,26.26451612903226,28.864516129032257,24.164516129032258,272.8,13.941935483870967,16.14709677419355
Manaus,Norte,2019,2,26.525,29.099999999999998,24.614285714285717,236.4,14.110714285714286,16.086071428571426
Manaus,Norte,2019,3,27.358064516129033,30.193548387096776,25.12258064516129,156.6,14.76774193548387,19.088387096774195
Manaus,Norte,2019,4,26.956666666666667,29.696666666666665,24.84,235.2,12.733333333333333,16.805333333333333
Manaus,Norte,2019,5,26.596774193548388,29.029032258064515,24.54516129032258,287.6,11.941935483870967,15.235806451612904
Manaus,Norte,2019,6,26.966666666666665,29.63,24.6,159.8,12.863333333333333,16.825333333333333
Manaus,Norte,2019,7,27.270967741935483,30.35483870967742,24.52258064516129,97.8,12.741935483870968,18.62290322580645
Manaus,Norte,2019,8,28.06451612903226,31.8,24.683870967741935,53.8,12.174193548387096,19.69741935483871
Manaus,Norte,2019,9,28.970000000000002,32.77,25.65,103.1,11.826666666666666,19.698333333333334
Manaus,Norte,2019,10,27.53548387096774,30.5,25.154838709677417,119.7,11.05483870967742,18.458064516129035
Manaus,Norte,2019,11,27.426666666666666,30.083333333333332,25.243333333333332,158.5,11.8,16.164333333333335
Manaus,Norte,2019,12,26.83225806451613,29.31935483870968,24.851612903225806,263.8,12.009677419354839,15.862903225806452
Manaus,Norte,2020,1,27.40967741935484,30.37741935483871,25.029032258064515,167.2,12.709677419354838,18.298709677419353
Manaus,Norte,2020,2,27.341379310344827,30.224137931034484,25.13103448275862,120.8,13.379310344827585,17.60448275862069
Manaus,Norte,2020,3,27.561290322580643,30.38064516129032,25.309677419354838,279.7,12.661290322580646,18.049354838709675
Manaus,Norte,2020,4,26.473333333333336,29.09,24.373333333333335,268.0,10.74,15.675999999999998
Manaus,Norte,2020,5,26.532258064516128,29.05483870967742,24.574193548387097,278.9,10.922580645161291,15.761935483870968
Manaus,Norte,2020,6,26.706666666666667,29.31,24.336666666666666,103.9,11.993333333333334,16.93433333333333
Manaus,Norte,2020,7,27.509677419354837,30.796774193548387,24.48709677419355,41.6,11.990322580645161,19.503225806451614
Manaus,Norte,2020,8,28.738709677419354,32.732258064516124,25.048387096774192,19.7,12.248387096774193,20.40838709677419
Manaus,Norte,2020,9,28.933333333333334,32.656666666666666,25.62,70.9,12.2,20.123
Manaus,Norte,2020,10,28.219354838709677,31.26451612903226,25.738709677419354,63.6,10.577419354838709,19.48032258064516
Manaus,Norte,2020,11,27.236666666666668,29.80666666666667,25.133333333333333,169.2,11.636666666666667,16.406333333333333
Manaus,Norte,2020,12,26.519354838709678,29.01290322580645,24.419354838709676,226.70000000000002,11.393548387096773,16.588387096774195
Manaus,Norte,2021,1,26.029032258064515,28.551612903225806,23.932258064516127,213.0,11.887096774193548,16.500967741935487
Manaus,Norte,2021,2,26.353571428571428,28.928571428571427,24.400000000000002,234.0,12.782142857142857,16.14142857142857
Manaus,Norte,2021,3,25.712903225806453,28.23225806451613,23.870967741935484,338.5,11.606451612903227,14.798387096774194
Manaus,Norte,2021,4,26.276666666666664,28.726666666666667,24.303333333333335,277.9,10.67,15.988
Manaus,Norte,2021,5,26.470967741935485,29.04516129032258,24.32903225806452,159.8,10.529032258064515,16.28
Manaus,Norte,2021,6,26.59333333333333,29.19333333333333,24.32,106.39999999999999,11.066666666666666,17.113666666666667
Manaus,Norte,2021,7,26.541935483870965,29.461290322580645,23.98709677419355,78.39999999999999,11.429032258064517,17.961290322580645
Manaus,Norte,2021,8,27.516129032258064,30.870967741935484,24.6,82.9,10.806451612903226,19.234193548387097
Manaus,Norte,2021,9,27.636666666666667,30.873333333333335,24.916666666666668,57.8,10.893333333333334,19.676
Manaus,Norte,2021,10,28.02258064516129,31.316129032258065,25.183870967741935,89.0,11.887096774193548,19.825161290322583
Manaus,Norte,2021,11,26.876666666666665,29.53666666666667,24.703333333333333,189.79999999999998,12.036666666666667,17.328
Manaus,Norte,2021,12,26.52258064516129,29.08709677419355,24.451612903225808,265.9,10.612903225806452,16.548709677419353
Manaus,Norte,2022,1,26.506451612903227,29.43548387096774,24.312903225806455,218.2,13.422580645161291,17.80354838709677
Manaus,Norte,2022,2,25.892857142857142,28.478571428571428,23.942857142857143,281.3,12.507142857142856,16.33142857142857
Manaus,Norte,2022,3,25.929032258064513,28.648387096774194,23.896774193548385,322.7,12.3,16.636451612903226
Manaus,Norte,2022,4,26.173333333333336,28.92,24.013333333333332,204.5,12.113333333333333,17.538999999999998
Manaus,Norte,2022,5,26.374193548387098,29.154838709677417,23.96451612903226,160.4,12.187096774193549,17.42258064516129
Manaus,Norte,2022,6,25.966666666666665,28.96333333333333,23.506666666666668,134.3,12.226666666666667,18.240000000000002
Manaus,Norte,2022,7,27.41290322580645,30.87741935483871,24.345161290322583,37.9,13.46774193548387,19.73225806451613
Manaus,Norte,2022,8,28.103225806451615,32.19032258064516,24.641935483870967,34.0,13.258064516129032,20.767419354838708
Manaus,Norte,2022,9,29.373333333333335,33.59,25.529999999999998,30.7,12.993333333333334,21.968666666666664
Manaus,Norte,2022,10,28.370967741935484,32.08064516129032,25.23225806451613,79.5,13.55483870967742,20.49258064516129
Manaus,Norte,2022,11,27.60666666666667,31.32,24.716666666666665,82.6,12.28,19.204333333333334
Manaus,Norte,2022,12,26.52258064516129,29.509677419354837,24.051612903225806,227.9,12.399999999999999,18.194193548387098
Manaus,Norte,2023,1,25.693548387096776,28.316129032258065,23.661290322580644,236.29999999999998,11.925806451612903,16.910645161290322
Manaus,Norte,2023,2,25.907142857142855,28.710714285714285,23.639285714285712,269.0,12.942857142857141,17.930714285714284
Manaus,Norte,2023,3,26.519354838709678,29.44516129032258,24.309677419354838,218.8,13.874193548387098,18.66
Manaus,Norte,2023,4,26.726666666666667,29.496666666666666,24.526666666666664,163.0,11.44,18.432666666666666
Manaus,Norte,2023,5,26.9741935483871,29.758064516129032,24.770967741935483,197.6,12.961290322580645,17.684838709677418
Manaus,Norte,2023,6,26.966666666666665,29.95,24.376666666666665,71.6,13.606666666666666,18.887333333333334
Manaus,Norte,2023,7,28.370967741935484,32.00322580645162,24.996774193548386,29.9,13.406451612903227,20.43967741935484
Manaus,Norte,2023,8,29.580645161290324,33.71612903225807,25.96451612903226,15.3,13.503225806451614,21.559032258064516
Manaus,Norte,2023,9,29.89333333333333,34.163333333333334,25.990000000000002,26.4,14.683333333333334,22.191666666666666
Manaus,Norte,2023,10,30.467741935483872,34.79354838709677,26.75483870967742,38.9,13.16451612903226,22.180967741935483
Manaus,Norte,2023,11,29.496666666666666,33.309999999999995,26.31,52.2,13.370000000000001,20.820333333333334
Manaus,Norte,2023,12,27.60967741935484,30.348387096774193,25.42258064516129,157.2,12.551612903225807,17.480645161290322
Manaus,Norte,2024,1,27.874193548387098,31.04516129032258,25.40967741935484,123.6,13.470967741935485,19.846129032258066
Manaus,Norte,2024,2,28.06551724137931,31.36551724137931,25.396551724137932,237.1,14.251724137931035,21.122413793103448
Manaus,Norte,2024,3,27.4,30.138709677419353,25.148387096774194,182.0,14.151612903225805,18.16
Manaus,Norte,2024,4,27.243333333333332,30.066666666666666,25.183333333333334,159.8,11.24,18.140333333333334
Manaus,Norte,2024,5,27.12258064516129,29.72258064516129,25.093548387096774,150.9,13.093548387096773,16.79064516129032
Manaus,Norte,2024,6,27.383333333333333,30.459999999999997,24.776666666666664,65.5,13.243333333333334,19.285333333333334
Manaus,Norte,2024,7,28.138709677419353,31.719354838709677,25.02258064516129,38.199999999999996,13.77741935483871,20.16290322580645
Manaus,Norte,2024,8,29.283870967741933,33.41612903225807,25.53548387096774,18.400000000000002,14.52258064516129,21.49741935483871
Manaus,Norte,2024,9,30.553333333333335,35.06333333333334,26.59,14.5,14.68,21.84
Manaus,Norte,2024,10,29.616129032258065,33.70645161290323,25.967741935483872,71.3,12.864516129032259,21.748387096774195
Manaus,Norte,2024,11,28.85,32.24,25.976666666666667,59.9,11.943333333333333,20.865333333333336
Manaus,Norte,2024,12,27.519354838709678,30.6,25.335483870967742,225.7,10.929032258064517,18.90774193548387
Porto Alegre,Sul,1980,1,23.916129032258063,29.241935483870968,19.325806451612905,142.3,17.82903225806452,25.22451612903226
Porto Alegre,Sul,1980,2,24.70689655172414,29.33448275862069,20.817241379310346,76.2,17.02413793103448,21.61689655172414
Porto Alegre,Sul,1980,3,25.574193548387097,30.019354838709678,22.206451612903226,103.3,14.861290322580645,17.243225806451612
Porto Alegre,Sul,1980,4,21.896666666666665,27.013333333333332,17.753333333333334,105.5,14.620000000000001,15.140666666666668
Porto Alegre,Sul,1980,5,18.70967741935484,22.700000000000003,15.332258064516129,135.6,13.432258064516128,9.58516129032258
Porto Alegre,Sul,1980,6,13.843333333333334,18.80666666666667,9.613333333333333,129.1,16.53666666666667,9.602
Porto Alegre,Sul,1980,7,13.067741935483872,17.97741935483871,8.429032258064517,170.7,15.264516129032257,10.03516129032258
Porto Alegre,Sul,1980,8,14.97741935483871,20.0,10.393548387096773,82.7,14.903225806451612,12.230645161290322
Porto Alegre,Sul,1980,9,14.393333333333334,19.473333333333336,9.986666666666668,87.0,17.763333333333332,15.716000000000001
Porto Alegre,Sul,1980,10,18.916129032258063,23.41290322580645,14.741935483870968,157.2,17.509677419354837,17.366129032258065
Porto Alegre,Sul,1980,11,20.39333333333333,25.17,16.28666666666667,155.4,17.316666666666666,21.46333333333333
Porto Alegre,Sul,1980,12,23.10967741935484,27.403225806451612,19.616129032258065,117.0,19.190322580645162,21.510645161290324
Porto Alegre,Sul,1981,1,24.406451612903226,29.112903225806452,20.51290322580645,70.3,18.44193548387097,23.799032258064514
Porto Alegre,Sul,1981,2,25.603571428571428,30.085714285714285,22.021428571428572,118.1,16.310714285714287,20.348214285714285
Porto Alegre,Sul,1981,3,22.470967741935485,27.248387096774195,18.283870967741933,45.3,16.66774193548387,18.743225806451612
Porto Alegre,Sul,1981,4,20.303333333333335,24.57,16.696666666666665,131.4,17.0,13.851333333333335
Porto Alegre,Sul,1981,5,19.55483870967742,24.42258064516129,15.612903225806452,29.8,13.341935483870968,11.293225806451613
Porto Alegre,Sul,1981,6,12.836666666666668,17.033333333333335,9.293333333333333,95.7,16.806666666666665,8.459
Porto Alegre,Sul,1981,7,14.203225806451613,18.712903225806453,10.380645161290323,73.7,15.019354838709678,8.698387096774193
Porto Alegre,Sul,1981,8,16.2,21.783870967741933,11.525806451612903,66.5,15.148387096774194,13.206129032258064
Porto Alegre,Sul,1981,9,16.46,20.529999999999998,12.979999999999999,283.7,20.716666666666665,10.898666666666665
Porto Alegre,Sul,1981,10,17.77741935483871,22.39032258064516,13.596774193548388,54.3,18.30322580645161,18.746451612903225
Porto Alegre,Sul,1981,11,21.279999999999998,25.616666666666667,17.383333333333333,158.1,18.71333333333333,21.086333333333336
Porto Alegre,Sul,1981,12,22.083870967741937,26.97741935483871,17.496774193548386,132.7,18.258064516129032,24.086774193548386
Porto Alegre,Sul,1982,1,23.641935483870967,28.990322580645163,18.654838709677417,17.299999999999997,19.10967741935484,25.58709677419355
Porto Alegre,Sul,1982,2,24.285714285714285,28.560714285714287,20.84642857142857,146.9,16.639285714285712,18.447857142857142
Porto Alegre,Sul,1982,3,23.467741935483872,28.316129032258065,19.538709677419355,42.9,16.91290322580645,19.22290322580645
Porto Alegre,Sul,1982,4,20.863333333333333,25.933333333333334,16.470000000000002,22.2,16.04,15.022333333333334
Porto Alegre,Sul,1982,5,17.483870967741936,22.467741935483872,13.174193548387096,46.5,14.270967741935483,11.369354838709677
Porto Alegre,Sul,1982,6,15.386666666666667,19.293333333333333,12.083333333333334,142.9,14.333333333333334,7.065666666666667
Porto Alegre,Sul,1982,7,14.990322580645161,19.82903225806452,10.838709677419354,154.5,14.109677419354838,9.483225806451614
Porto Alegre,Sul,1982,8,16.3,21.02258064516129,12.287096774193548,163.2,15.316129032258065,11.144516129032258
Porto Alegre,Sul,1982,9,18.1,23.35,13.786666666666667,160.1,16.683333333333334,15.735999999999999
Porto Alegre,Sul,1982,10,18.46451612903226,23.44193548387097,13.719354838709679,156.1,18.635483870967743,20.86225806451613
Porto Alegre,Sul,1982,11,20.096666666666668,24.45,16.086666666666666,238.0,17.970000000000002,19.184
Porto Alegre,Sul,1982,12,22.677419354838708,27.616129032258065,18.261290322580646,101.4,16.687096774193545,24.078709677419358
Porto Alegre,Sul,1983,1,25.05806451612903,29.648387096774194,21.567741935483873,140.4,19.796774193548387,22.380967741935482
Porto Alegre,Sul,1983,2,24.375,28.52857142857143,20.914285714285715,234.5,16.635714285714286,19.724999999999998
Porto Alegre,Sul,1983,3,21.506451612903227,25.63225806451613,17.845161290322583,202.0,16.058064516129033,17.13967741935484
Porto Alegre,Sul,1983,4,19.8,23.68,16.4,144.2,14.593333333333334,12.391666666666667
Porto Alegre,Sul,1983,5,17.56451612903226,20.651612903225807,14.919354838709678,199.6,15.990322580645161,7.958387096774194
Porto Alegre,Sul,1983,6,12.463333333333333,16.46333333333333,8.96,88.8,16.966666666666665,7.741666666666666
Porto Alegre,Sul,1983,7,13.83548387096774,16.90967741935484,11.161290322580646,242.3,19.34193548387097,6.2454838709677425
Porto Alegre,Sul,1983,8,15.193548387096774,19.932258064516127,11.129032258064516,125.7,16.783870967741933,10.591935483870968
Porto Alegre,Sul,1983,9,15.386666666666667,20.259999999999998,10.926666666666668,79.0,16.046666666666667,15.375
Porto Alegre,Sul,1983,10,19.26774193548387,24.406451612903226,14.629032258064516,146.5,18.125806451612902,18.574516129032258
Porto Alegre,Sul,1983,11,21.43,25.896666666666665,17.513333333333332,92.8,16.696666666666665,21.077
Porto Alegre,Sul,1983,12,23.84193548387097,28.661290322580644,19.77741935483871,78.60000000000001,17.716129032258063,24.985806451612902
Porto Alegre,Sul,1984,1,25.693548387096776,30.206451612903226,22.11935483870968,154.4,17.53548387096774,22.673548387096773
Porto Alegre,Sul,1984,2,27.106896551724137,32.224137931034484,22.986206896551725,90.39999999999999,14.00344827586207,23.19206896551724
Porto Alegre,Sul,1984,3,23.496774193548386,27.648387096774194,19.90967741935484,45.8,18.083870967741937,17.151290322580646
Porto Alegre,Sul,1984,4,19.44,23.490000000000002,15.96,125.8,17.27,13.419
Porto Alegre,Sul,1984,5,17.780645161290323,22.05483870967742,14.238709677419354,138.3,15.741935483870968,9.245483870967742
Porto Alegre,Sul,1984,6,14.426666666666668,18.023333333333333,11.346666666666666,316.1,16.973333333333333,6.603
Porto Alegre,Sul,1984,7,14.33548387096774,18.94516129032258,10.270967741935483,188.70000000000002,16.212903225806453,9.223870967741936
Porto Alegre,Sul,1984,8,12.85483870967742,17.01290322580645,9.025806451612903,227.6,14.764516129032257,10.034516129032259
Porto Alegre,Sul,1984,9,16.223333333333333,20.65666666666667,12.65,155.6,20.15,14.747000000000002
Porto Alegre,Sul,1984,10,19.838709677419356,25.470967741935485,15.345161290322581,102.2,17.612903225806452,19.96225806451613
Porto Alegre,Sul,1984,11,20.316666666666666,24.55,16.553333333333335,125.3,19.203333333333333,20.642333333333333
Porto Alegre,Sul,1984,12,21.125806451612902,25.69677419354839,16.583870967741937,94.3,17.480645161290322,22.576451612903227
Porto Alegre,Sul,1985,1,24.216129032258067,29.32903225806452,19.906451612903226,46.8,19.287096774193547,24.561935483870965
Porto Alegre,Sul,1985,2,24.02857142857143,28.325,20.47142857142857,145.29999999999998,15.846428571428572,18.764999999999997
Porto Alegre,Sul,1985,3,23.293548387096774,27.951612903225808,19.567741935483873,113.1,15.754838709677419,16.890645161290323
Porto Alegre,Sul,1985,4,20.066666666666666,24.59,16.283333333333335,176.7,15.49,13.389666666666667
Porto Alegre,Sul,1985,5,15.993548387096775,21.03548387096774,11.7,161.4,14.37741935483871,10.544516129032258
Porto Alegre,Sul,1985,6,14.943333333333333,19.186666666666667,11.513333333333332,115.5,14.693333333333333,8.619333333333334
Porto Alegre,Sul,1985,7,14.667741935483871,19.62258064516129,10.62258064516129,102.7,13.47741935483871,9.551612903225807
Porto Alegre,Sul,1985,8,16.02258064516129,19.835483870967742,12.887096774193548,282.9,17.799999999999997,9.573225806451612
Porto Alegre,Sul,1985,9,17.279999999999998,21.48,13.573333333333332,173.79999999999998,17.19,13.477
Porto Alegre,Sul,1985,10,19.69677419354839,24.9,15.37741935483871,71.6,16.193548387096776,19.911290322580644
Porto Alegre,Sul,1985,11,22.873333333333335,28.216666666666665,18.003333333333334,28.1,17.976666666666667,23.304333333333332
Porto Alegre,Sul,1985,12,23.88064516129032,29.03548387096774,19.612903225806452,90.3,19.248387096774195,24.15290322580645
Porto Alegre,Sul,1986,1,25.348387096774193,30.635483870967743,20.98709677419355,115.0,16.470967741935485,25.696129032258067
Porto Alegre,Sul,1986,2,24.99285714285714,29.860714285714288,21.071428571428573,103.1,17.225,21.427857142857142
Porto Alegre,Sul,1986,3,22.506451612903227,26.948387096774194,18.816129032258065,150.29999999999998,15.919354838709678,16.311290322580646
Porto Alegre,Sul,1986,4,21.6,25.423333333333336,18.40666666666667,170.3,15.13,11.684666666666667
Porto Alegre,Sul,1986,5,17.548387096774192,22.009677419354837,13.37741935483871,117.39999999999999,15.196774193548388,10.7
Porto Alegre,Sul,1986,6,16.496666666666666,21.3,12.563333333333333,100.1,13.65,9.180666666666667
Porto Alegre,Sul,1986,7,14.51290322580645,19.15806451612903,10.451612903225806,101.8,15.716129032258063,9.929677419354839
Porto Alegre,Sul,1986,8,16.003225806451614,20.370967741935484,12.422580645161291,104.4,17.02258064516129,10.730645161290322
Porto Alegre,Sul,1986,9,17.196666666666665,22.33,12.803333333333335,126.9,18.253333333333334,14.697000000000001
Porto Alegre,Sul,1986,10,18.48709677419355,23.393548387096775,13.912903225806453,173.1,18.06451612903226,18.806129032258063
Porto Alegre,Sul,1986,11,21.676666666666666,26.13,17.52,194.5,18.05666666666667,19.365666666666666
Porto Alegre,Sul,1986,12,23.4741935483871,28.029032258064515,19.53548387096774,36.699999999999996,18.64516129032258,24.041290322580643
Porto Alegre,Sul,1987,1,23.96451612903226,28.58709677419355,20.14516129032258,159.8,18.35483870967742,22.088709677419356
Porto Alegre,Sul,1987,2,24.614285714285717,29.035714285714285,20.907142857142855,106.2,15.875,20.692857142857143
Porto Alegre,Sul,1987,3,23.751612903225805,28.925806451612903,19.538709677419355,75.8,15.393548387096773,19.520967741935483
Porto Alegre,Sul,1987,4,21.11,24.976666666666667,17.65,152.8,14.513333333333332,11.981333333333334
Porto Alegre,Sul,1987,5,14.712903225806452,18.493548387096773,11.109677419354838,163.9,16.86774193548387,9.756129032258064
Porto Alegre,Sul,1987,6,12.576666666666666,17.38,8.34,151.8,14.183333333333334,8.945
Porto Alegre,Sul,1987,7,16.75483870967742,20.69677419354839,13.474193548387097,252.4,17.041935483870965,7.585483870967742
Porto Alegre,Sul,1987,8,14.758064516129032,18.56451612903226,11.370967741935484,246.5,15.825806451612904,9.735483870967743
Porto Alegre,Sul,1987,9,15.376666666666667,20.026666666666664,10.9,160.10000000000002,17.86,13.885333333333334
Porto Alegre,Sul,1987,10,18.419354838709676,23.183870967741935,14.167741935483871,176.20000000000002,17.44516129032258,18.970645161290324
Porto Alegre,Sul,1987,11,21.333333333333332,26.009999999999998,16.863333333333333,80.9,17.136666666666667,23.301333333333332
Porto Alegre,Sul,1987,12,23.016129032258064,27.725806451612904,18.93548387096774,166.4,16.92258064516129,22.891935483870967
Porto Alegre,Sul,1988,1,24.94193548387097,29.519354838709678,21.14516129032258,185.9,15.45483870967742,22.246774193548386
Porto Alegre,Sul,1988,2,23.303448275862067,27.92758620689655,19.306896551724137,66.1,16.82758620689655,22.66758620689655
Porto Alegre,Sul,1988,3,25.200000000000003,30.570967741935487,20.712903225806453,56.0,16.206451612903226,19.361290322580647
Porto Alegre,Sul,1988,4,18.956666666666667,23.436666666666667,14.646666666666667,127.3,15.29,14.045666666666667
Porto Alegre,Sul,1988,5,14.274193548387096,18.106451612903225,10.725806451612904,28.8,13.874193548387098,9.533225806451613
Porto Alegre,Sul,1988,6,11.503333333333334,16.09,7.27,173.29999999999998,12.2,8.322333333333335
Porto Alegre,Sul,1988,7,12.606451612903227,17.82903225806452,8.125806451612904,52.800000000000004,14.329032258064515,10.116129032258065
Porto Alegre,Sul,1988,8,15.548387096774194,20.11935483870968,11.635483870967741,72.1,16.612903225806452,12.040322580645162
Porto Alegre,Sul,1988,9,15.793333333333333,19.706666666666667,12.5,238.0,17.546666666666667,11.697333333333335
Porto Alegre,Sul,1988,10,18.061290322580643,23.529032258064515,12.883870967741935,124.30000000000001,17.9,21.524193548387096
Porto Alegre,Sul,1988,11,20.63,26.19,15.31,87.7,18.546666666666667,25.554333333333332
Porto Alegre,Sul,1988,12,23.87741935483871,29.009677419354837,19.47741935483871,131.3,17.606451612903225,24.87
Porto Alegre,Sul,1989,1,24.370967741935484,28.661290322580644,20.887096774193548,192.2,18.038709677419355,20.77516129032258
Porto Alegre,Sul,1989,2,24.582142857142856,29.339285714285715,20.675,59.0,17.264285714285712,23.08535714285714
Porto Alegre,Sul,1989,3,23.345161290322583,27.66774193548387,19.641935483870967,96.9,15.283870967741937,17.441290322580645
Porto Alegre,Sul,1989,4,20.14333333333333,23.970000000000002,16.65,198.3,15.583333333333334,12.129
Porto Alegre,Sul,1989,5,16.080645161290324,20.706451612903226,12.303225806451612,68.8,12.390322580645162,10.361612903225806
Porto Alegre,Sul,1989,6,14.673333333333334,18.776666666666664,11.31,61.2,11.926666666666668,8.262333333333334
Porto Alegre,Sul,1989,7,12.13225806451613,16.729032258064517,8.293548387096775,78.10000000000001,14.596774193548388,9.699354838709677
Porto Alegre,Sul,1989,8,15.138709677419355,20.67096774193548,10.203225806451613,124.1,14.69032258064516,13.251612903225807
Porto Alegre,Sul,1989,9,15.376666666666667,19.626666666666665,11.45,198.1,16.103333333333335,13.428333333333335
Porto Alegre,Sul,1989,10,17.567741935483873,22.76451612903226,13.13225806451613,117.6,18.638709677419353,19.81677419354839
Porto Alegre,Sul,1989,11,20.87,25.823333333333334,16.426666666666666,75.2,20.186666666666667,22.724666666666668
Porto Alegre,Sul,1989,12,24.280645161290323,29.822580645161292,19.73225806451613,79.4,19.616129032258065,26.153225806451612
Porto Alegre,Sul,1990,1,24.432258064516127,29.358064516129033,20.448387096774194,176.0,18.20967741935484,22.293225806451613
Porto Alegre,Sul,1990,2,24.535714285714285,28.889285714285712,21.060714285714287,148.9,17.428571428571427,20.172500000000003
Porto Alegre,Sul,1990,3,23.125806451612902,27.470967741935485,19.467741935483872,80.0,15.693548387096774,15.995806451612903
Porto Alegre,Sul,1990,4,21.083333333333332,24.59333333333333,17.98,253.10000000000002,14.276666666666667,10.167333333333334
Porto Alegre,Sul,1990,5,15.432258064516128,20.02258064516129,11.429032258064517,79.0,13.235483870967743,10.71516129032258
Porto Alegre,Sul,1990,6,12.563333333333333,16.936666666666667,8.729999999999999,172.5,14.203333333333335,8.954
Porto Alegre,Sul,1990,7,12.158064516129032,16.432258064516127,8.654838709677419,52.9,14.600000000000001,9.264516129032257
Porto Alegre,Sul,1990,8,14.803225806451612,20.56451612903226,9.796774193548387,45.7,14.170967741935485,13.630645161290323
Porto Alegre,Sul,1990,9,15.253333333333334,19.529999999999998,11.42,242.5,17.123333333333335,12.877999999999998
Porto Alegre,Sul,1990,10,20.55483870967742,25.05483870967742,16.654838709677417,150.3,16.706451612903226,17.843225806451613
Porto Alegre,Sul,1990,11,22.636666666666667,27.173333333333336,18.533333333333335,238.3,17.473333333333336,20.555333333333333
Porto Alegre,Sul,1990,12,22.432258064516127,27.193548387096776,18.016129032258064,112.6,19.4741935483871,23.461935483870967
Porto Alegre,Sul,1991,1,23.625806451612902,28.87741935483871,18.99032258064516,80.5,20.9,24.76032258064516
Porto Alegre,Sul,1991,2,23.84642857142857,29.49642857142857,18.789285714285715,40.8,16.757142857142856,23.724999999999998
Porto Alegre,Sul,1991,3,24.038709677419355,29.187096774193545,19.73225806451613,44.5,16.31935483870968,18.663870967741936
Porto Alegre,Sul,1991,4,20.8,25.703333333333333,16.666666666666668,175.1,12.913333333333332,13.942
Porto Alegre,Sul,1991,5,18.335483870967742,22.96451612903226,14.425806451612903,51.8,13.47741935483871,10.805806451612904
Porto Alegre,Sul,1991,6,15.270000000000001,19.696666666666665,11.53,105.0,14.653333333333334,8.509333333333334
Porto Alegre,Sul,1991,7,13.135483870967741,18.26774193548387,8.912903225806453,181.6,15.225806451612904,9.564516129032258
Porto Alegre,Sul,1991,8,16.074193548387097,20.932258064516127,12.04516129032258,91.6,15.574193548387097,11.56967741935484
Porto Alegre,Sul,1991,9,17.52,22.816666666666666,12.803333333333335,63.10000000000001,16.813333333333333,16.236
Porto Alegre,Sul,1991,10,19.593548387096774,24.461290322580645,15.27741935483871,164.5,19.061290322580643,18.146451612903224
Porto Alegre,Sul,1991,11,20.596666666666668,24.9,16.733333333333334,225.6,18.883333333333333,19.971999999999998
Porto Alegre,Sul,1991,12,24.129032258064516,28.374193548387098,20.496774193548386,179.1,16.53548387096774,21.6658064516129
Porto Alegre,Sul,1992,1,23.729032258064517,28.15806451612903,19.596774193548388,152.8,17.774193548387096,23.58258064516129
Porto Alegre,Sul,1992,2,25.386206896551727,29.389655172413793,22.044827586206896,211.4,14.29655172413793,19.556896551724137
Porto Alegre,Sul,1992,3,23.683870967741935,27.73548387096774,20.41290322580645,118.7,14.383870967741935,17.010967741935485
Porto Alegre,Sul,1992,4,20.103333333333335,24.003333333333334,16.753333333333334,67.7,16.86,12.132
Porto Alegre,Sul,1992,5,16.280645161290323,20.34193548387097,12.629032258064516,147.0,14.83548387096774,10.163225806451614
Porto Alegre,Sul,1992,6,16.406666666666666,21.133333333333333,12.656666666666666,89.3,15.176666666666668,8.509333333333334
Porto Alegre,Sul,1992,7,12.087096774193547,16.112903225806452,8.503225806451614,195.8,15.570967741935483,7.641612903225807
Porto Alegre,Sul,1992,8,14.058064516129033,19.225806451612904,9.76774193548387,85.9,15.170967741935485,12.83
Porto Alegre,Sul,1992,9,16.663333333333334,20.996666666666666,13.093333333333334,206.0,17.763333333333332,14.658
Porto Alegre,Sul,1992,10,18.93548387096774,24.05483870967742,14.087096774193547,117.7,16.412903225806453,17.96677419354839
Porto Alegre,Sul,1992,11,20.263333333333332,25.203333333333333,15.803333333333335,75.9,17.220000000000002,21.982666666666667
Porto Alegre,Sul,1992,12,22.780645161290323,28.0,18.200000000000003,62.0,18.92258064516129,25.817741935483873
Porto Alegre,Sul,1993,1,24.612903225806452,29.322580645161292,20.67096774193548,197.1,15.683870967741935,22.332903225806454
Porto Alegre,Sul,1993,2,23.267857142857142,27.478571428571428,19.775000000000002,98.6,15.953571428571427,20.63214285714286
Porto Alegre,Sul,1993,3,22.916129032258063,27.135483870967743,19.57741935483871,108.0,14.23225806451613,16.28741935483871
Porto Alegre,Sul,1993,4,21.71333333333333,26.240000000000002,17.67,34.6,15.223333333333333,14.014000000000001
Porto Alegre,Sul,1993,5,17.203225806451613,21.85483870967742,13.364516129032259,122.0,14.47741935483871,11.088387096774193
Porto Alegre,Sul,1993,6,13.953333333333335,18.386666666666667,10.166666666666666,132.7,13.926666666666668,8.338666666666667
Porto Alegre,Sul,1993,7,12.858064516129033,16.73225806451613,9.441935483870967,170.9,17.4741935483871,7.319354838709677
Porto Alegre,Sul,1993,8,14.264516129032257,20.151612903225807,9.051612903225807,56.1,14.461290322580645,13.785483870967743
Porto Alegre,Sul,1993,9,15.34,19.486666666666668,11.58,140.5,17.89,13.416333333333334
Porto Alegre,Sul,1993,10,19.86774193548387,24.570967741935487,15.916129032258064,260.7,17.65806451612903,16.88064516129032
Porto Alegre,Sul,1993,11,21.573333333333334,26.533333333333335,16.956666666666667,159.4,18.486666666666668,21.981333333333335
Porto Alegre,Sul,1993,12,22.896774193548385,27.483870967741936,18.73548387096774,178.0,17.4741935483871,23.160967741935483
Porto Alegre,Sul,1994,1,23.364516129032257,28.461290322580645,19.006451612903227,81.1,18.425806451612903,24.46967741935484
Porto Alegre,Sul,1994,2,23.689285714285713,27.210714285714285,20.785714285714285,292.5,16.014285714285712,15.307500000000001
Porto Alegre,Sul,1994,3,22.009677419354837,26.33225806451613,18.37741935483871,82.7,16.43548387096774,18.07032258064516
Porto Alegre,Sul,1994,4,19.336666666666666,24.029999999999998,15.2,93.5,14.716666666666667,14.081999999999999
Porto Alegre,Sul,1994,5,19.067741935483873,22.73548387096774,16.09032258064516,171.2,14.080645161290322,8.837419354838708
Porto Alegre,Sul,1994,6,14.08,18.470000000000002,10.453333333333335,85.7,14.553333333333335,8.643
Porto Alegre,Sul,1994,7,14.83548387096774,19.75483870967742,10.887096774193548,163.9,16.474193548387095,8.805806451612904
Porto Alegre,Sul,1994,8,14.845161290322581,20.041935483870965,10.370967741935484,151.5,15.7,12.267096774193547
Porto Alegre,Sul,1994,9,18.046666666666667,23.69,13.203333333333335,94.69999999999999,16.793333333333333,16.143
Porto Alegre,Sul,1994,10,19.190322580645162,23.238709677419354,15.719354838709679,220.9,18.493548387096773,15.750645161290322
Porto Alegre,Sul,1994,11,20.403333333333332,24.73,16.11,72.9,20.15,20.125666666666667
Porto Alegre,Sul,1994,12,25.135483870967743,30.574193548387097,20.33225806451613,75.7,17.5,24.590967741935486
Porto Alegre,Sul,1995,1,24.37741935483871,28.274193548387096,21.138709677419353,141.1,17.33225806451613,19.732903225806453
Porto Alegre,Sul,1995,2,23.175,27.428571428571427,19.642857142857142,135.8,17.40357142857143,18.665
Porto Alegre,Sul,1995,3,22.38064516129032,27.125806451612902,18.383870967741935,127.80000000000001,14.941935483870967,17.865806451612904
Porto Alegre,Sul,1995,4,19.103333333333335,24.11,14.666666666666666,76.6,17.10666666666667,14.895999999999999
Porto Alegre,Sul,1995,5,15.890322580645162,20.516129032258064,11.97741935483871,55.4,13.296774193548387,10.712580645161289
Porto Alegre,Sul,1995,6,14.146666666666667,19.066666666666666,10.046666666666665,149.6,14.806666666666667,8.518666666666666
Porto Alegre,Sul,1995,7,15.903225806451612,20.4741935483871,12.112903225806452,211.5,14.80967741935484,7.893548387096774
Porto Alegre,Sul,1995,8,15.40967741935484,20.55806451612903,10.983870967741936,165.7,14.187096774193549,11.546774193548387
Porto Alegre,Sul,1995,9,16.543333333333333,21.653333333333332,12.056666666666667,204.7,19.526666666666664,14.375333333333334
Porto Alegre,Sul,1995,10,17.825806451612905,22.541935483870965,12.848387096774195,83.2,17.848387096774193,19.575806451612905
Porto Alegre,Sul,1995,11,21.776666666666664,26.86,17.31,93.7,17.45,23.965333333333334
Porto Alegre,Sul,1995,12,24.148387096774194,29.206451612903226,19.438709677419357,49.4,20.641935483870967,24.751290322580644
Porto Alegre,Sul,1996,1,24.52258064516129,29.019354838709678,20.98709677419355,242.29999999999998,18.625806451612902,20.114838709677418
Porto Alegre,Sul,1996,2,23.651724137931033,27.96551724137931,20.268965517241377,194.4,17.96551724137931,19.979310344827585
Porto Alegre,Sul,1996,3,22.664516129032258,26.851612903225806,19.338709677419356,77.7,18.24516129032258,18.21516129032258
Porto Alegre,Sul,1996,4,21.23,25.7,17.403333333333332,60.5,16.003333333333334,14.264333333333333
Porto Alegre,Sul,1996,5,17.029032258064515,21.635483870967743,13.287096774193548,23.3,12.01290322580645,11.22709677419355
Porto Alegre,Sul,1996,6,12.229999999999999,16.98,8.176666666666668,116.2,11.856666666666666,9.300333333333333
Porto Alegre,Sul,1996,7,11.36774193548387,15.874193548387096,7.383870967741935,85.5,15.412903225806453,9.615483870967742
Porto Alegre,Sul,1996,8,15.196774193548388,20.990322580645163,10.506451612903225,177.5,13.0,12.044193548387097
Porto Alegre,Sul,1996,9,15.74,20.44,11.553333333333335,133.2,18.543333333333333,14.335333333333333
Porto Alegre,Sul,1996,10,19.48709677419355,23.812903225806455,15.45483870967742,246.5,17.48709677419355,16.648387096774194
Porto Alegre,Sul,1996,11,22.233333333333334,27.403333333333332,18.009999999999998,91.7,17.973333333333336,23.336000000000002
Porto Alegre,Sul,1996,12,23.94193548387097,28.57741935483871,19.970967741935485,142.9,17.241935483870968,22.979032258064517
Porto Alegre,Sul,1997,1,25.45483870967742,29.948387096774194,21.62258064516129,129.4,19.480645161290322,23.20225806451613
Porto Alegre,Sul,1997,2,24.29642857142857,28.178571428571427,21.360714285714288,193.1,17.382142857142856,17.785714285714285
Porto Alegre,Sul,1997,3,21.990322580645163,26.687096774193545,17.932258064516127,47.5,15.351612903225806,20.00741935483871
Porto Alegre,Sul,1997,4,19.933333333333334,25.10666666666667,15.51,46.8,15.06,16.079
Porto Alegre,Sul,1997,5,16.822580645161292,21.651612903225807,12.848387096774195,45.9,14.05483870967742,10.926451612903227
Porto Alegre,Sul,1997,6,14.373333333333333,18.5,10.436666666666667,136.4,18.766666666666666,8.023666666666667
Porto Alegre,Sul,1997,7,15.100000000000001,19.799999999999997,11.129032258064516,115.3,15.974193548387097,8.833548387096773
Porto Alegre,Sul,1997,8,16.780645161290323,22.061290322580643,12.603225806451613,157.6,14.735483870967743,11.475806451612904
Porto Alegre,Sul,1997,9,16.966666666666665,21.27,13.266666666666667,143.9,16.423333333333332,13.209333333333332
Porto Alegre,Sul,1997,10,18.79032258064516,22.661290322580644,15.458064516129031,418.4,21.458064516129035,13.511935483870968
Porto Alegre,Sul,1997,11,21.236666666666668,25.476666666666667,17.573333333333334,241.70000000000002,19.513333333333332,18.343
Porto Alegre,Sul,1997,12,24.287096774193547,28.874193548387098,20.258064516129032,189.5,18.799999999999997,21.093225806451613
Porto Alegre,Sul,1998,1,24.183870967741935,28.348387096774196,20.73225806451613,265.0,18.296774193548387,18.91483870967742
Porto Alegre,Sul,1998,2,23.50357142857143,26.95357142857143,20.839285714285715,252.1,17.20357142857143,14.955714285714285
Porto Alegre,Sul,1998,3,21.92258064516129,25.83225806451613,18.351612903225806,195.7,16.258064516129032,16.212580645161292
Porto Alegre,Sul,1998,4,20.083333333333332,23.509999999999998,17.076666666666664,196.5,19.006666666666668,11.335
Porto Alegre,Sul,1998,5,16.541935483870965,20.59032258064516,13.116129032258065,139.8,14.90967741935484,9.782580645161291
Porto Alegre,Sul,1998,6,13.893333333333334,18.623333333333335,10.036666666666667,75.1,13.126666666666667,9.054666666666666
Porto Alegre,Sul,1998,7,15.19032258064516,19.467741935483872,11.548387096774194,264.3,14.87741935483871,8.860967741935484
Porto Alegre,Sul,1998,8,15.567741935483872,18.990322580645163,12.648387096774194,239.2,16.748387096774195,8.146451612903226
Porto Alegre,Sul,1998,9,16.343333333333334,20.513333333333332,12.503333333333334,196.0,17.09,13.612666666666666
Porto Alegre,Sul,1998,10,18.91290322580645,23.551612903225806,15.025806451612903,115.5,19.261290322580646,18.053870967741933
Porto Alegre,Sul,1998,11,21.046666666666667,26.23,16.49,52.0,19.40666666666667,23.398666666666667
Porto Alegre,Sul,1998,12,22.596774193548388,27.258064516129032,18.29032258064516,204.2,19.561290322580643,23.068387096774195
Porto Alegre,Sul,1999,1,24.103225806451615,28.60967741935484,20.490322580645163,139.6,19.29032258064516,23.11806451612903
Porto Alegre,Sul,1999,2,23.607142857142858,27.989285714285717,20.025000000000002,92.0,17.964285714285715,20.469642857142855
Porto Alegre,Sul,1999,3,24.69677419354839,29.206451612903226,20.96451612903226,91.3,16.39032258064516,18.565806451612904
Porto Alegre,Sul,1999,4,18.686666666666667,22.403333333333332,15.696666666666665,229.4,17.98,10.75
Porto Alegre,Sul,1999,5,15.764516129032257,19.83225806451613,11.974193548387097,126.6,16.06451612903226,10.945483870967742
Porto Alegre,Sul,1999,6,13.783333333333333,18.40666666666667,9.94,52.0,14.033333333333333,9.041
Porto Alegre,Sul,1999,7,13.932258064516128,18.20967741935484,10.577419354838709,146.4,14.729032258064517,8.523225806451611
Porto Alegre,Sul,1999,8,15.048387096774194,20.958064516129035,9.990322580645161,76.4,15.790322580645162,13.583548387096773
Porto Alegre,Sul,1999,9,17.153333333333332,21.926666666666666,13.166666666666666,178.1,18.970000000000002,15.298
Porto Alegre,Sul,1999,10,18.048387096774192,22.374193548387098,14.429032258064517,111.9,20.23548387096774,18.12290322580645
Porto Alegre,Sul,1999,11,20.17,25.19333333333333,15.716666666666667,92.3,18.203333333333333,24.119666666666667
Porto Alegre,Sul,1999,12,22.94516129032258,28.04516129032258,18.79032258064516,113.7,21.351612903225806,23.848709677419354
Porto Alegre,Sul,2000,1,24.387096774193548,28.73548387096774,20.574193548387097,176.60000000000002,17.24516129032258,21.988387096774193
Porto Alegre,Sul,2000,2,23.768965517241377,28.117241379310343,20.120689655172413,99.4,17.279310344827586,20.035862068965518
Porto Alegre,Sul,2000,3,22.712903225806453,26.92258064516129,18.9741935483871,93.6,16.751612903225805,17.450967741935486
Porto Alegre,Sul,2000,4,20.6,25.163333333333334,16.636666666666667,219.5,15.916666666666666,13.765333333333333
Porto Alegre,Sul,2000,5,16.429032258064517,20.403225806451612,12.919354838709678,119.1,16.129032258064516,9.883870967741935
Porto Alegre,Sul,2000,6,16.076666666666668,20.363333333333333,12.246666666666666,121.5,15.033333333333333,8.550999999999998
Porto Alegre,Sul,2000,7,11.196774193548388,16.351612903225806,6.883870967741935,77.2,17.63225806451613,10.396774193548387
Porto Alegre,Sul,2000,8,13.729032258064517,19.39032258064516,8.674193548387096,103.5,14.087096774193547,12.142903225806451
Porto Alegre,Sul,2000,9,16.103333333333335,21.03666666666667,11.373333333333333,175.7,17.25,15.148
Porto Alegre,Sul,2000,10,19.229032258064517,23.26451612903226,15.761290322580646,196.0,18.348387096774193,14.782580645161291
Porto Alegre,Sul,2000,11,20.686666666666667,25.076666666666664,16.46333333333333,103.8,17.653333333333332,20.688333333333333
Porto Alegre,Sul,2000,12,23.41290322580645,27.996774193548386,19.12258064516129,135.0,16.39032258064516,23.12258064516129
Porto Alegre,Sul,2001,1,25.019354838709678,29.322580645161292,21.26774193548387,187.6,15.770967741935483,21.143548387096775
Porto Alegre,Sul,2001,2,25.400000000000002,29.34642857142857,22.292857142857144,111.89999999999999,16.50357142857143,18.461785714285714
Porto Alegre,Sul,2001,3,24.470967741935485,28.65806451612903,21.33225806451613,133.29999999999998,14.03225806451613,17.63064516129032
Porto Alegre,Sul,2001,4,20.916666666666668,24.673333333333336,17.876666666666665,275.5,16.116666666666667,11.437999999999999
Porto Alegre,Sul,2001,5,16.380645161290325,20.287096774193547,12.864516129032259,70.5,14.922580645161291,9.896129032258063
Porto Alegre,Sul,2001,6,15.663333333333332,20.10666666666667,12.033333333333333,96.5,14.286666666666667,8.649333333333335
Porto Alegre,Sul,2001,7,14.69032258064516,19.583870967741937,10.151612903225805,121.3,13.496774193548386,9.294193548387097
Porto Alegre,Sul,2001,8,18.26451612903226,23.806451612903224,13.76774193548387,54.2,13.66451612903226,13.137096774193548
Porto Alegre,Sul,2001,9,17.253333333333334,21.25,13.76,198.0,18.279999999999998,12.698666666666666
Porto Alegre,Sul,2001,10,20.429032258064513,24.84193548387097,16.65806451612903,100.4,18.677419354838708,17.419999999999998
Porto Alegre,Sul,2001,11,21.759999999999998,26.30666666666667,17.546666666666667,189.1,18.0,20.949333333333335
Porto Alegre,Sul,2001,12,22.183870967741935,26.616129032258065,18.338709677419356,109.9,18.09032258064516,22.159354838709678
Porto Alegre,Sul,2002,1,24.351612903225806,28.812903225806455,20.41290322580645,115.60000000000001,18.574193548387097,21.720000000000002
Porto Alegre,Sul,2002,2,23.635714285714283,28.157142857142855,19.67142857142857,39.5,17.289285714285715,21.670357142857142
Porto Alegre,Sul,2002,3,25.787096774193547,30.51290322580645,22.1,151.6,16.05483870967742,17.061290322580643
Porto Alegre,Sul,2002,4,21.11,24.903333333333332,17.703333333333333,194.8,15.993333333333334,12.607333333333335
Porto Alegre,Sul,2002,5,18.73548387096774,22.919354838709676,15.19032258064516,77.6,13.654838709677419,9.910645161290324
Porto Alegre,Sul,2002,6,14.963333333333333,18.973333333333336,11.54,195.29999999999998,14.483333333333333,7.766333333333334
Porto Alegre,Sul,2002,7,13.803225806451612,18.35483870967742,9.974193548387097,150.2,15.83548387096774,8.676451612903227
Porto Alegre,Sul,2002,8,16.725806451612904,21.66774193548387,12.396774193548387,123.5,15.667741935483871,11.661935483870968
Porto Alegre,Sul,2002,9,15.663333333333332,20.863333333333333,11.046666666666665,142.1,16.826666666666668,15.993
Porto Alegre,Sul,2002,10,21.383870967741935,25.929032258064513,17.638709677419353,283.0,16.651612903225807,15.618064516129033
Porto Alegre,Sul,2002,11,22.25,27.113333333333333,17.93,200.7,19.033333333333335,21.034333333333333
Porto Alegre,Sul,2002,12,23.280645161290323,27.570967741935487,19.62258064516129,163.5,17.56451612903226,20.42032258064516
Porto Alegre,Sul,2003,1,24.5,29.02258064516129,20.57741935483871,100.3,16.24516129032258,23.72935483870968
Porto Alegre,Sul,2003,2,25.307142857142857,29.789285714285715,21.682142857142857,202.2,14.935714285714285,19.780714285714286
Porto Alegre,Sul,2003,3,23.6,27.916129032258063,20.11935483870968,112.0,15.651612903225805,18.01774193548387
Porto Alegre,Sul,2003,4,19.603333333333335,24.153333333333332,15.686666666666667,182.9,14.873333333333333,14.059666666666667
Porto Alegre,Sul,2003,5,16.951612903225808,21.616129032258065,12.893548387096773,52.1,15.838709677419354,11.38225806451613
Porto Alegre,Sul,2003,6,16.39666666666667,19.976666666666667,13.41,201.5,15.073333333333332,7.105666666666667
Porto Alegre,Sul,2003,7,14.422580645161291,19.05483870967742,10.63225806451613,111.39999999999999,15.125806451612902,9.182580645161291
Porto Alegre,Sul,2003,8,13.858064516129032,19.06451612903226,9.54516129032258,53.50000000000001,15.483870967741936,13.048064516129033
Porto Alegre,Sul,2003,9,15.96,21.613333333333333,11.303333333333335,38.9,16.51,15.514999999999999
Porto Alegre,Sul,2003,10,19.580645161290324,25.03548387096774,14.861290322580645,159.4,17.580645161290324,20.162258064516127
Porto Alegre,Sul,2003,11,21.4,26.543333333333333,16.766666666666666,103.1,18.470000000000002,22.209333333333333
Porto Alegre,Sul,2003,12,21.929032258064513,26.483870967741936,17.664516129032258,237.79999999999998,20.080645161290324,22.813870967741938
Porto Alegre,Sul,2004,1,24.187096774193545,28.861290322580647,20.190322580645162,93.3,17.248387096774195,24.618387096774192
Porto Alegre,Sul,2004,2,23.73793103448276,28.510344827586206,19.310344827586206,55.2,17.53103448275862,22.435172413793104
Porto Alegre,Sul,2004,3,23.11935483870968,28.200000000000003,18.780645161290323,33.2,18.177419354838708,19.001612903225805
Porto Alegre,Sul,2004,4,22.613333333333333,27.89,18.240000000000002,63.3,15.823333333333332,14.615
Porto Alegre,Sul,2004,5,15.819354838709677,19.387096774193548,12.838709677419354,132.7,16.493548387096773,8.925806451612903
Porto Alegre,Sul,2004,6,15.513333333333332,20.366666666666667,11.653333333333334,102.4,12.79,8.824000000000002
Porto Alegre,Sul,2004,7,13.5,18.203225806451613,9.296774193548387,133.2,15.383870967741935,9.742258064516129
Porto Alegre,Sul,2004,8,14.754838709677419,20.25483870967742,9.983870967741936,60.3,13.129032258064516,12.87483870967742
Porto Alegre,Sul,2004,9,18.453333333333333,23.459999999999997,14.4,168.5,18.5,13.997666666666667
Porto Alegre,Sul,2004,10,18.225806451612904,23.280645161290323,13.26774193548387,130.3,17.141935483870967,20.878387096774194
Porto Alegre,Sul,2004,11,20.496666666666666,24.966666666666665,16.393333333333334,151.2,17.529999999999998,20.34333333333333
Porto Alegre,Sul,2004,12,22.90967741935484,27.861290322580647,18.62258064516129,47.3,20.135483870967743,24.837419354838712
Porto Alegre,Sul,2005,1,25.561290322580643,31.35483870967742,20.403225806451612,31.7,19.483870967741936,26.10516129032258
Porto Alegre,Sul,2005,2,24.224999999999998,28.864285714285717,20.460714285714285,75.4,18.303571428571427,20.505357142857143
Porto Alegre,Sul,2005,3,23.574193548387097,28.38064516129032,19.432258064516127,107.8,17.858064516129033,18.091290322580647
Porto Alegre,Sul,2005,4,20.14,24.40666666666667,16.656666666666666,139.1,15.139999999999999,11.683333333333334
Porto Alegre,Sul,2005,5,17.96451612903226,22.625806451612902,14.125806451612902,122.39999999999999,14.048387096774194,10.509354838709678
Porto Alegre,Sul,2005,6,18.1,22.28666666666667,14.69,83.5,11.85,8.428
Porto Alegre,Sul,2005,7,14.461290322580645,19.309677419354838,10.096774193548388,71.30000000000001,15.567741935483872,10.44
Porto Alegre,Sul,2005,8,16.503225806451614,21.58709677419355,12.438709677419356,193.9,16.309677419354838,11.24
Porto Alegre,Sul,2005,9,15.436666666666667,19.543333333333333,11.676666666666668,120.3,19.1,13.409666666666668
Porto Alegre,Sul,2005,10,18.799999999999997,22.86774193548387,15.225806451612904,271.3,18.361290322580647,16.22
Porto Alegre,Sul,2005,11,21.6,26.783333333333335,16.38,77.0,18.279999999999998,23.248
Porto Alegre,Sul,2005,12,23.36774193548387,28.806451612903224,18.56451612903226,56.3,20.76774193548387,24.936129032258062
Porto Alegre,Sul,2006,1,25.62258064516129,30.706451612903226,21.59032258064516,163.2,16.719354838709677,22.681290322580644
Porto Alegre,Sul,2006,2,23.978571428571428,28.357142857142858,20.392857142857142,104.4,17.45,21.300714285714285
Porto Alegre,Sul,2006,3,23.77741935483871,28.80322580645161,19.648387096774194,66.2,16.799999999999997,18.455483870967743
Porto Alegre,Sul,2006,4,20.19,25.023333333333333,15.953333333333335,42.0,14.370000000000001,14.501000000000001
Porto Alegre,Sul,2006,5,15.238709677419354,19.548387096774192,11.348387096774195,81.8,15.151612903225805,10.19774193548387
Porto Alegre,Sul,2006,6,15.67,20.259999999999998,11.943333333333333,102.9,15.476666666666667,8.804333333333334
Porto Alegre,Sul,2006,7,16.429032258064517,21.061290322580643,12.648387096774194,76.6,14.758064516129032,9.080645161290322
Porto Alegre,Sul,2006,8,15.0,20.003225806451614,10.658064516129032,150.0,15.35483870967742,11.861290322580645
Porto Alegre,Sul,2006,9,15.57,20.41,11.046666666666665,116.4,18.15,16.152333333333335
Porto Alegre,Sul,2006,10,19.816129032258065,24.96451612903226,15.206451612903225,71.9,17.983870967741936,19.926129032258064
Porto Alegre,Sul,2006,11,20.416666666666668,24.67,16.556666666666665,207.4,20.446666666666665,19.34733333333333
Porto Alegre,Sul,2006,12,24.62258064516129,29.493548387096773,20.26451612903226,86.8,16.94193548387097,24.90258064516129
Porto Alegre,Sul,2007,1,24.780645161290323,29.019354838709678,21.016129032258064,130.8,17.26451612903226,22.673870967741934
Porto Alegre,Sul,2007,2,24.585714285714285,29.467857142857145,20.5,118.1,17.110714285714288,21.860714285714288
Porto Alegre,Sul,2007,3,24.725806451612904,28.809677419354838,21.467741935483872,188.20000000000002,14.587096774193547,16.989354838709676
Porto Alegre,Sul,2007,4,21.523333333333333,25.866666666666667,17.676666666666666,109.3,14.026666666666667,13.739666666666666
Porto Alegre,Sul,2007,5,15.138709677419355,19.338709677419356,11.441935483870967,160.4,14.416129032258064,10.324516129032258
Porto Alegre,Sul,2007,6,14.326666666666666,18.236666666666668,10.893333333333334,138.2,15.110000000000001,8.096333333333332
Porto Alegre,Sul,2007,7,11.983870967741936,16.425806451612903,7.97741935483871,127.0,18.52258064516129,9.880967741935484
Porto Alegre,Sul,2007,8,14.109677419354838,18.66774193548387,9.993548387096775,181.2,20.5,10.223225806451614
Porto Alegre,Sul,2007,9,18.946666666666665,24.08,14.68,159.6,17.533333333333335,15.434666666666667
Porto Alegre,Sul,2007,10,20.748387096774195,25.48709677419355,16.629032258064516,122.8,18.009677419354837,16.988064516129032
Porto Alegre,Sul,2007,11,19.716666666666665,24.583333333333332,14.713333333333333,160.29999999999998,16.74,23.74233333333333
Porto Alegre,Sul,2007,12,23.63225806451613,28.89032258064516,18.94516129032258,87.89999999999999,17.451612903225808,24.87516129032258
Porto Alegre,Sul,2008,1,23.80322580645161,28.393548387096775,19.72258064516129,98.8,19.638709677419353,23.969354838709677
Porto Alegre,Sul,2008,2,23.28965517241379,27.589655172413792,19.603448275862068,134.1,16.951724137931034,20.138965517241378
Porto Alegre,Sul,2008,3,23.093548387096774,27.57741935483871,19.374193548387098,58.699999999999996,16.583870967741937,18.59161290322581
Porto Alegre,Sul,2008,4,19.65,24.44,15.426666666666668,77.1,14.396666666666667,14.299333333333333
Porto Alegre,Sul,2008,5,16.438709677419357,21.08709677419355,12.577419354838709,119.2,15.929032258064517,10.73258064516129
Porto Alegre,Sul,2008,6,12.67,16.933333333333334,8.813333333333333,120.6,15.06,8.313333333333334
Porto Alegre,Sul,2008,7,15.832258064516129,20.338709677419356,12.303225806451612,110.5,14.448387096774193,8.887096774193548
Porto Alegre,Sul,2008,8,15.164516129032258,19.848387096774193,10.903225806451612,146.4,16.674193548387095,11.628064516129033
Porto Alegre,Sul,2008,9,15.45,20.026666666666664,11.356666666666666,147.6,19.540000000000003,14.536333333333333
Porto Alegre,Sul,2008,10,18.948387096774194,22.799999999999997,15.535483870967743,303.4,19.238709677419354,15.279354838709676
Porto Alegre,Sul,2008,11,21.48,26.196666666666665,17.59,64.1,20.546666666666667,23.329333333333334
Porto Alegre,Sul,2008,12,22.816129032258065,27.932258064516127,18.38064516129032,104.9,19.106451612903225,25.094838709677422
Porto Alegre,Sul,2009,1,22.9,27.238709677419354,19.116129032258065,169.79999999999998,19.654838709677417,22.095483870967744
Porto Alegre,Sul,2009,2,24.335714285714285,28.821428571428573,20.571428571428573,131.1,17.092857142857145,20.263571428571428
Porto Alegre,Sul,2009,3,23.200000000000003,27.574193548387097,19.59032258064516,61.4,16.661290322580644,17.843225806451613
Porto Alegre,Sul,2009,4,20.529999999999998,25.77,15.856666666666666,30.799999999999997,14.870000000000001,14.754333333333333
Porto Alegre,Sul,2009,5,17.677419354838708,22.72258064516129,13.37741935483871,94.1,13.996774193548386,11.476774193548387
Porto Alegre,Sul,2009,6,12.79,17.123333333333335,8.96,57.9,15.206666666666667,8.941
Porto Alegre,Sul,2009,7,11.683870967741935,16.229032258064514,7.570967741935483,49.5,15.606451612903227,9.714516129032257
Porto Alegre,Sul,2009,8,15.712903225806452,21.358064516129033,10.774193548387096,191.6,17.364516129032257,12.32774193548387
Porto Alegre,Sul,2009,9,16.663333333333334,20.576666666666664,13.393333333333334,291.8,18.636666666666667,11.740333333333334
Porto Alegre,Sul,2009,10,18.351612903225806,23.551612903225806,13.667741935483871,80.39999999999999,18.54516129032258,19.688064516129035
Porto Alegre,Sul,2009,11,23.68,28.473333333333336,20.166666666666668,161.3,18.073333333333334,17.468
Porto Alegre,Sul,2009,12,23.654838709677417,28.135483870967743,19.94193548387097,88.2,18.34193548387097,22.799677419354836
Porto Alegre,Sul,2010,1,24.716129032258067,29.051612903225806,21.02258064516129,198.2,17.60967741935484,21.568064516129034
Porto Alegre,Sul,2010,2,26.214285714285715,30.667857142857144,22.353571428571428,140.29999999999998,16.132142857142856,21.544642857142858
Porto Alegre,Sul,2010,3,23.1,27.17096774193548,19.85483870967742,161.70000000000002,16.629032258064516,16.57741935483871
Porto Alegre,Sul,2010,4,19.966666666666665,24.31,15.889999999999999,67.7,14.979999999999999,13.745666666666667
Porto Alegre,Sul,2010,5,17.16774193548387,20.638709677419353,14.187096774193549,120.8,17.438709677419357,9.184516129032257
Porto Alegre,Sul,2010,6,14.846666666666666,19.11,10.996666666666666,137.5,14.586666666666668,8.706
Porto Alegre,Sul,2010,7,14.370967741935484,19.261290322580646,10.067741935483872,217.0,16.719354838709677,9.769677419354839
Porto Alegre,Sul,2010,8,14.51290322580645,19.641935483870967,10.077419354838709,53.6,16.01290322580645,11.911290322580646
Porto Alegre,Sul,2010,9,17.19333333333333,21.58,13.636666666666667,210.8,19.279999999999998,14.318333333333333
Porto Alegre,Sul,2010,10,17.62258064516129,21.98709677419355,13.441935483870967,107.8,17.093548387096774,18.739032258064515
Porto Alegre,Sul,2010,11,20.073333333333334,25.25,15.343333333333334,104.1,18.076666666666664,22.605
Porto Alegre,Sul,2010,12,22.906451612903226,27.73225806451613,18.664516129032258,132.3,20.432258064516127,24.59741935483871
Porto Alegre,Sul,2011,1,25.567741935483873,30.003225806451614,22.258064516129032,145.6,17.200000000000003,22.81
Porto Alegre,Sul,2011,2,24.271428571428572,27.821428571428573,21.410714285714285,167.5,18.085714285714285,17.8825
Porto Alegre,Sul,2011,3,22.41290322580645,26.451612903225808,18.94516129032258,129.6,18.52258064516129,17.407096774193548
Porto Alegre,Sul,2011,4,20.006666666666668,24.459999999999997,16.203333333333333,79.1,12.53,14.078
Porto Alegre,Sul,2011,5,16.206451612903226,20.370967741935484,12.448387096774193,25.7,14.73225806451613,10.153225806451612
Porto Alegre,Sul,2011,6,13.483333333333333,17.73,9.743333333333334,100.0,15.413333333333334,8.437000000000001
Porto Alegre,Sul,2011,7,12.887096774193548,17.17096774193548,9.206451612903225,259.1,16.254838709677422,7.97516129032258
Porto Alegre,Sul,2011,8,14.470967741935485,18.551612903225806,10.896774193548387,168.8,20.925806451612903,10.442580645161291
Porto Alegre,Sul,2011,9,15.833333333333334,21.123333333333335,11.24,68.7,17.256666666666668,16.453333333333333
Porto Alegre,Sul,2011,10,19.019354838709678,23.580645161290324,14.961290322580645,169.20000000000002,18.174193548387095,18.970000000000002
Porto Alegre,Sul,2011,11,20.990000000000002,26.30666666666667,16.156666666666666,37.1,19.2,24.7
Porto Alegre,Sul,2011,12,22.503225806451614,27.858064516129033,18.080645161290324,82.6,20.22258064516129,24.16548387096774
Porto Alegre,Sul,2012,1,24.25483870967742,29.33225806451613,19.799999999999997,74.8,19.574193548387097,24.759354838709676
Porto Alegre,Sul,2012,2,26.593103448275862,32.168965517241375,22.055172413793105,136.5,15.862068965517242,22.95551724137931
Porto Alegre,Sul,2012,3,22.980645161290322,28.338709677419356,18.30322580645161,75.9,14.561290322580644,20.293225806451613
Porto Alegre,Sul,2012,4,19.57,24.10666666666667,15.676666666666668,91.0,15.183333333333334,13.660333333333334
Porto Alegre,Sul,2012,5,17.76451612903226,23.206451612903226,13.048387096774194,59.699999999999996,13.01290322580645,12.65258064516129
Porto Alegre,Sul,2012,6,14.366666666666667,19.52,10.023333333333333,24.4,13.696666666666665,9.889999999999999
Porto Alegre,Sul,2012,7,12.983870967741936,17.41290322580645,8.97741935483871,167.9,16.47741935483871,9.579677419354839
Porto Alegre,Sul,2012,8,18.32903225806452,23.729032258064517,13.774193548387096,62.9,14.283870967741937,12.507741935483871
Porto Alegre,Sul,2012,9,17.95,22.833333333333332,13.643333333333334,97.1,20.206666666666667,15.729666666666667
Porto Alegre,Sul,2012,10,20.967741935483872,25.612903225806452,17.051612903225806,117.30000000000001,18.925806451612903,17.767096774193547
Porto Alegre,Sul,2012,11,22.526666666666664,28.13,17.553333333333335,58.5,18.85666666666667,25.433
Porto Alegre,Sul,2012,12,25.345161290322583,30.480645161290322,20.75483870967742,258.7,18.838709677419356,23.326451612903227
Porto Alegre,Sul,2013,1,23.39032258064516,28.296774193548387,18.864516129032257,76.0,18.23225806451613,25.10967741935484
Porto Alegre,Sul,2013,2,24.15357142857143,28.678571428571427,20.342857142857145,100.1,17.885714285714286,21.143214285714286
Porto Alegre,Sul,2013,3,21.23548387096774,25.283870967741933,17.629032258064516,204.4,16.85483870967742,16.33258064516129
Porto Alegre,Sul,2013,4,19.566666666666666,24.15666666666667,15.526666666666667,75.4,14.610000000000001,14.744
Porto Alegre,Sul,2013,5,16.33225806451613,21.070967741935487,12.154838709677419,94.6,13.635483870967741,10.776451612903225
Porto Alegre,Sul,2013,6,14.343333333333334,18.37,10.94,79.7,15.326666666666666,7.898666666666667
Porto Alegre,Sul,2013,7,13.238709677419354,18.322580645161292,9.01290322580645,92.9,13.516129032258064,10.236451612903226
Porto Alegre,Sul,2013,8,13.425806451612903,18.316129032258065,9.14516129032258,219.6,17.154838709677417,10.65548387096774
Porto Alegre,Sul,2013,9,17.493333333333332,22.596666666666668,13.196666666666665,105.5,16.446666666666665,14.834
Porto Alegre,Sul,2013,10,18.612903225806452,23.35483870967742,14.390322580645162,164.7,17.583870967741937,19.182580645161288
Porto Alegre,Sul,2013,11,21.709999999999997,26.833333333333332,17.073333333333334,137.7,19.316666666666666,24.546333333333333
Porto Alegre,Sul,2013,12,24.258064516129032,29.53548387096774,19.69677419354839,106.4,17.961290322580645,25.62
Porto Alegre,Sul,2014,1,25.961290322580645,30.90967741935484,21.538709677419355,211.1,15.841935483870968,23.312580645161294
Porto Alegre,Sul,2014,2,26.29642857142857,30.935714285714283,22.435714285714287,121.6,17.65357142857143,21.763571428571428
Porto Alegre,Sul,2014,3,22.47741935483871,26.519354838709678,18.938709677419357,98.2,17.0258064516129,16.143225806451614
Porto Alegre,Sul,2014,4,20.46333333333333,24.63,16.596666666666668,69.9,16.016666666666666,14.202333333333334
Porto Alegre,Sul,2014,5,16.419354838709676,20.283870967741933,13.05483870967742,139.6,13.212903225806452,9.671935483870968
Porto Alegre,Sul,2014,6,14.796666666666665,18.396666666666665,11.486666666666668,267.2,15.476666666666667,7.108666666666666
Porto Alegre,Sul,2014,7,14.87741935483871,19.93548387096774,10.577419354838709,105.4,14.129032258064516,10.129354838709677
Porto Alegre,Sul,2014,8,15.480645161290322,20.896774193548385,10.87741935483871,101.60000000000001,14.719354838709679,12.86741935483871
Porto Alegre,Sul,2014,9,18.396666666666665,22.716666666666665,14.66,178.1,18.636666666666667,13.668333333333333
Porto Alegre,Sul,2014,10,20.61935483870968,25.480645161290322,16.441935483870967,144.1,17.406451612903226,17.968387096774194
Porto Alegre,Sul,2014,11,22.363333333333333,27.053333333333335,17.866666666666667,96.5,17.153333333333332,22.480666666666664
Porto Alegre,Sul,2014,12,24.177419354838708,28.95483870967742,19.94516129032258,128.5,17.370967741935484,22.300322580645158
Porto Alegre,Sul,2015,1,25.154838709677417,29.41290322580645,21.4,215.70000000000002,16.474193548387095,22.230645161290322
Porto Alegre,Sul,2015,2,24.32857142857143,28.474999999999998,21.075,96.1,16.87857142857143,20.806785714285716
Porto Alegre,Sul,2015,3,23.225806451612904,27.567741935483873,19.63225806451613,83.8,16.280645161290323,17.831290322580646
Porto Alegre,Sul,2015,4,20.533333333333335,24.970000000000002,16.693333333333335,39.0,14.046666666666665,13.963
Porto Alegre,Sul,2015,5,17.86774193548387,22.093548387096774,14.196774193548388,147.5,14.806451612903226,10.285806451612904
Porto Alegre,Sul,2015,6,15.093333333333334,19.716666666666665,10.833333333333334,179.4,13.666666666666666,9.032
Porto Alegre,Sul,2015,7,15.374193548387098,19.26774193548387,12.238709677419354,192.3,15.100000000000001,7.261290322580645
Porto Alegre,Sul,2015,8,19.822580645161292,24.816129032258065,15.69032258064516,81.2,16.283870967741937,12.521612903225806
Porto Alegre,Sul,2015,9,17.013333333333332,21.516666666666666,13.33,169.0,17.956666666666667,13.438333333333333
Porto Alegre,Sul,2015,10,18.98709677419355,22.990322580645163,15.438709677419354,218.5,18.738709677419354,15.120000000000001
Porto Alegre,Sul,2015,11,20.696666666666665,24.446666666666665,17.35,137.70000000000002,20.603333333333335,18.22266666666667
Porto Alegre,Sul,2015,12,23.493548387096773,27.583870967741937,19.806451612903224,295.5,18.154838709677417,18.688387096774196
Porto Alegre,Sul,2016,1,25.12258064516129,29.919354838709676,21.041935483870965,70.4,18.603225806451615,22.581612903225807
Porto Alegre,Sul,2016,2,25.379310344827587,29.975862068965515,21.599999999999998,73.3,16.400000000000002,22.173448275862068
Porto Alegre,Sul,2016,3,22.093548387096774,25.76774193548387,18.990322580645163,274.3,18.664516129032258,15.52
Porto Alegre,Sul,2016,4,22.326666666666664,26.426666666666666,19.08,124.2,16.65,12.456666666666667
Porto Alegre,Sul,2016,5,14.77741935483871,18.396774193548385,11.66451612903226,66.6,14.77741935483871,9.163225806451614
Porto Alegre,Sul,2016,6,10.82,15.33,7.123333333333333,2.0,13.376666666666667,9.659333333333333
Porto Alegre,Sul,2016,7,13.948387096774193,18.625806451612902,9.832258064516129,62.1,16.583870967741937,9.804516129032258
Porto Alegre,Sul,2016,8,15.609677419354838,20.806451612903224,11.106451612903227,125.7,15.203225806451613,12.11774193548387
Porto Alegre,Sul,2016,9,15.82,20.473333333333336,12.053333333333335,67.5,18.873333333333335,15.272333333333334
Porto Alegre,Sul,2016,10,19.00967741935484,23.64516129032258,15.141935483870967,164.1,20.593548387096774,17.366774193548387
Porto Alegre,Sul,2016,11,20.506666666666668,25.936666666666667,15.493333333333334,98.0,17.863333333333333,23.987000000000002
Porto Alegre,Sul,2016,12,24.112903225806452,29.11935483870968,19.73225806451613,116.6,18.39032258064516,23.581290322580646
Porto Alegre,Sul,2017,1,25.23225806451613,29.92258064516129,21.46451612903226,108.5,19.403225806451612,23.468064516129033
Porto Alegre,Sul,2017,2,25.860714285714288,30.25714285714286,22.307142857142857,166.3,16.367857142857144,20.663928571428574
Porto Alegre,Sul,2017,3,22.96451612903226,27.20967741935484,19.480645161290322,107.1,18.9741935483871,17.62548387096774
Porto Alegre,Sul,2017,4,20.05,24.426666666666666,16.546666666666667,114.5,19.23,13.572666666666667
Porto Alegre,Sul,2017,5,18.200000000000003,22.032258064516128,15.009677419354839,231.8,18.55483870967742,9.23741935483871
Porto Alegre,Sul,2017,6,15.593333333333334,20.45,11.583333333333334,202.8,16.706666666666667,9.196666666666665
Porto Alegre,Sul,2017,7,15.638709677419355,21.793548387096774,10.551612903225807,29.6,14.858064516129033,11.919032258064517
Porto Alegre,Sul,2017,8,16.835483870967742,21.990322580645163,12.312903225806451,96.5,18.81935483870968,12.213548387096774
Porto Alegre,Sul,2017,9,20.016666666666666,24.956666666666667,16.343333333333334,176.6,19.33,13.491000000000001
Porto Alegre,Sul,2017,10,19.506451612903227,24.01290322580645,15.683870967741935,241.7,21.603225806451615,17.483225806451614
Porto Alegre,Sul,2017,11,20.040000000000003,24.883333333333333,15.636666666666667,129.7,21.23,22.515666666666668
Porto Alegre,Sul,2017,12,23.416129032258063,28.47741935483871,19.13225806451613,77.6,21.15806451612903,23.418387096774193
Porto Alegre,Sul,2018,1,24.32903225806452,28.82903225806452,20.70967741935484,116.7,20.77741935483871,22.322903225806453
Porto Alegre,Sul,2018,2,23.55,28.557142857142857,19.34642857142857,67.1,19.914285714285715,22.69142857142857
Porto Alegre,Sul,2018,3,22.648387096774194,26.97741935483871,18.887096774193548,164.8,17.41290322580645,16.78774193548387
Porto Alegre,Sul,2018,4,22.59,27.236666666666668,18.966666666666665,58.0,15.6,14.639999999999999
Porto Alegre,Sul,2018,5,17.883870967741935,22.270967741935483,14.270967741935483,76.2,16.796774193548387,10.614516129032259
Porto Alegre,Sul,2018,6,13.136666666666667,17.509999999999998,9.296666666666665,133.4,16.1,8.674666666666667
Porto Alegre,Sul,2018,7,14.470967741935485,18.32903225806452,11.100000000000001,195.7,19.26774193548387,8.09
Porto Alegre,Sul,2018,8,13.548387096774194,18.561290322580643,9.390322580645162,149.8,19.383870967741935,11.816451612903226
Porto Alegre,Sul,2018,9,18.65666666666667,23.096666666666668,15.32,177.5,22.016666666666666,13.436
Porto Alegre,Sul,2018,10,19.654838709677417,24.12258064516129,15.603225806451613,78.30000000000001,21.14516129032258,19.021612903225805
Porto Alegre,Sul,2018,11,22.1,27.27,17.58,136.6,20.973333333333336,23.645666666666667
Porto Alegre,Sul,2018,12,23.90967741935484,28.96451612903226,19.54516129032258,58.8,20.822580645161292,24.945806451612906
Porto Alegre,Sul,2019,1,26.574193548387097,31.39032258064516,22.65806451612903,116.4,20.806451612903224,21.602903225806454
Porto Alegre,Sul,2019,2,24.385714285714283,29.010714285714283,20.275000000000002,98.7,19.65,21.120714285714286
Porto Alegre,Sul,2019,3,22.561290322580643,26.896774193548385,18.896774193548385,102.7,19.241935483870968,17.44677419354839
Porto Alegre,Sul,2019,4,21.386666666666667,25.36,18.09,142.6,16.886666666666667,12.591000000000001
Porto Alegre,Sul,2019,5,18.90967741935484,22.393548387096775,16.074193548387097,194.20000000000002,17.580645161290324,9.124516129032259
Porto Alegre,Sul,2019,6,17.80666666666667,23.11,13.370000000000001,51.9,15.546666666666669,10.038333333333332
Porto Alegre,Sul,2019,7,13.399999999999999,17.95483870967742,9.312903225806451,107.8,16.083870967741937,9.76032258064516
Porto Alegre,Sul,2019,8,14.825806451612904,20.103225806451615,10.406451612903227,59.599999999999994,18.72258064516129,13.078387096774193
Porto Alegre,Sul,2019,9,16.54,21.68,12.096666666666666,86.9,18.39333333333333,15.589333333333334
Porto Alegre,Sul,2019,10,20.496774193548386,24.919354838709676,16.532258064516128,247.0,20.01290322580645,16.00516129032258
Porto Alegre,Sul,2019,11,21.753333333333334,26.84333333333333,17.376666666666665,134.5,20.970000000000002,23.254666666666665
Porto Alegre,Sul,2019,12,24.483870967741936,30.625806451612902,18.687096774193545,27.4,21.861290322580647,28.146129032258063
Porto Alegre,Sul,2020,1,25.200000000000003,30.364516129032257,20.82903225806452,130.2,21.161290322580644,23.674516129032256
Porto Alegre,Sul,2020,2,24.524137931034485,30.162068965517243,19.96206896551724,61.9,21.986206896551725,22.97689655172414
Porto Alegre,Sul,2020,3,24.25483870967742,29.980645161290322,19.66774193548387,36.0,21.041935483870965,19.77225806451613
Porto Alegre,Sul,2020,4,20.103333333333335,25.263333333333332,15.666666666666666,37.5,20.80666666666667,15.304333333333334
Porto Alegre,Sul,2020,5,16.361290322580643,21.42258064516129,12.058064516129033,169.3,17.780645161290323,11.78225806451613
Porto Alegre,Sul,2020,6,16.273333333333333,20.446666666666665,12.35,197.9,18.92,8.542
Porto Alegre,Sul,2020,7,13.399999999999999,18.22258064516129,9.183870967741935,227.3,18.654838709677417,10.29516129032258
Porto Alegre,Sul,2020,8,15.396774193548387,21.26451612903226,10.687096774193549,73.1,17.23548387096774,13.099032258064517
Porto Alegre,Sul,2020,9,16.933333333333334,21.38,13.020000000000001,194.4,22.116666666666667,13.504999999999999
Porto Alegre,Sul,2020,10,19.074193548387097,23.638709677419353,15.14516129032258,112.2,21.87741935483871,18.56451612903226
Porto Alegre,Sul,2020,11,21.209999999999997,26.333333333333332,16.676666666666666,113.1,21.67,22.509999999999998
Porto Alegre,Sul,2020,12,23.635483870967743,28.73225806451613,19.36774193548387,96.9,22.806451612903224,23.97290322580645
Porto Alegre,Sul,2021,1,25.219354838709677,30.312903225806455,21.07741935483871,111.4,20.948387096774194,23.76806451612903
Porto Alegre,Sul,2021,2,24.053571428571427,28.885714285714283,19.87142857142857,47.1,19.3,23.525357142857143
Porto Alegre,Sul,2021,3,23.238709677419354,27.283870967741933,20.041935483870965,146.1,16.81935483870968,16.820967741935487
Porto Alegre,Sul,2021,4,21.15666666666667,26.243333333333332,16.9,26.4,17.573333333333334,15.874
Porto Alegre,Sul,2021,5,15.103225806451613,20.04516129032258,10.758064516129032,158.5,15.948387096774193,11.578064516129032
Porto Alegre,Sul,2021,6,14.193333333333333,17.956666666666667,11.016666666666667,149.3,18.53666666666667,7.838666666666667
Porto Alegre,Sul,2021,7,12.951612903225806,18.806451612903224,8.416129032258064,47.4,16.574193548387097,11.72
Porto Alegre,Sul,2021,8,16.183870967741935,20.996774193548386,12.283870967741937,114.7,18.26774193548387,11.876129032258065
Porto Alegre,Sul,2021,9,17.89333333333333,22.07,14.41,191.4,20.066666666666666,13.775666666666666
Porto Alegre,Sul,2021,10,19.129032258064516,24.393548387096775,14.635483870967741,57.699999999999996,21.338709677419356,20.54032258064516
Porto Alegre,Sul,2021,11,21.846666666666668,27.266666666666666,17.056666666666665,73.0,21.84,23.337
Porto Alegre,Sul,2021,12,23.206451612903226,28.529032258064515,18.693548387096776,79.2,23.009677419354837,25.25
Porto Alegre,Sul,2022,1,26.687096774193545,32.593548387096774,21.806451612903224,87.5,21.322580645161292,25.2241935483871
Porto Alegre,Sul,2022,2,24.892857142857142,30.839285714285715,20.021428571428572,100.0,20.939285714285713,23.931071428571432
Porto Alegre,Sul,2022,3,22.54193548387097,26.932258064516127,18.990322580645163,141.6,19.529032258064515,17.06064516129032
Porto Alegre,Sul,2022,4,19.41,23.80666666666667,15.413333333333332,99.5,17.043333333333333,13.734
Porto Alegre,Sul,2022,5,15.251612903225807,19.32903225806452,11.780645161290321,171.1,17.312903225806455,9.775161290322579
Porto Alegre,Sul,2022,6,12.766666666666667,16.85,9.186666666666667,151.20000000000002,16.436666666666667,8.304666666666666
Porto Alegre,Sul,2022,7,16.31290322580645,21.387096774193548,12.390322580645162,144.7,17.690322580645162,9.661290322580646
Porto Alegre,Sul,2022,8,14.52258064516129,19.683870967741935,10.148387096774194,84.7,17.870967741935484,11.967096774193548
Porto Alegre,Sul,2022,9,15.893333333333334,20.95,11.53,64.8,21.08,16.33833333333333
Porto Alegre,Sul,2022,10,18.429032258064513,23.325806451612905,14.287096774193548,121.5,22.219354838709677,18.192903225806454
Porto Alegre,Sul,2022,11,20.59,26.076666666666664,15.673333333333334,52.0,22.046666666666667,25.034333333333333
Porto Alegre,Sul,2022,12,23.787096774193547,29.483870967741936,19.032258064516128,92.1,22.177419354838708,26.58225806451613
Porto Alegre,Sul,2023,1,25.806451612903224,31.758064516129032,21.083870967741937,45.9,21.451612903225808,26.488709677419354
Porto Alegre,Sul,2023,2,24.807142857142857,30.45,19.84642857142857,67.2,19.664285714285715,22.979999999999997
Porto Alegre,Sul,2023,3,25.009677419354837,30.174193548387095,21.06451612903226,92.8,18.95483870967742,19.38064516129032
Porto Alegre,Sul,2023,4,20.33,25.263333333333332,16.14,24.7,18.45,14.846666666666666
Porto Alegre,Sul,2023,5,17.95483870967742,22.58709677419355,14.238709677419354,95.3,15.006451612903225,10.927741935483871
Porto Alegre,Sul,2023,6,15.943333333333333,20.736666666666668,11.92,184.6,17.19333333333333,9.17
Porto Alegre,Sul,2023,7,15.038709677419355,19.73548387096774,11.306451612903226,222.39999999999998,17.22258064516129,9.949354838709677
Porto Alegre,Sul,2023,8,15.929032258064517,21.345161290322583,11.206451612903225,125.8,17.470967741935485,13.79516129032258
Porto Alegre,Sul,2023,9,18.41,22.7,14.676666666666668,427.7,22.02,12.186666666666667
Porto Alegre,Sul,2023,10,18.738709677419354,23.12258064516129,14.893548387096773,169.9,19.648387096774194,16.55838709677419
Porto Alegre,Sul,2023,11,21.186666666666667,25.873333333333335,16.903333333333332,288.0,21.240000000000002,19.516333333333332
Porto Alegre,Sul,2023,12,24.338709677419356,29.35483870967742,20.12258064516129,104.6,21.241935483870968,24.455161290322582
Porto Alegre,Sul,2024,1,24.12258064516129,29.083870967741937,20.148387096774194,130.3,22.261290322580646,24.424193548387095
Porto Alegre,Sul,2024,2,25.74827586206897,30.979310344827585,21.451724137931034,109.8,20.362068965517242,21.847586206896555
Porto Alegre,Sul,2024,3,24.312903225806455,29.325806451612905,19.993548387096773,89.89999999999999,16.851612903225806,19.26322580645161
Porto Alegre,Sul,2024,4,21.763333333333332,25.84,18.303333333333335,238.10000000000002,19.39,12.031666666666666
Porto Alegre,Sul,2024,5,16.703225806451613,20.183870967741935,13.580645161290322,356.1,18.141935483870967,7.801935483870968
Porto Alegre,Sul,2024,6,17.086666666666666,21.676666666666666,13.4,160.79999999999998,17.756666666666668,9.142666666666665
Porto Alegre,Sul,2024,7,13.596774193548388,17.932258064516127,10.193548387096774,101.9,16.177419354838708,8.846451612903227
Porto Alegre,Sul,2024,8,15.380645161290323,20.39032258064516,11.435483870967742,86.8,19.438709677419357,11.648709677419355
Porto Alegre,Sul,2024,9,18.673333333333336,23.946666666666665,14.47,189.8,19.886666666666667,15.272666666666668
Porto Alegre,Sul,2024,10,20.18064516129032,24.88064516129032,16.070967741935483,82.10000000000001,21.37741935483871,19.688064516129035
Porto Alegre,Sul,2024,11,23.116666666666667,28.21333333333333,18.86,86.2,19.333333333333332,22.026333333333334
Porto Alegre,Sul,2024,12,22.503225806451614,27.625806451612902,18.493548387096773,152.2,18.76774193548387,24.070645161290322
Recife,Nordeste,1980,1,26.741935483870968,29.5,24.46451612903226,63.7,17.112903225806452,20.368387096774192
Recife,Nordeste,1980,2,26.017241379310345,28.66551724137931,23.889655172413793,141.4,15.96896551724138,17.60655172413793
Recife,Nordeste,1980,3,25.787096774193547,28.25483870967742,23.799999999999997,96.4,17.251612903225805,19.81935483870968
Recife,Nordeste,1980,4,26.146666666666665,28.746666666666666,23.986666666666668,54.5,17.66,19.240000000000002
Recife,Nordeste,1980,5,25.532258064516128,28.04516129032258,23.59032258064516,66.4,17.75483870967742,17.096774193548388
Recife,Nordeste,1980,6,24.636666666666667,26.903333333333332,22.92,122.2,16.4,14.412333333333333
Recife,Nordeste,1980,7,24.093548387096774,26.493548387096773,22.141935483870967,51.8,17.638709677419353,16.380645161290325
Recife,Nordeste,1980,8,24.12258064516129,26.61935483870968,22.1,67.3,18.548387096774192,18.421612903225803
Recife,Nordeste,1980,9,25.023333333333333,27.98,22.596666666666668,39.2,17.793333333333333,19.996333333333332
Recife,Nordeste,1980,10,25.448387096774194,28.258064516129032,23.22258064516129,49.4,18.287096774193547,21.057419354838707
Recife,Nordeste,1980,11,26.066666666666666,28.996666666666666,23.63,43.9,17.123333333333335,21.058333333333334
Recife,Nordeste,1980,12,26.338709677419356,29.419354838709676,23.799999999999997,32.3,16.79032258064516,21.515806451612903
Recife,Nordeste,1981,1,26.183870967741935,29.0258064516129,23.874193548387098,65.5,17.403225806451612,20.36258064516129
Recife,Nordeste,1981,2,26.053571428571427,28.635714285714283,23.925,61.2,19.217857142857145,21.187857142857144
Recife,Nordeste,1981,3,26.177419354838708,29.138709677419353,24.006451612903227,251.0,14.67741935483871,17.891612903225806
Recife,Nordeste,1981,4,25.81,28.426666666666666,23.673333333333336,61.5,16.31,19.196
Recife,Nordeste,1981,5,25.287096774193547,27.57741935483871,23.516129032258064,62.4,18.59032258064516,16.863548387096774
Recife,Nordeste,1981,6,24.486666666666668,26.766666666666666,22.646666666666665,70.1,19.19333333333333,16.061666666666667
Recife,Nordeste,1981,7,23.738709677419354,26.16774193548387,21.851612903225806,68.7,21.61935483870968,16.578709677419354
Recife,Nordeste,1981,8,23.806451612903224,26.345161290322583,21.806451612903224,51.699999999999996,20.299999999999997,17.353870967741937
Recife,Nordeste,1981,9,24.243333333333332,26.96333333333333,22.216666666666665,45.6,20.723333333333336,19.733333333333334
Recife,Nordeste,1981,10,25.94516129032258,29.33225806451613,23.448387096774194,19.0,17.793548387096774,22.917096774193546
Recife,Nordeste,1981,11,26.19,29.31,23.88,33.2,17.736666666666668,21.867
Recife,Nordeste,1981,12,26.09032258064516,28.758064516129032,24.041935483870965,95.7,18.0258064516129,19.738709677419354
Recife,Nordeste,1982,1,26.19677419354839,29.212903225806453,23.761290322580646,46.8,17.906451612903226,22.220000000000002
Recife,Nordeste,1982,2,25.87142857142857,28.542857142857144,23.635714285714283,71.1,18.414285714285715,20.572499999999998
Recife,Nordeste,1982,3,26.835483870967742,29.874193548387098,24.338709677419356,52.2,15.983870967741936,21.270967741935483
Recife,Nordeste,1982,4,26.220000000000002,29.146666666666665,24.013333333333332,72.7,15.543333333333333,18.89966666666667
Recife,Nordeste,1982,5,25.16774193548387,27.483870967741936,23.425806451612903,136.4,17.76451612903226,15.938387096774195
Recife,Nordeste,1982,6,24.623333333333335,26.93,22.976666666666667,92.5,16.68,14.667333333333334
Recife,Nordeste,1982,7,23.883870967741935,26.203225806451613,21.967741935483872,79.7,17.483870967741936,15.330645161290322
Recife,Nordeste,1982,8,23.635483870967743,25.97741935483871,21.751612903225805,72.2,18.038709677419355,16.608064516129033
Recife,Nordeste,1982,9,24.78666666666667,27.55,22.663333333333334,41.7,17.64,20.048333333333336
Recife,Nordeste,1982,10,25.461290322580645,28.538709677419355,22.990322580645163,28.099999999999998,17.56451612903226,20.666774193548385
Recife,Nordeste,1982,11,26.043333333333333,29.066666666666666,23.616666666666667,40.7,17.8,21.882
Recife,Nordeste,1982,12,26.135483870967743,28.948387096774194,23.90967741935484,57.9,17.70967741935484,20.918064516129032
Recife,Nordeste,1983,1,26.835483870967742,29.858064516129033,24.490322580645163,75.5,16.551612903225806,20.359032258064516
Recife,Nordeste,1983,2,26.442857142857143,29.182142857142857,24.325,73.0,16.432142857142857,20.634642857142858
Recife,Nordeste,1983,3,26.496774193548386,29.299999999999997,24.45483870967742,141.20000000000002,15.638709677419355,19.887096774193548
Recife,Nordeste,1983,4,26.716666666666665,29.243333333333332,24.796666666666667,66.7,17.709999999999997,19.311333333333334
Recife,Nordeste,1983,5,26.074193548387097,28.72258064516129,24.016129032258064,49.7,15.62258064516129,17.22451612903226
Recife,Nordeste,1983,6,25.16,27.816666666666666,23.09333333333333,47.9,16.330000000000002,16.552666666666667
Recife,Nordeste,1983,7,24.296774193548387,26.948387096774194,22.18064516129032,53.3,16.112903225806452,16.43709677419355
Recife,Nordeste,1983,8,24.238709677419354,26.812903225806455,22.203225806451613,58.9,18.13225806451613,17.522903225806452
Recife,Nordeste,1983,9,25.08,27.983333333333334,22.69333333333333,37.7,18.723333333333336,20.357666666666667
Recife,Nordeste,1983,10,25.229032258064517,28.070967741935487,22.916129032258063,53.3,18.187096774193545,21.166129032258063
Recife,Nordeste,1983,11,26.403333333333332,29.753333333333334,23.756666666666668,22.7,16.98,22.880999999999997
Recife,Nordeste,1983,12,26.629032258064516,29.861290322580647,24.125806451612902,21.5,17.396774193548385,22.43935483870968
Recife,Nordeste,1984,1,26.72258064516129,29.98709677419355,24.216129032258067,40.6,16.712903225806453,22.307419354838707
Recife,Nordeste,1984,2,27.113793103448273,30.282758620689656,24.637931034482758,45.1,17.348275862068967,22.530344827586205
Recife,Nordeste,1984,3,26.690322580645162,29.62258064516129,24.216129032258067,105.9,15.193548387096774,20.240322580645163
Recife,Nordeste,1984,4,26.06,28.743333333333332,24.08,147.2,14.69,17.315
Recife,Nordeste,1984,5,25.19677419354839,27.43548387096774,23.429032258064513,129.8,15.461290322580645,15.570645161290322
Recife,Nordeste,1984,6,24.816666666666666,27.35,22.78666666666667,46.7,17.023333333333333,16.64
Recife,Nordeste,1984,7,23.980645161290322,26.229032258064517,22.193548387096776,99.6,18.0,15.112903225806452
Recife,Nordeste,1984,8,24.067741935483873,26.548387096774192,22.116129032258065,67.3,17.822580645161292,17.476451612903226
Recife,Nordeste,1984,9,24.990000000000002,27.776666666666664,22.82,48.4,17.653333333333332,19.651
Recife,Nordeste,1984,10,25.567741935483873,28.448387096774194,23.219354838709677,52.7,18.12258064516129,21.21225806451613
Recife,Nordeste,1984,11,26.273333333333333,29.523333333333333,23.753333333333334,35.4,17.826666666666664,22.801333333333332
Recife,Nordeste,1984,12,26.983870967741936,30.496774193548386,24.24516129032258,28.099999999999998,16.61935483870968,23.052258064516128
Recife,Nordeste,1985,1,26.509677419354837,29.52258064516129,24.06451612903226,84.7,16.63225806451613,20.653870967741934
Recife,Nordeste,1985,2,26.303571428571427,29.414285714285715,23.853571428571428,146.0,14.87142857142857,20.483571428571427
Recife,Nordeste,1985,3,25.712903225806453,28.364516129032257,23.690322580645162,267.9,13.516129032258064,17.043548387096774
Recife,Nordeste,1985,4,25.433333333333334,28.13,23.543333333333333,239.3,12.233333333333333,15.722000000000001
Recife,Nordeste,1985,5,25.374193548387098,27.77741935483871,23.416129032258063,85.0,14.603225806451613,16.34741935483871
Recife,Nordeste,1985,6,24.726666666666667,27.163333333333334,22.776666666666664,92.6,15.643333333333334,15.766666666666667
Recife,Nordeste,1985,7,23.625806451612902,25.693548387096776,22.11935483870968,247.0,18.919354838709676,12.682258064516128
Recife,Nordeste,1985,8,23.822580645161292,26.13225806451613,21.970967741935485,78.3,17.73548387096774,17.062903225806455
Recife,Nordeste,1985,9,24.43,27.15666666666667,22.36,38.3,18.253333333333334,19.964333333333332
Recife,Nordeste,1985,10,25.903225806451612,29.212903225806453,23.34193548387097,19.3,16.380645161290325,22.64774193548387
Recife,Nordeste,1985,11,26.273333333333333,29.333333333333332,23.846666666666668,37.6,18.016666666666666,22.018666666666665
Recife,Nordeste,1985,12,26.238709677419354,29.17096774193548,23.906451612903226,47.4,16.029032258064518,19.75258064516129
Recife,Nordeste,1986,1,26.37741935483871,29.229032258064517,24.129032258064516,87.6,17.496774193548386,21.024516129032257
Recife,Nordeste,1986,2,25.767857142857142,28.417857142857144,23.585714285714285,123.6,15.025,20.13357142857143
Recife,Nordeste,1986,3,25.4,27.861290322580647,23.351612903225806,217.2,13.790322580645162,16.66548387096774
Recife,Nordeste,1986,4,25.64,28.09333333333333,23.790000000000003,153.4,14.83,16.631333333333334
Recife,Nordeste,1986,5,25.335483870967742,27.76451612903226,23.33225806451613,113.5,15.225806451612904,16.063225806451612
Recife,Nordeste,1986,6,24.433333333333334,26.62,22.723333333333336,90.3,19.493333333333332,14.869666666666665
Recife,Nordeste,1986,7,23.87741935483871,26.358064516129033,22.006451612903227,73.2,16.451612903225808,16.217741935483872
Recife,Nordeste,1986,8,23.809677419354838,26.216129032258067,21.83225806451613,86.2,16.958064516129035,17.164193548387097
Recife,Nordeste,1986,9,24.043333333333333,26.279999999999998,22.236666666666668,106.39999999999999,19.220000000000002,17.548000000000002
Recife,Nordeste,1986,10,25.080645161290324,27.85483870967742,22.73548387096774,39.3,16.980645161290322,21.328709677419358
Recife,Nordeste,1986,11,25.313333333333333,27.95,23.233333333333334,102.2,17.913333333333334,20.458000000000002
Recife,Nordeste,1986,12,25.87741935483871,28.532258064516128,23.783870967741933,48.6,17.067741935483873,20.791612903225804
Recife,Nordeste,1987,1,26.032258064516128,28.687096774193545,23.9,82.1,16.412903225806453,20.428709677419352
Recife,Nordeste,1987,2,26.114285714285717,28.875,23.95,96.4,17.271428571428572,20.868928571428572
Recife,Nordeste,1987,3,26.509677419354837,29.403225806451612,24.203225806451613,122.4,14.616129032258065,19.706129032258065
Recife,Nordeste,1987,4,26.183333333333334,28.686666666666667,24.35,105.8,15.986666666666668,18.149
Recife,Nordeste,1987,5,26.041935483870965,28.519354838709678,24.03548387096774,60.2,15.780645161290321,17.336451612903225
Recife,Nordeste,1987,6,24.98,27.243333333333332,23.18,74.8,15.723333333333333,15.251333333333333
Recife,Nordeste,1987,7,24.506451612903227,26.758064516129032,22.693548387096776,85.0,17.661290322580644,15.61483870967742
Recife,Nordeste,1987,8,24.84193548387097,27.480645161290322,22.76774193548387,52.6,17.85483870967742,18.28290322580645
Recife,Nordeste,1987,9,25.503333333333334,28.423333333333336,23.259999999999998,34.8,18.163333333333334,20.651333333333334
Recife,Nordeste,1987,10,25.958064516129035,29.006451612903227,23.59032258064516,30.9,17.493548387096773,20.615483870967743
Recife,Nordeste,1987,11,27.09,30.433333333333334,24.563333333333333,19.5,17.726666666666667,22.549666666666667
Recife,Nordeste,1987,12,27.07741935483871,30.177419354838708,24.687096774193545,24.599999999999998,17.529032258064515,22.009677419354837
Recife,Nordeste,1988,1,27.183870967741935,30.258064516129032,24.758064516129032,40.5,17.23548387096774,21.364516129032257
Recife,Nordeste,1988,2,27.372413793103448,30.444827586206895,24.96206896551724,68.2,17.313793103448276,21.433793103448277
Recife,Nordeste,1988,3,27.429032258064513,30.651612903225807,24.822580645161292,111.5,15.361290322580645,20.763870967741934
Recife,Nordeste,1988,4,26.476666666666667,28.92,24.436666666666667,157.5,14.526666666666667,17.449
Recife,Nordeste,1988,5,25.919354838709676,28.35483870967742,24.029032258064515,77.7,16.31935483870968,16.84903225806452
Recife,Nordeste,1988,6,25.026666666666664,27.44333333333333,23.006666666666668,79.2,18.38,15.291
Recife,Nordeste,1988,7,23.929032258064513,26.08709677419355,22.26451612903226,135.4,20.374193548387098,14.469032258064518
Recife,Nordeste,1988,8,23.54516129032258,25.893548387096775,21.651612903225807,93.7,21.15806451612903,17.322580645161292
Recife,Nordeste,1988,9,24.553333333333335,27.09333333333333,22.533333333333335,53.9,20.73,20.005666666666666
Recife,Nordeste,1988,10,25.751612903225805,28.55806451612903,23.44193548387097,42.6,18.135483870967743,21.511612903225807
Recife,Nordeste,1988,11,26.16,28.990000000000002,23.87,35.7,17.666666666666668,21.127666666666666
Recife,Nordeste,1988,12,26.6,29.774193548387096,24.154838709677417,33.7,17.603225806451615,20.932580645161288
Recife,Nordeste,1989,1,26.493548387096773,29.519354838709678,24.038709677419355,56.5,16.583870967741937,21.311612903225804
Recife,Nordeste,1989,2,27.125,30.232142857142858,24.514285714285712,31.0,16.664285714285715,21.636428571428574
Recife,Nordeste,1989,3,27.299999999999997,30.774193548387096,24.606451612903225,57.599999999999994,16.416129032258063,21.72967741935484
Recife,Nordeste,1989,4,25.686666666666667,28.293333333333333,23.816666666666666,233.5,14.156666666666666,16.135666666666665
Recife,Nordeste,1989,5,25.393548387096775,27.916129032258063,23.46451612903226,116.9,14.696774193548388,16.21741935483871
Recife,Nordeste,1989,6,24.823333333333334,27.183333333333334,23.02,102.8,15.793333333333333,15.233
Recife,Nordeste,1989,7,24.0258064516129,26.425806451612903,22.25483870967742,248.2,17.0258064516129,13.810967741935483
Recife,Nordeste,1989,8,24.096774193548388,26.54516129032258,22.161290322580644,81.6,18.88064516129032,17.72483870967742
Recife,Nordeste,1989,9,25.066666666666666,27.87,22.779999999999998,36.4,17.403333333333332,20.541
Recife,Nordeste,1989,10,25.9741935483871,28.88064516129032,23.625806451612902,34.5,17.893548387096775,21.459032258064518
Recife,Nordeste,1989,11,26.48,29.496666666666666,24.19,42.9,17.936666666666667,21.68
Recife,Nordeste,1989,12,26.470967741935485,29.206451612903226,24.503225806451614,69.2,16.296774193548387,18.668709677419354
Recife,Nordeste,1990,1,26.616129032258065,29.567741935483873,24.35483870967742,33.9,18.55483870967742,21.996774193548386
Recife,Nordeste,1990,2,26.99642857142857,30.139285714285712,24.567857142857143,48.699999999999996,17.15,20.904642857142857
Recife,Nordeste,1990,3,27.216129032258067,30.241935483870968,24.91290322580645,40.2,17.57741935483871,21.666129032258063
Recife,Nordeste,1990,4,26.433333333333334,29.046666666666667,24.363333333333333,97.9,16.616666666666667,18.374666666666666
Recife,Nordeste,1990,5,26.04516129032258,28.716129032258067,23.887096774193548,63.0,16.129032258064516,17.64516129032258
Recife,Nordeste,1990,6,24.790000000000003,26.996666666666666,23.013333333333332,123.4,17.220000000000002,15.298
Recife,Nordeste,1990,7,24.225806451612904,26.55806451612903,22.45483870967742,93.8,15.764516129032257,15.403225806451612
Recife,Nordeste,1990,8,24.177419354838708,26.55483870967742,22.306451612903224,66.7,17.996774193548386,17.425806451612903
Recife,Nordeste,1990,9,24.953333333333333,27.68,22.82,59.0,17.116666666666667,19.372333333333334
Recife,Nordeste,1990,10,25.503225806451614,28.270967741935483,23.34193548387097,43.9,17.76774193548387,21.317741935483873
Recife,Nordeste,1990,11,26.506666666666664,29.636666666666667,24.096666666666668,27.0,18.013333333333332,21.999666666666666
Recife,Nordeste,1990,12,26.89032258064516,30.148387096774194,24.44193548387097,24.599999999999998,17.009677419354837,22.794516129032257
Recife,Nordeste,1991,1,26.838709677419356,29.92258064516129,24.493548387096773,47.9,17.183870967741935,21.766451612903225
Recife,Nordeste,1991,2,27.15357142857143,30.37142857142857,24.682142857142857,50.0,16.75,21.792142857142856
Recife,Nordeste,1991,3,27.019354838709678,29.951612903225808,24.74516129032258,71.0,15.832258064516129,20.072903225806453
Recife,Nordeste,1991,4,26.466666666666665,29.346666666666668,24.21333333333333,76.0,15.370000000000001,18.822
Recife,Nordeste,1991,5,25.45483870967742,27.806451612903224,23.687096774193545,129.0,16.54516129032258,15.568064516129033
Recife,Nordeste,1991,6,24.903333333333332,27.16,23.136666666666667,57.2,18.19,15.772666666666668
Recife,Nordeste,1991,7,23.864516129032257,26.135483870967743,22.161290322580644,98.5,20.551612903225806,15.492258064516129
Recife,Nordeste,1991,8,23.687096774193545,26.051612903225806,21.861290322580647,64.7,21.39032258064516,17.498387096774195
Recife,Nordeste,1991,9,24.48,27.166666666666668,22.396666666666665,44.3,19.64333333333333,19.517333333333333
Recife,Nordeste,1991,10,24.76774193548387,27.625806451612902,22.567741935483873,49.0,18.27741935483871,20.31967741935484
Recife,Nordeste,1991,11,25.96333333333333,29.19333333333333,23.486666666666668,26.3,17.98,21.722666666666665
Recife,Nordeste,1991,12,26.835483870967742,30.32903225806452,24.164516129032258,16.1,16.870967741935484,22.871612903225806
Recife,Nordeste,1992,1,26.751612903225805,29.716129032258067,24.45483870967742,67.2,16.03548387096774,19.67096774193548
Recife,Nordeste,1992,2,25.772413793103446,28.155172413793103,23.886206896551727,135.5,16.73448275862069,17.844137931034485
Recife,Nordeste,1992,3,25.838709677419356,28.225806451612904,23.983870967741936,139.5,17.593548387096774,18.48516129032258
Recife,Nordeste,1992,4,26.11,28.67,24.096666666666668,88.1,14.866666666666667,18.333333333333332
Recife,Nordeste,1992,5,25.751612903225805,28.306451612903224,23.683870967741935,41.6,15.280645161290321,16.89548387096774
Recife,Nordeste,1992,6,24.46333333333333,26.743333333333332,22.686666666666667,96.1,16.136666666666667,14.626
Recife,Nordeste,1992,7,23.79032258064516,26.203225806451613,21.97741935483871,66.6,17.864516129032257,16.071290322580644
Recife,Nordeste,1992,8,23.822580645161292,26.306451612903224,21.9,66.7,18.34193548387097,17.328387096774197
Recife,Nordeste,1992,9,24.2,26.736666666666668,22.173333333333336,75.2,17.683333333333334,19.317666666666664
Recife,Nordeste,1992,10,25.496774193548386,28.677419354838708,23.206451612903226,18.3,17.967741935483872,22.287096774193547
Recife,Nordeste,1992,11,25.84333333333333,28.886666666666667,23.55,33.3,18.15,21.208000000000002
Recife,Nordeste,1992,12,26.62258064516129,29.951612903225808,24.241935483870968,21.0,18.15806451612903,21.999354838709678
Recife,Nordeste,1993,1,26.661290322580644,29.838709677419356,24.322580645161292,31.4,18.299999999999997,21.925483870967742
Recife,Nordeste,1993,2,27.228571428571428,30.442857142857143,24.767857142857142,19.599999999999998,17.735714285714288,22.589642857142856
Recife,Nordeste,1993,3,27.212903225806453,30.53548387096774,24.706451612903226,33.4,17.22258064516129,22.381612903225808
Recife,Nordeste,1993,4,26.90666666666667,29.94333333333333,24.653333333333332,35.8,17.333333333333332,20.038
Recife,Nordeste,1993,5,25.95483870967742,28.51290322580645,24.019354838709678,61.3,17.35483870967742,16.646451612903224
Recife,Nordeste,1993,6,24.886666666666667,27.226666666666667,23.03666666666667,67.0,18.233333333333334,15.789666666666667
Recife,Nordeste,1993,7,24.177419354838708,26.541935483870965,22.364516129032257,76.8,18.270967741935483,15.630645161290323
Recife,Nordeste,1993,8,24.519354838709678,27.358064516129033,22.32903225806452,31.6,17.88064516129032,18.348387096774193
Recife,Nordeste,1993,9,25.57,28.703333333333333,23.226666666666667,28.3,17.076666666666664,21.070333333333334
Recife,Nordeste,1993,10,26.248387096774195,29.370967741935484,23.961290322580645,36.0,19.470967741935485,21.330967741935485
Recife,Nordeste,1993,11,26.383333333333333,29.386666666666667,24.103333333333335,32.3,18.773333333333333,20.930666666666664
Recife,Nordeste,1993,12,27.07741935483871,30.261290322580646,24.690322580645162,22.0,17.94516129032258,22.026129032258062
Recife,Nordeste,1994,1,27.103225806451615,30.370967741935484,24.55806451612903,30.0,16.43548387096774,21.619032258064518
Recife,Nordeste,1994,2,27.339285714285715,30.639285714285712,24.739285714285717,35.2,16.789285714285715,22.341785714285713
Recife,Nordeste,1994,3,27.080645161290324,30.258064516129032,24.496774193548386,91.3,15.883870967741935,20.63064516129032
Recife,Nordeste,1994,4,26.279999999999998,28.90666666666667,24.23,85.10000000000001,15.893333333333334,19.090333333333334
Recife,Nordeste,1994,5,25.44516129032258,27.809677419354838,23.629032258064516,127.7,15.961290322580645,15.981290322580646
Recife,Nordeste,1994,6,24.723333333333336,27.006666666666668,23.009999999999998,145.8,14.123333333333333,14.022
Recife,Nordeste,1994,7,24.30322580645161,26.429032258064513,22.54516129032258,81.5,18.61935483870968,15.213225806451613
Recife,Nordeste,1994,8,23.990322580645163,26.451612903225808,22.074193548387097,57.5,19.312903225806455,18.116451612903226
Recife,Nordeste,1994,9,24.59333333333333,27.18,22.563333333333333,46.6,19.57,19.651999999999997
Recife,Nordeste,1994,10,25.403225806451612,28.216129032258067,23.164516129032258,47.199999999999996,18.322580645161292,21.271290322580644
Recife,Nordeste,1994,11,26.31,29.483333333333334,23.84,21.4,18.216666666666665,22.526333333333334
Recife,Nordeste,1994,12,26.461290322580645,29.393548387096775,24.216129032258067,48.8,17.60967741935484,20.719677419354838
Recife,Nordeste,1995,1,26.932258064516127,30.13225806451613,24.59032258064516,24.4,17.183870967741935,22.021612903225805
Recife,Nordeste,1995,2,27.196428571428573,30.325,24.717857142857145,52.2,16.214285714285715,21.32821428571429
Recife,Nordeste,1995,3,27.561290322580643,30.787096774193547,24.90967741935484,52.7,16.59032258064516,22.241290322580646
Recife,Nordeste,1995,4,26.44,28.933333333333334,24.466666666666665,161.6,15.143333333333334,17.085333333333335
Recife,Nordeste,1995,5,25.845161290322583,28.274193548387096,23.858064516129033,94.3,14.535483870967743,16.429354838709678
Recife,Nordeste,1995,6,24.936666666666667,26.993333333333332,23.27,147.5,18.206666666666667,14.234
Recife,Nordeste,1995,7,24.25483870967742,26.432258064516127,22.493548387096773,115.2,19.73548387096774,14.790967741935484
Recife,Nordeste,1995,8,24.177419354838708,26.654838709677417,22.19677419354839,39.7,20.283870967741933,18.26225806451613
Recife,Nordeste,1995,9,24.803333333333335,27.623333333333335,22.64,30.7,20.91,20.37933333333333
Recife,Nordeste,1995,10,25.874193548387098,29.009677419354837,23.467741935483872,22.3,18.18064516129032,21.471612903225807
Recife,Nordeste,1995,11,25.686666666666667,28.446666666666665,23.586666666666666,48.1,18.14333333333333,20.149333333333335
Recife,Nordeste,1995,12,27.083870967741937,30.703225806451613,24.483870967741936,11.4,16.948387096774194,23.712580645161292
Recife,Nordeste,1996,1,26.851612903225806,29.86774193548387,24.429032258064513,51.4,17.47741935483871,21.68290322580645
Recife,Nordeste,1996,2,27.42413793103448,30.844827586206897,24.889655172413793,53.9,17.26551724137931,22.800689655172416
Recife,Nordeste,1996,3,26.861290322580647,29.90967741935484,24.358064516129033,91.4,14.832258064516129,20.28548387096774
Recife,Nordeste,1996,4,26.12,28.866666666666667,24.136666666666667,208.8,15.283333333333333,16.380666666666666
Recife,Nordeste,1996,5,25.606451612903225,28.17096774193548,23.606451612903225,107.2,16.39032258064516,17.085806451612903
Recife,Nordeste,1996,6,24.720000000000002,26.81,23.05,110.3,19.596666666666668,14.824
Recife,Nordeste,1996,7,23.990322580645163,26.219354838709677,22.358064516129033,97.9,19.635483870967743,15.263548387096774
Recife,Nordeste,1996,8,24.151612903225807,26.451612903225808,22.37741935483871,125.2,19.425806451612903,17.074516129032258
Recife,Nordeste,1996,9,24.513333333333332,27.026666666666664,22.546666666666667,70.2,19.703333333333333,19.706333333333337
Recife,Nordeste,1996,10,25.838709677419356,28.67096774193548,23.58709677419355,46.5,17.816129032258065,21.720000000000002
Recife,Nordeste,1996,11,26.326666666666664,29.446666666666665,23.9,53.1,17.41,21.588
Recife,Nordeste,1996,12,27.141935483870967,30.425806451612903,24.561290322580643,43.0,16.82903225806452,22.611290322580647
Recife,Nordeste,1997,1,27.0258064516129,30.01290322580645,24.616129032258065,42.2,17.067741935483873,21.747096774193547
Recife,Nordeste,1997,2,26.407142857142855,29.17142857142857,24.235714285714288,76.5,16.689285714285713,20.786785714285713
Recife,Nordeste,1997,3,26.52258064516129,29.338709677419356,24.283870967741933,92.9,15.880645161290323,19.53806451612903
Recife,Nordeste,1997,4,25.85666666666667,28.486666666666668,23.673333333333336,102.9,15.136666666666667,18.195
Recife,Nordeste,1997,5,25.22258064516129,27.4741935483871,23.570967741935487,114.2,17.516129032258064,15.82774193548387
Recife,Nordeste,1997,6,24.653333333333332,27.203333333333333,22.576666666666664,49.6,15.653333333333334,16.416
Recife,Nordeste,1997,7,23.85483870967742,26.24516129032258,21.938709677419357,60.8,18.612903225806452,16.08483870967742
Recife,Nordeste,1997,8,23.870967741935484,26.30322580645161,22.0258064516129,69.0,19.91290322580645,17.09258064516129
Recife,Nordeste,1997,9,25.386666666666667,28.733333333333334,22.91,12.899999999999999,17.363333333333333,21.035666666666668
Recife,Nordeste,1997,10,26.39032258064516,29.970967741935485,23.783870967741933,19.0,18.248387096774195,22.8341935483871
Recife,Nordeste,1997,11,26.836666666666666,30.203333333333333,24.240000000000002,16.3,17.563333333333333,22.575
Recife,Nordeste,1997,12,27.574193548387097,31.009677419354837,24.9741935483871,27.0,16.69677419354839,22.809354838709677
Recife,Nordeste,1998,1,27.638709677419353,30.74516129032258,25.33225806451613,58.2,16.654838709677417,21.529354838709676
Recife,Nordeste,1998,2,28.25714285714286,31.525000000000002,25.839285714285715,25.9,17.485714285714284,23.00107142857143
Recife,Nordeste,1998,3,28.206451612903226,31.393548387096775,25.799999999999997,54.8,18.0,22.393548387096775
Recife,Nordeste,1998,4,27.58,30.35666666666667,25.64333333333333,51.1,18.06,19.404666666666667
Recife,Nordeste,1998,5,26.425806451612903,29.019354838709678,24.46451612903226,110.3,18.448387096774194,17.201612903225808
Recife,Nordeste,1998,6,25.493333333333332,27.873333333333335,23.733333333333334,43.5,19.823333333333334,16.106666666666666
Recife,Nordeste,1998,7,24.793548387096774,27.19677419354839,22.90967741935484,64.2,18.725806451612904,15.928064516129032
Recife,Nordeste,1998,8,24.574193548387097,27.17096774193548,22.54516129032258,66.1,19.26774193548387,17.816451612903226
Recife,Nordeste,1998,9,25.4,28.41,23.063333333333333,36.7,19.396666666666665,20.64
Recife,Nordeste,1998,10,26.270967741935483,29.509677419354837,23.845161290322583,24.4,18.906451612903226,22.356451612903225
Recife,Nordeste,1998,11,27.176666666666666,30.58,24.696666666666665,19.6,17.746666666666666,22.784333333333333
Recife,Nordeste,1998,12,27.406451612903226,30.69677419354839,24.990322580645163,26.4,18.580645161290324,22.381290322580647
Recife,Nordeste,1999,1,27.219354838709677,30.4,24.825806451612905,26.5,17.541935483870965,22.13806451612903
Recife,Nordeste,1999,2,27.45,30.614285714285717,24.982142857142858,34.8,18.45357142857143,22.4875
Recife,Nordeste,1999,3,27.24516129032258,30.42258064516129,24.76451612903226,54.2,17.206451612903226,21.65741935483871
Recife,Nordeste,1999,4,26.996666666666666,30.006666666666668,24.71333333333333,45.2,17.816666666666666,20.130333333333333
Recife,Nordeste,1999,5,25.780645161290323,28.438709677419357,23.60967741935484,71.8,17.096774193548388,17.48677419354839
Recife,Nordeste,1999,6,25.323333333333334,28.06,23.206666666666667,50.8,18.603333333333335,16.570666666666668
Recife,Nordeste,1999,7,24.33225806451613,26.809677419354838,22.35483870967742,76.4,21.39032258064516,16.536451612903225
Recife,Nordeste,1999,8,24.309677419354838,27.15806451612903,22.083870967741937,46.7,21.45483870967742,18.53774193548387
Recife,Nordeste,1999,9,25.09,27.896666666666665,22.88,33.8,19.8,20.111
Recife,Nordeste,1999,10,25.783870967741933,28.94516129032258,23.29032258064516,35.5,18.432258064516127,21.032258064516128
Recife,Nordeste,1999,11,26.83,30.153333333333332,24.216666666666665,23.9,17.55666666666667,22.426
Recife,Nordeste,1999,12,26.780645161290323,29.74516129032258,24.345161290322583,52.0,18.151612903225807,21.25483870967742
Recife,Nordeste,2000,1,26.76451612903226,29.806451612903224,24.348387096774193,46.5,16.596774193548388,21.958387096774196
Recife,Nordeste,2000,2,26.42413793103448,29.36551724137931,24.082758620689653,120.0,16.389655172413793,20.475517241379308
Recife,Nordeste,2000,3,26.874193548387098,29.864516129032257,24.519354838709678,63.6,16.677419354838708,21.406774193548387
Recife,Nordeste,2000,4,25.976666666666667,28.533333333333335,23.90666666666667,241.9,15.843333333333334,17.869666666666667
Recife,Nordeste,2000,5,25.570967741935487,28.032258064516128,23.59032258064516,86.8,17.19677419354839,16.608709677419355
Recife,Nordeste,2000,6,24.68,26.85,23.03666666666667,357.3,18.09,13.555
Recife,Nordeste,2000,7,23.893548387096775,26.04516129032258,22.212903225806453,213.9,18.396774193548385,13.300967741935484
Recife,Nordeste,2000,8,24.187096774193545,26.551612903225806,22.345161290322583,142.6,18.190322580645162,17.376129032258063
Recife,Nordeste,2000,9,24.486666666666668,26.876666666666665,22.543333333333333,87.6,17.363333333333333,18.292666666666666
Recife,Nordeste,2000,10,25.438709677419357,28.11935483870968,23.345161290322583,42.9,18.84193548387097,21.081290322580646
Recife,Nordeste,2000,11,26.456666666666667,29.706666666666667,23.94,23.9,17.476666666666667,22.24566666666667
Recife,Nordeste,2000,12,26.30322580645161,29.177419354838708,23.96451612903226,62.6,15.32258064516129,20.03806451612903
Recife,Nordeste,2001,1,26.783870967741933,29.748387096774195,24.406451612903226,32.8,18.103225806451615,22.33258064516129
Recife,Nordeste,2001,2,27.45357142857143,30.72142857142857,24.935714285714287,29.5,16.83214285714286,22.54714285714286
Recife,Nordeste,2001,3,26.70967741935484,29.738709677419354,24.33225806451613,60.5,16.164516129032258,21.133548387096774
Recife,Nordeste,2001,4,26.063333333333333,28.516666666666666,24.13,169.5,17.383333333333333,18.015
Recife,Nordeste,2001,5,26.08709677419355,28.770967741935483,23.851612903225806,44.0,14.983870967741936,17.883870967741935
Recife,Nordeste,2001,6,24.529999999999998,26.75,22.790000000000003,115.6,17.826666666666664,14.265333333333333
Recife,Nordeste,2001,7,24.14516129032258,26.48709677419355,22.31935483870968,88.3,18.654838709677417,16.109032258064516
Recife,Nordeste,2001,8,23.948387096774194,26.296774193548387,22.096774193548388,57.7,21.387096774193548,18.348064516129032
Recife,Nordeste,2001,9,25.066666666666666,27.91,22.873333333333335,30.5,18.509999999999998,20.620333333333335
Recife,Nordeste,2001,10,25.948387096774194,29.04516129032258,23.57741935483871,36.9,16.929032258064513,21.59161290322581
Recife,Nordeste,2001,11,26.60666666666667,29.87666666666667,24.043333333333333,27.9,17.263333333333332,22.235
Recife,Nordeste,2001,12,26.68064516129032,29.42258064516129,24.532258064516128,60.4,18.322580645161292,20.68290322580645
Recife,Nordeste,2002,1,25.993548387096773,28.612903225806452,23.91290322580645,109.8,15.880645161290323,18.59161290322581
Recife,Nordeste,2002,2,26.567857142857143,29.417857142857144,24.332142857142856,55.5,16.97142857142857,21.69464285714286
Recife,Nordeste,2002,3,26.687096774193545,29.53548387096774,24.47741935483871,81.7,16.92258064516129,20.893548387096775
Recife,Nordeste,2002,4,26.253333333333334,28.77,24.153333333333332,76.8,17.796666666666667,18.285
Recife,Nordeste,2002,5,25.796774193548387,28.138709677419353,23.961290322580645,94.5,17.31935483870968,16.113225806451613
Recife,Nordeste,2002,6,24.623333333333335,26.776666666666664,22.91,168.1,17.85666666666667,14.095333333333334
Recife,Nordeste,2002,7,24.351612903225806,26.638709677419353,22.47741935483871,105.9,17.480645161290322,15.422580645161291
Recife,Nordeste,2002,8,24.1,26.40967741935484,22.280645161290323,69.0,20.519354838709678,17.296451612903226
Recife,Nordeste,2002,9,25.013333333333332,27.996666666666666,22.563333333333333,29.900000000000002,18.02,20.476666666666667
Recife,Nordeste,2002,10,25.52258064516129,28.31935483870968,23.358064516129033,42.1,19.79032258064516,20.813225806451616
Recife,Nordeste,2002,11,26.25,29.316666666666666,23.98,25.3,18.1,21.142666666666667
Recife,Nordeste,2002,12,26.980645161290322,30.03548387096774,24.654838709677417,35.3,17.448387096774194,21.78258064516129
Recife,Nordeste,2003,1,27.15806451612903,30.477419354838712,24.64516129032258,68.6,16.16774193548387,21.044838709677418
Recife,Nordeste,2003,2,26.814285714285713,29.614285714285717,24.62857142857143,56.6,17.52857142857143,21.09107142857143
Recife,Nordeste,2003,3,26.693548387096776,29.574193548387097,24.55483870967742,131.5,15.787096774193548,19.449354838709677
Recife,Nordeste,2003,4,26.563333333333333,29.223333333333336,24.363333333333333,67.8,16.26,19.06433333333333
Recife,Nordeste,2003,5,26.04516129032258,28.570967741935487,23.96451612903226,69.4,15.754838709677419,17.174516129032256
Recife,Nordeste,2003,6,24.683333333333334,26.716666666666665,23.023333333333333,179.3,17.563333333333333,13.623666666666667
Recife,Nordeste,2003,7,24.283870967741933,26.567741935483873,22.44516129032258,65.3,19.883870967741935,16.42774193548387
Recife,Nordeste,2003,8,24.729032258064517,27.44193548387097,22.629032258064516,42.2,18.61935483870968,18.276129032258062
Recife,Nordeste,2003,9,25.146666666666665,28.026666666666664,22.956666666666667,39.3,19.759999999999998,20.362333333333332
Recife,Nordeste,2003,10,25.990322580645163,29.003225806451614,23.638709677419353,39.4,19.322580645161292,21.72258064516129
Recife,Nordeste,2003,11,26.94,30.23,24.473333333333336,20.1,17.746666666666666,22.854666666666667
Recife,Nordeste,2003,12,27.074193548387097,29.916129032258063,24.822580645161292,25.8,17.806451612903224,21.109354838709677
Recife,Nordeste,2004,1,26.4,29.129032258064516,24.35483870967742,184.9,15.138709677419355,17.090645161290322
Recife,Nordeste,2004,2,26.26551724137931,28.71034482758621,24.272413793103446,95.3,16.417241379310347,19.517586206896553
Recife,Nordeste,2004,3,26.84193548387097,29.480645161290322,24.674193548387095,53.199999999999996,16.783870967741933,21.19161290322581
Recife,Nordeste,2004,4,26.506666666666668,29.16,24.34333333333333,101.39999999999999,16.83,18.670666666666666
Recife,Nordeste,2004,5,25.54516129032258,27.748387096774195,23.73548387096774,98.0,14.961290322580645,15.049032258064516
Recife,Nordeste,2004,6,24.453333333333333,26.583333333333332,22.90666666666667,336.9,17.133333333333333,12.878333333333332
Recife,Nordeste,2004,7,23.932258064516127,26.129032258064516,22.22258064516129,161.9,17.816129032258065,13.74
Recife,Nordeste,2004,8,24.070967741935487,26.551612903225806,22.20967741935484,70.8,19.738709677419354,17.318064516129034
Recife,Nordeste,2004,9,24.44,26.91,22.496666666666666,56.2,21.256666666666668,19.538999999999998
Recife,Nordeste,2004,10,25.741935483870968,28.654838709677417,23.529032258064515,28.1,18.270967741935483,21.173548387096773
Recife,Nordeste,2004,11,26.55666666666667,29.746666666666666,24.136666666666667,15.5,18.596666666666668,21.890333333333334
Recife,Nordeste,2004,12,27.003225806451614,30.129032258064516,24.596774193548388,19.5,17.616129032258065,22.425806451612903
Recife,Nordeste,2005,1,27.583870967741937,30.848387096774193,25.17096774193548,22.0,16.9,22.35258064516129
Recife,Nordeste,2005,2,27.675,30.714285714285715,25.314285714285713,40.7,17.432142857142857,21.987142857142857
Recife,Nordeste,2005,3,27.748387096774195,30.84193548387097,25.32903225806452,65.7,16.15483870967742,21.19516129032258
Recife,Nordeste,2005,4,27.256666666666668,30.006666666666664,25.083333333333332,43.9,17.03,19.680333333333333
Recife,Nordeste,2005,5,25.76451612903226,28.22258064516129,23.87741935483871,196.5,16.393548387096775,15.92451612903226
Recife,Nordeste,2005,6,24.823333333333334,26.923333333333336,23.11,163.3,17.59333333333333,13.021666666666667
Recife,Nordeste,2005,7,24.4,26.806451612903224,22.54516129032258,55.3,18.95483870967742,16.77806451612903
Recife,Nordeste,2005,8,23.96451612903226,26.30322580645161,22.112903225806452,80.9,20.051612903225806,16.88
Recife,Nordeste,2005,9,25.026666666666664,27.773333333333333,22.863333333333333,36.5,19.59333333333333,20.391666666666666
Recife,Nordeste,2005,10,26.0,29.041935483870965,23.596774193548388,25.7,19.338709677419356,22.04290322580645
Recife,Nordeste,2005,11,26.803333333333335,29.976666666666667,24.39,17.8,18.116666666666667,22.297
Recife,Nordeste,2005,12,27.096774193548388,30.161290322580644,24.71935483870968,21.9,18.419354838709676,21.32451612903226
Recife,Nordeste,2006,1,26.825806451612905,29.835483870967742,24.532258064516128,32.0,19.10967741935484,22.047096774193548
Recife,Nordeste,2006,2,27.50714285714286,30.710714285714285,25.039285714285715,34.7,16.035714285714285,21.735714285714288
Recife,Nordeste,2006,3,27.370967741935484,30.51290322580645,24.84193548387097,56.2,15.69032258064516,21.306774193548385
Recife,Nordeste,2006,4,26.423333333333336,29.1,24.263333333333332,144.1,14.386666666666667,17.87933333333333
Recife,Nordeste,2006,5,25.5,27.687096774193545,23.67096774193548,194.0,17.258064516129032,15.566774193548387
Recife,Nordeste,2006,6,24.726666666666667,26.813333333333333,23.029999999999998,113.2,19.756666666666668,14.604333333333333
Recife,Nordeste,2006,7,24.31935483870968,26.580645161290324,22.519354838709678,74.6,19.483870967741936,15.792903225806452
Recife,Nordeste,2006,8,24.361290322580647,26.75483870967742,22.40967741935484,56.2,20.43548387096774,17.418064516129032
Recife,Nordeste,2006,9,25.009999999999998,27.763333333333332,22.886666666666667,37.2,19.08,20.25766666666667
Recife,Nordeste,2006,10,26.387096774193548,29.641935483870967,23.94516129032258,21.9,17.64516129032258,22.192903225806454
Recife,Nordeste,2006,11,26.596666666666668,29.796666666666667,24.14333333333333,31.4,17.766666666666666,21.865333333333336
Recife,Nordeste,2006,12,27.048387096774192,30.15806451612903,24.574193548387097,26.2,16.748387096774195,21.698064516129033
Recife,Nordeste,2007,1,27.312903225806455,30.48709677419355,24.919354838709676,34.3,17.129032258064516,22.111612903225808
Recife,Nordeste,2007,2,27.13214285714286,30.182142857142857,24.825,92.9,16.303571428571427,20.561785714285715
Recife,Nordeste,2007,3,26.6,29.358064516129033,24.4,62.4,17.448387096774194,20.84032258064516
Recife,Nordeste,2007,4,26.446666666666665,29.116666666666667,24.476666666666667,113.4,16.11,17.987666666666666
Recife,Nordeste,2007,5,25.677419354838708,28.08709677419355,23.683870967741935,69.0,16.751612903225805,16.55516129032258
Recife,Nordeste,2007,6,24.5,26.65,22.826666666666664,135.9,18.990000000000002,14.213
Recife,Nordeste,2007,7,24.116129032258065,26.448387096774194,22.23548387096774,67.1,17.94516129032258,15.7
Recife,Nordeste,2007,8,23.851612903225806,26.18064516129032,22.05483870967742,81.6,22.193548387096776,17.136451612903226
Recife,Nordeste,2007,9,24.12,26.48,22.25,61.6,22.373333333333335,19.105666666666664
Recife,Nordeste,2007,10,25.416129032258063,28.40967741935484,23.23225806451613,22.6,20.016129032258064,21.27
Recife,Nordeste,2007,11,26.263333333333332,29.38,23.886666666666667,22.1,18.71333333333333,21.592333333333332
Recife,Nordeste,2007,12,26.5,29.4741935483871,24.13225806451613,40.4,17.458064516129035,21.493225806451612
Recife,Nordeste,2008,1,26.719354838709677,29.706451612903226,24.40967741935484,47.2,16.996774193548386,21.085483870967742
Recife,Nordeste,2008,2,27.655172413793103,31.089655172413792,25.02758620689655,19.9,17.006896551724136,23.474137931034484
Recife,Nordeste,2008,3,26.67096774193548,29.783870967741933,24.345161290322583,166.8,13.870967741935484,19.413870967741936
Recife,Nordeste,2008,4,26.096666666666668,28.793333333333333,23.866666666666667,109.39999999999999,13.753333333333334,18.788666666666664
Recife,Nordeste,2008,5,25.496774193548386,27.92258064516129,23.61935483870968,137.7,16.45483870967742,15.945483870967742
Recife,Nordeste,2008,6,24.60666666666667,26.863333333333333,22.82,103.3,20.416666666666668,14.981666666666666
Recife,Nordeste,2008,7,23.806451612903224,25.822580645161292,22.338709677419356,176.6,21.096774193548388,14.049354838709677
Recife,Nordeste,2008,8,23.929032258064513,26.283870967741933,22.116129032258065,121.8,19.751612903225805,16.510645161290324
Recife,Nordeste,2008,9,25.0,27.61,23.07,32.8,20.756666666666668,20.014333333333333
Recife,Nordeste,2008,10,25.738709677419354,28.53548387096774,23.651612903225807,32.7,21.009677419354837,21.338387096774195
Recife,Nordeste,2008,11,26.740000000000002,29.876666666666665,24.373333333333335,10.5,17.916666666666668,21.721333333333334
Recife,Nordeste,2008,12,26.9741935483871,30.22258064516129,24.53548387096774,16.3,16.970967741935485,21.74258064516129
Recife,Nordeste,2009,1,26.996774193548386,30.1,24.6,48.1,17.283870967741933,21.73741935483871
Recife,Nordeste,2009,2,26.45357142857143,29.210714285714285,24.235714285714288,109.2,15.721428571428572,19.923214285714288
Recife,Nordeste,2009,3,26.812903225806455,29.66774193548387,24.43548387096774,71.3,14.364516129032259,20.70935483870968
Recife,Nordeste,2009,4,26.423333333333336,29.14,24.203333333333333,126.39999999999999,13.263333333333332,17.416333333333334
Recife,Nordeste,2009,5,25.448387096774194,27.835483870967742,23.70967741935484,256.0,13.583870967741936,14.062903225806451
Recife,Nordeste,2009,6,25.17,27.470000000000002,23.326666666666664,118.6,16.8,15.43
Recife,Nordeste,2009,7,24.261290322580646,26.506451612903227,22.46451612903226,133.7,16.68064516129032,14.542903225806452
Recife,Nordeste,2009,8,24.4741935483871,26.919354838709676,22.52258064516129,72.9,18.37741935483871,17.958709677419357
Recife,Nordeste,2009,9,25.203333333333333,27.95,23.006666666666668,35.2,17.62,19.681333333333335
Recife,Nordeste,2009,10,26.483870967741936,29.89032258064516,23.80322580645161,15.4,17.174193548387095,22.065806451612904
Recife,Nordeste,2009,11,26.69,29.82,24.346666666666668,20.0,18.153333333333332,21.663
Recife,Nordeste,2009,12,27.106451612903225,30.051612903225806,24.806451612903224,35.5,16.812903225806455,20.726129032258065
Recife,Nordeste,2010,1,26.496774193548386,29.200000000000003,24.229032258064517,75.1,15.970967741935485,19.374193548387098
Recife,Nordeste,2010,2,27.339285714285715,29.939285714285713,25.239285714285717,55.1,16.657142857142855,20.379285714285714
Recife,Nordeste,2010,3,28.106451612903225,31.429032258064513,25.5,42.6,15.829032258064515,21.649354838709677
Recife,Nordeste,2010,4,27.11,29.773333333333333,25.10666666666667,86.4,16.45,18.047666666666665
Recife,Nordeste,2010,5,26.712903225806453,29.39032258064516,24.67096774193548,69.6,16.474193548387095,16.84935483870968
Recife,Nordeste,2010,6,25.31,27.65666666666667,23.53666666666667,140.9,18.743333333333332,14.736666666666668
Recife,Nordeste,2010,7,24.596774193548388,26.677419354838708,22.94516129032258,101.5,20.86774193548387,14.66483870967742
Recife,Nordeste,2010,8,24.080645161290324,26.438709677419357,22.174193548387095,61.2,22.287096774193547,17.34193548387097
Recife,Nordeste,2010,9,24.756666666666668,27.396666666666665,22.676666666666666,45.9,21.986666666666668,19.954666666666665
Recife,Nordeste,2010,10,26.53548387096774,29.76451612903226,24.193548387096776,11.9,18.141935483870967,21.17806451612903
Recife,Nordeste,2010,11,26.80666666666667,30.003333333333334,24.33,16.3,18.016666666666666,22.076999999999998
Recife,Nordeste,2010,12,26.887096774193548,29.864516129032257,24.529032258064515,30.0,17.506451612903227,20.47290322580645
Recife,Nordeste,2011,1,26.551612903225806,29.461290322580645,24.23548387096774,79.3,16.261290322580646,20.219032258064516
Recife,Nordeste,2011,2,26.667857142857144,29.464285714285715,24.396428571428572,67.4,16.839285714285715,21.767857142857142
Recife,Nordeste,2011,3,27.361290322580647,30.67096774193548,24.60967741935484,57.3,14.887096774193548,22.228387096774195
Recife,Nordeste,2011,4,26.16,28.733333333333334,24.209999999999997,241.3,15.526666666666667,15.824666666666667
Recife,Nordeste,2011,5,25.225806451612904,27.374193548387098,23.683870967741935,231.4,17.448387096774194,13.063870967741936
Recife,Nordeste,2011,6,24.753333333333334,26.95,23.103333333333335,134.7,18.636666666666667,13.708666666666666
Recife,Nordeste,2011,7,24.15806451612903,26.248387096774195,22.56451612903226,295.6,20.37741935483871,13.748709677419354
Recife,Nordeste,2011,8,24.287096774193547,26.538709677419355,22.416129032258063,90.0,19.780645161290323,16.48741935483871
Recife,Nordeste,2011,9,24.490000000000002,26.95,22.613333333333333,42.4,23.013333333333332,19.188333333333333
Recife,Nordeste,2011,10,25.674193548387095,28.529032258064515,23.35483870967742,35.300000000000004,17.812903225806455,20.307741935483868
Recife,Nordeste,2011,11,26.016666666666666,28.82,23.6,44.1,17.716666666666665,21.537
Recife,Nordeste,2011,12,26.612903225806452,29.751612903225805,24.164516129032258,26.5,17.690322580645162,22.019354838709678
Recife,Nordeste,2012,1,26.26774193548387,29.05806451612903,24.061290322580643,75.0,17.20967741935484,20.25774193548387
Recife,Nordeste,2012,2,26.324137931034482,28.979310344827585,24.186206896551724,63.6,18.24137931034483,21.312758620689657
Recife,Nordeste,2012,3,26.66774193548387,29.496774193548386,24.480645161290322,54.8,17.929032258064513,20.75225806451613
Recife,Nordeste,2012,4,26.596666666666668,29.58,24.30666666666667,36.300000000000004,17.603333333333335,19.83533333333333
Recife,Nordeste,2012,5,25.96451612903226,28.629032258064516,23.951612903225808,70.4,17.480645161290322,17.088064516129034
Recife,Nordeste,2012,6,24.783333333333335,27.13,22.95,95.4,17.593333333333337,15.177666666666665
Recife,Nordeste,2012,7,24.061290322580643,26.274193548387096,22.312903225806455,75.9,19.838709677419356,15.145806451612902
Recife,Nordeste,2012,8,23.716129032258067,26.14516129032258,21.74516129032258,54.1,22.43548387096774,17.278709677419354
Recife,Nordeste,2012,9,24.973333333333336,27.78666666666667,22.846666666666668,19.6,21.153333333333332,19.574
Recife,Nordeste,2012,10,25.419354838709676,28.270967741935483,23.23548387096774,24.700000000000003,20.261290322580646,20.147096774193546
Recife,Nordeste,2012,11,26.68,30.14,24.126666666666665,12.0,17.386666666666667,22.47233333333333
Recife,Nordeste,2012,12,26.73225806451613,29.85483870967742,24.358064516129033,22.599999999999998,17.103225806451615,21.324516129032258
Recife,Nordeste,2013,1,27.20967741935484,30.258064516129032,24.864516129032257,26.6,17.351612903225806,21.205161290322582
Recife,Nordeste,2013,2,27.539285714285715,30.539285714285715,25.264285714285712,28.1,19.27857142857143,21.915714285714284
Recife,Nordeste,2013,3,27.770967741935483,30.799999999999997,25.41290322580645,26.9,17.080645161290324,21.146129032258063
Recife,Nordeste,2013,4,27.076666666666664,30.073333333333334,24.753333333333334,85.5,15.93,19.285
Recife,Nordeste,2013,5,25.74516129032258,28.096774193548388,23.741935483870968,95.1,16.329032258064515,16.081290322580646
Recife,Nordeste,2013,6,24.863333333333333,27.296666666666667,22.990000000000002,102.3,16.86,15.122000000000002
Recife,Nordeste,2013,7,24.31935483870968,26.567741935483873,22.54516129032258,440.6,17.845161290322583,14.329032258064515
Recife,Nordeste,2013,8,24.287096774193547,26.55806451612903,22.4741935483871,172.29999999999998,19.10967741935484,16.861612903225808
Recife,Nordeste,2013,9,24.746666666666666,27.14333333333333,22.89,51.4,19.636666666666667,19.10033333333333
Recife,Nordeste,2013,10,25.541935483870965,28.299999999999997,23.345161290322583,45.8,18.36774193548387,21.159354838709678
Recife,Nordeste,2013,11,25.863333333333333,28.493333333333332,23.81,38.0,18.186666666666667,20.12366666666667
Recife,Nordeste,2013,12,26.55483870967742,29.416129032258063,24.238709677419354,42.6,16.91290322580645,20.786774193548386
Recife,Nordeste,2014,1,26.719354838709677,29.593548387096774,24.36774193548387,44.8,17.677419354838708,21.570967741935487
Recife,Nordeste,2014,2,26.646428571428572,29.539285714285715,24.264285714285712,47.6,16.29285714285714,20.955000000000002
Recife,Nordeste,2014,3,26.990322580645163,29.929032258064513,24.55806451612903,55.5,16.335483870967742,21.08451612903226
Recife,Nordeste,2014,4,27.176666666666666,30.2,24.71333333333333,64.5,15.103333333333333,19.473000000000003
Recife,Nordeste,2014,5,25.64516129032258,28.04516129032258,23.76451612903226,160.0,16.635483870967743,15.716774193548387
Recife,Nordeste,2014,6,25.040000000000003,27.313333333333333,23.233333333333334,104.3,19.006666666666668,15.175666666666666
Recife,Nordeste,2014,7,24.5,26.651612903225807,22.806451612903224,99.6,19.970967741935485,15.456451612903225
Recife,Nordeste,2014,8,24.138709677419353,26.567741935483873,22.16774193548387,56.7,20.14516129032258,17.33709677419355
Recife,Nordeste,2014,9,24.353333333333335,26.82,22.36,93.2,18.876666666666665,18.389
Recife,Nordeste,2014,10,25.216129032258067,27.787096774193547,23.23225806451613,63.5,20.38064516129032,20.831935483870968
Recife,Nordeste,2014,11,26.28666666666667,29.290000000000003,23.959999999999997,20.9,17.11,20.798333333333336
Recife,Nordeste,2014,12,26.335483870967742,29.177419354838708,24.019354838709678,37.5,17.509677419354837,20.410645161290322
Recife,Nordeste,2015,1,26.91290322580645,30.032258064516128,24.52258064516129,31.1,17.98709677419355,22.16032258064516
Recife,Nordeste,2015,2,27.157142857142855,30.310714285714287,24.764285714285712,58.4,17.160714285714285,21.541071428571428
Recife,Nordeste,2015,3,26.758064516129032,29.493548387096773,24.59032258064516,103.2,16.151612903225807,20.38258064516129
Recife,Nordeste,2015,4,27.623333333333335,30.959999999999997,24.913333333333334,22.2,15.396666666666667,20.996
Recife,Nordeste,2015,5,26.48709677419355,29.219354838709677,24.33225806451613,71.9,16.27741935483871,17.052258064516128
Recife,Nordeste,2015,6,25.163333333333334,27.633333333333333,23.21333333333333,105.8,17.34,15.057666666666668
Recife,Nordeste,2015,7,24.40967741935484,26.516129032258064,22.787096774193547,116.1,18.509677419354837,14.524516129032257
Recife,Nordeste,2015,8,24.23225806451613,26.56451612903226,22.335483870967742,57.3,20.283870967741933,17.325806451612905
Recife,Nordeste,2015,9,25.41,28.220000000000002,23.206666666666667,25.7,18.06,19.61466666666667
Recife,Nordeste,2015,10,26.225806451612904,29.403225806451612,23.88064516129032,14.8,19.4,21.325161290322583
Recife,Nordeste,2015,11,26.976666666666667,30.543333333333333,24.403333333333332,10.7,18.063333333333333,23.198
Recife,Nordeste,2015,12,26.86774193548387,29.916129032258063,24.700000000000003,57.5,17.596774193548388,20.751935483870966
Recife,Nordeste,2016,1,26.69677419354839,29.4741935483871,24.60967741935484,86.1,14.98709677419355,18.217741935483872
Recife,Nordeste,2016,2,26.951724137931034,29.74827586206897,24.82758620689655,79.5,18.137931034482758,20.81344827586207
Recife,Nordeste,2016,3,26.97741935483871,29.629032258064516,24.874193548387098,119.0,16.55483870967742,20.126129032258063
Recife,Nordeste,2016,4,26.740000000000002,29.08,24.92,88.1,18.14,17.413999999999998
Recife,Nordeste,2016,5,25.835483870967742,28.225806451612904,23.938709677419357,222.3,16.267741935483873,15.960967741935484
Recife,Nordeste,2016,6,25.236666666666668,27.65,23.326666666666664,64.7,17.433333333333334,16.206333333333333
Recife,Nordeste,2016,7,24.51290322580645,26.79032258064516,22.635483870967743,49.0,20.016129032258064,15.796451612903226
Recife,Nordeste,2016,8,25.01290322580645,27.70967741935484,22.883870967741935,25.6,20.238709677419354,17.470322580645163
Recife,Nordeste,2016,9,25.506666666666668,28.446666666666665,23.326666666666664,31.5,19.28666666666667,20.43433333333333
Recife,Nordeste,2016,10,26.506451612903227,29.661290322580644,24.15806451612903,18.2,20.519354838709678,21.58967741935484
Recife,Nordeste,2016,11,26.826666666666664,29.916666666666668,24.603333333333335,18.5,18.759999999999998,21.501666666666665
Recife,Nordeste,2016,12,27.261290322580646,30.358064516129033,25.11935483870968,21.2,18.387096774193548,21.27064516129032
Recife,Nordeste,2017,1,26.983870967741936,29.299999999999997,25.187096774193545,62.6,20.06451612903226,22.618387096774192
Recife,Nordeste,2017,2,27.217857142857145,29.514285714285712,25.307142857142857,58.2,19.62857142857143,23.013571428571428
Recife,Nordeste,2017,3,26.851612903225806,28.996774193548386,24.980645161290322,114.9,18.096774193548388,20.695806451612906
Recife,Nordeste,2017,4,26.666666666666668,28.946666666666665,24.706666666666667,154.7,18.48,19.206333333333337
Recife,Nordeste,2017,5,25.858064516129033,27.822580645161292,24.270967741935483,282.2,17.070967741935487,15.349354838709678
Recife,Nordeste,2017,6,25.19333333333333,27.21333333333333,23.626666666666665,318.5,21.373333333333335,14.523666666666665
Recife,Nordeste,2017,7,24.138709677419353,25.938709677419357,22.806451612903224,281.1,27.09032258064516,12.736451612903226
Recife,Nordeste,2017,8,24.299999999999997,26.38064516129032,22.503225806451614,126.0,20.40967741935484,17.938709677419357
Recife,Nordeste,2017,9,24.623333333333335,26.703333333333333,23.09,97.9,24.546666666666667,19.838666666666665
Recife,Nordeste,2017,10,25.509677419354837,27.519354838709678,23.9,72.5,21.629032258064516,21.108709677419355
Recife,Nordeste,2017,11,26.28666666666667,28.596666666666668,24.396666666666665,46.7,19.293333333333333,22.46833333333333
Recife,Nordeste,2017,12,26.809677419354838,29.1,25.032258064516128,55.8,19.72258064516129,22.160967741935483
Recife,Nordeste,2018,1,26.496774193548386,28.629032258064516,24.799999999999997,115.7,19.351612903225806,21.00483870967742
Recife,Nordeste,2018,2,26.514285714285712,28.560714285714287,24.717857142857145,139.8,18.439285714285713,21.038928571428574
Recife,Nordeste,2018,3,26.700000000000003,28.864516129032257,24.77741935483871,127.2,16.87741935483871,20.433548387096774
Recife,Nordeste,2018,4,25.666666666666668,27.726666666666667,24.013333333333332,268.8,17.32,16.631
Recife,Nordeste,2018,5,25.57741935483871,27.70967741935484,23.719354838709677,150.1,20.41290322580645,16.67322580645161
Recife,Nordeste,2018,6,25.040000000000003,27.209999999999997,23.240000000000002,103.5,21.026666666666664,16.221333333333334
Recife,Nordeste,2018,7,24.44193548387097,26.541935483870965,22.799999999999997,108.3,22.280645161290323,16.568709677419356
Recife,Nordeste,2018,8,24.55806451612903,26.519354838709678,23.061290322580643,84.8,21.35483870967742,18.81677419354839
Recife,Nordeste,2018,9,24.896666666666665,26.91,23.313333333333333,74.7,22.123333333333335,20.680999999999997
Recife,Nordeste,2018,10,25.793548387096774,28.006451612903227,24.03548387096774,57.6,19.822580645161292,21.61064516129032
Recife,Nordeste,2018,11,26.15,28.21333333333333,24.433333333333334,111.0,21.096666666666668,21.166999999999998
Recife,Nordeste,2018,12,26.448387096774194,28.66774193548387,24.57741935483871,70.9,19.809677419354838,22.080967741935485
Recife,Nordeste,2019,1,26.5,28.661290322580644,24.654838709677417,114.3,20.429032258064513,20.871935483870967
Recife,Nordeste,2019,2,26.860714285714288,28.907142857142855,24.964285714285715,119.7,17.16785714285714,21.197499999999998
Recife,Nordeste,2019,3,26.93548387096774,29.261290322580646,24.87741935483871,136.6,17.570967741935487,20.7041935483871
Recife,Nordeste,2019,4,26.84333333333333,28.970000000000002,24.8,121.3,15.976666666666667,19.42233333333333
Recife,Nordeste,2019,5,26.4741935483871,28.625806451612902,24.53548387096774,125.7,16.9,17.290967741935482
Recife,Nordeste,2019,6,25.473333333333336,27.55666666666667,23.58,284.2,20.709999999999997,15.352666666666666
Recife,Nordeste,2019,7,24.46451612903226,26.574193548387097,22.68064516129032,229.0,20.103225806451615,15.583225806451612
Recife,Nordeste,2019,8,24.480645161290322,26.493548387096773,22.87741935483871,109.7,22.712903225806453,17.780967741935484
Recife,Nordeste,2019,9,24.883333333333333,26.873333333333335,23.34,82.4,20.366666666666667,20.347666666666665
Recife,Nordeste,2019,10,25.396774193548385,27.596774193548388,23.448387096774194,71.5,19.806451612903224,22.567741935483873
Recife,Nordeste,2019,11,26.676666666666666,29.203333333333333,24.603333333333335,28.4,18.83,24.320666666666668
Recife,Nordeste,2019,12,27.080645161290324,29.538709677419355,25.032258064516128,40.6,18.796774193548387,23.739677419354837
Recife,Nordeste,2020,1,27.570967741935487,30.03548387096774,25.5258064516129,45.4,17.654838709677417,22.628064516129033
Recife,Nordeste,2020,2,27.52758620689655,29.903448275862072,25.33103448275862,106.9,17.21034482758621,23.029310344827586
Recife,Nordeste,2020,3,27.548387096774192,30.103225806451615,25.190322580645162,101.2,15.725806451612904,21.44709677419355
Recife,Nordeste,2020,4,26.966666666666665,29.14333333333333,25.02,130.5,15.889999999999999,19.752
Recife,Nordeste,2020,5,26.238709677419354,28.261290322580646,24.541935483870965,226.8,17.212903225806453,16.69516129032258
Recife,Nordeste,2020,6,25.366666666666667,27.456666666666667,23.60666666666667,186.6,20.3,16.007333333333335
Recife,Nordeste,2020,7,24.47741935483871,26.677419354838708,22.54516129032258,142.6,21.280645161290323,16.425806451612903
Recife,Nordeste,2020,8,24.44516129032258,26.751612903225805,22.432258064516127,76.8,22.63225806451613,19.870967741935484
Recife,Nordeste,2020,9,24.80666666666667,27.173333333333336,22.759999999999998,66.5,20.94,20.673
Recife,Nordeste,2020,10,25.96451612903226,28.370967741935484,23.86774193548387,57.2,19.55483870967742,22.66290322580645
Recife,Nordeste,2020,11,26.516666666666666,28.916666666666668,24.573333333333334,67.1,20.063333333333333,23.287333333333333
Recife,Nordeste,2020,12,26.538709677419355,28.896774193548385,24.519354838709678,69.2,19.509677419354837,22.668387096774193
Recife,Nordeste,2021,1,26.68064516129032,29.096774193548388,24.687096774193545,59.6,18.364516129032257,22.078064516129032
Recife,Nordeste,2021,2,27.02857142857143,29.478571428571428,24.95357142857143,61.9,17.74642857142857,23.176071428571426
Recife,Nordeste,2021,3,26.56451612903226,28.919354838709676,24.45483870967742,95.4,17.661290322580644,21.91516129032258
Recife,Nordeste,2021,4,26.279999999999998,28.44333333333333,24.34333333333333,120.1,17.346666666666668,19.553333333333335
Recife,Nordeste,2021,5,25.438709677419357,27.580645161290324,23.629032258064516,164.2,18.55483870967742,16.53806451612903
Recife,Nordeste,2021,6,24.516666666666666,26.966666666666665,22.470000000000002,128.6,20.173333333333336,16.209333333333333
Recife,Nordeste,2021,7,24.529032258064515,26.61935483870968,22.738709677419354,110.8,20.299999999999997,16.190322580645162
Recife,Nordeste,2021,8,24.038709677419355,25.996774193548386,22.419354838709676,161.9,23.56451612903226,16.940645161290323
Recife,Nordeste,2021,9,25.14,27.279999999999998,23.276666666666664,98.3,21.06,20.616333333333333
Recife,Nordeste,2021,10,26.093548387096774,28.322580645161292,24.07741935483871,70.8,19.4,23.013870967741934
Recife,Nordeste,2021,11,27.123333333333335,29.566666666666666,24.87,62.9,19.746666666666666,24.618333333333332
Recife,Nordeste,2021,12,26.81935483870968,29.216129032258067,24.516129032258064,97.8,19.151612903225807,22.588709677419356
Recife,Nordeste,2022,1,26.419354838709676,28.87741935483871,24.116129032258065,161.1,16.906451612903226,22.71451612903226
Recife,Nordeste,2022,2,27.17142857142857,29.635714285714283,24.732142857142858,41.6,17.210714285714285,25.282142857142855
Recife,Nordeste,2022,3,26.283870967741933,28.693548387096776,24.15806451612903,192.5,18.080645161290324,21.70258064516129
Recife,Nordeste,2022,4,26.303333333333335,28.826666666666664,23.84,119.4,17.633333333333333,21.247
Recife,Nordeste,2022,5,25.461290322580645,27.661290322580644,23.567741935483873,437.4,19.051612903225806,15.348709677419356
Recife,Nordeste,2022,6,24.436666666666667,26.87,22.333333333333332,254.20000000000002,19.2,15.937666666666667
Recife,Nordeste,2022,7,24.358064516129033,26.529032258064515,22.541935483870965,214.3,22.648387096774194,16.039032258064516
Recife,Nordeste,2022,8,24.164516129032258,26.55806451612903,22.093548387096774,183.6,22.629032258064516,19.05483870967742
Recife,Nordeste,2022,9,24.756666666666668,27.153333333333332,22.553333333333335,59.0,20.323333333333334,21.146666666666665
Recife,Nordeste,2022,10,25.73548387096774,28.103225806451615,23.677419354838708,67.2,20.541935483870965,22.940645161290323
Recife,Nordeste,2022,11,26.37,28.92,23.970000000000002,63.7,17.53666666666667,23.43166666666667
Recife,Nordeste,2022,12,26.641935483870967,29.17096774193548,24.23548387096774,64.8,18.551612903225806,24.218064516129033
Recife,Nordeste,2023,1,26.51290322580645,28.90967741935484,24.177419354838708,80.3,16.970967741935485,24.112903225806452
Recife,Nordeste,2023,2,26.789285714285715,29.146428571428572,24.52857142857143,99.5,18.707142857142856,23.240714285714287
Recife,Nordeste,2023,3,26.567741935483873,29.067741935483873,24.20967741935484,115.3,18.006451612903227,22.048709677419353
Recife,Nordeste,2023,4,26.413333333333334,28.846666666666668,24.073333333333334,96.9,16.66,20.794
Recife,Nordeste,2023,5,26.151612903225807,28.529032258064515,23.896774193548385,125.5,16.990322580645163,18.325161290322583
Recife,Nordeste,2023,6,25.023333333333333,27.066666666666666,23.253333333333334,277.8,19.68,14.804333333333334
Recife,Nordeste,2023,7,24.574193548387097,26.845161290322583,22.54516129032258,120.7,20.687096774193545,17.51483870967742
Recife,Nordeste,2023,8,24.774193548387096,27.138709677419353,22.64516129032258,117.9,19.44193548387097,19.586129032258064
Recife,Nordeste,2023,9,25.136666666666667,27.42,23.09333333333333,108.4,20.923333333333336,20.96966666666667
Recife,Nordeste,2023,10,25.990322580645163,28.700000000000003,23.58709677419355,60.8,19.65806451612903,24.288709677419355
Recife,Nordeste,2023,11,26.983333333333334,29.576666666666664,24.66,58.4,19.423333333333336,24.362333333333332
Recife,Nordeste,2023,12,26.761290322580646,29.26774193548387,24.496774193548386,136.4,17.990322580645163,22.888387096774192
Recife,Nordeste,2024,1,27.538709677419355,30.425806451612903,24.712903225806453,41.9,17.874193548387098,24.649677419354838
Recife,Nordeste,2024,2,27.45862068965517,30.07586206896552,25.110344827586207,143.9,18.36896551724138,23.067586206896554
Recife,Nordeste,2024,3,27.538709677419355,30.164516129032258,25.15806451612903,124.2,17.36774193548387,23.08225806451613
Recife,Nordeste,2024,4,27.086666666666666,29.6,24.709999999999997,129.2,16.523333333333333,20.669666666666668
Recife,Nordeste,2024,5,26.280645161290323,28.506451612903227,24.17096774193548,120.1,18.967741935483872,17.52225806451613
Recife,Nordeste,2024,6,25.296666666666667,27.733333333333334,23.176666666666666,196.8,20.39,16.798666666666666
Recife,Nordeste,2024,7,24.56451612903226,26.851612903225806,22.638709677419353,154.4,22.770967741935483,17.335806451612903
Recife,Nordeste,2024,8,24.496774193548386,26.92258064516129,22.358064516129033,89.3,22.73225806451613,20.719032258064516
Recife,Nordeste,2024,9,24.759999999999998,27.126666666666665,22.696666666666665,72.7,22.106666666666666,21.770666666666667
Recife,Nordeste,2024,10,26.06451612903226,28.683870967741935,23.703225806451613,34.8,18.548387096774192,23.964193548387097
Recife,Nordeste,2024,11,26.71333333333333,29.37,24.509999999999998,46.8,18.209999999999997,24.500333333333334
Recife,Nordeste,2024,12,26.906451612903226,29.41290322580645,24.68064516129032,75.3,16.903225806451612,24.081612903225807
Rio de Janeiro,Sudeste,1980,1,25.05806451612903,28.770967741935483,22.177419354838708,267.09999999999997,11.33548387096774,19.470000000000002
Rio de Janeiro,Sudeste,1980,2,26.25862068965517,30.28620689655172,22.975862068965515,201.6,11.196551724137931,21.526206896551724
Rio de Janeiro,Sudeste,1980,3,27.403225806451612,32.39677419354839,23.280645161290323,96.5,10.13225806451613,22.37516129032258
Rio de Janeiro,Sudeste,1980,4,24.19333333333333,27.553333333333335,21.55,105.6,9.066666666666666,14.495333333333333
Rio de Janeiro,Sudeste,1980,5,22.983870967741936,27.06451612903226,19.79032258064516,65.1,8.325806451612904,13.385483870967741
Rio de Janeiro,Sudeste,1980,6,20.240000000000002,24.433333333333334,16.836666666666666,56.0,9.479999999999999,11.733666666666666
Rio de Janeiro,Sudeste,1980,7,20.44516129032258,24.925806451612903,17.051612903225806,51.0,10.87741935483871,12.004516129032258
Rio de Janeiro,Sudeste,1980,8,21.532258064516128,25.925806451612903,18.26451612903226,71.3,11.025806451612903,14.543870967741936
Rio de Janeiro,Sudeste,1980,9,20.64333333333333,24.483333333333334,17.426666666666666,120.6,11.246666666666666,13.854666666666667
Rio de Janeiro,Sudeste,1980,10,22.770967741935483,27.07741935483871,19.345161290322583,130.3,11.812903225806451,17.429032258064513
Rio de Janeiro,Sudeste,1980,11,23.186666666666667,26.90666666666667,20.07,208.4,12.7,18.691666666666666
Rio de Janeiro,Sudeste,1980,12,26.02258064516129,30.093548387096774,22.948387096774194,290.0,10.64516129032258,22.13290322580645
Rio de Janeiro,Sudeste,1981,1,25.9741935483871,29.68064516129032,23.164516129032258,365.7,10.62258064516129,20.41774193548387
Rio de Janeiro,Sudeste,1981,2,26.478571428571428,30.678571428571427,22.92142857142857,122.9,10.060714285714285,23.535357142857144
Rio de Janeiro,Sudeste,1981,3,25.229032258064517,28.758064516129032,22.60967741935484,227.3,10.206451612903225,17.29806451612903
Rio de Janeiro,Sudeste,1981,4,22.68,26.336666666666666,19.779999999999998,99.3,9.996666666666666,15.791333333333334
Rio de Janeiro,Sudeste,1981,5,22.1,25.848387096774193,19.154838709677417,58.300000000000004,8.683870967741935,13.544193548387097
Rio de Janeiro,Sudeste,1981,6,19.84,23.94,16.62333333333333,44.9,9.403333333333334,11.404666666666666
Rio de Janeiro,Sudeste,1981,7,18.89032258064516,22.89032258064516,15.706451612903225,65.5,9.841935483870968,11.676774193548388
Rio de Janeiro,Sudeste,1981,8,20.419354838709676,24.73548387096774,17.116129032258065,77.4,10.696774193548388,13.952258064516128
Rio de Janeiro,Sudeste,1981,9,22.663333333333334,28.206666666666667,18.55,37.400000000000006,12.073333333333332,17.929
Rio de Janeiro,Sudeste,1981,10,21.59032258064516,25.1,18.874193548387098,164.29999999999998,11.932258064516128,14.2
Rio de Janeiro,Sudeste,1981,11,24.316666666666666,28.196666666666665,21.34,277.0,11.06,18.712333333333333
Rio de Janeiro,Sudeste,1981,12,24.92258064516129,28.574193548387097,21.89032258064516,302.0,11.551612903225807,18.647096774193546
Rio de Janeiro,Sudeste,1982,1,24.141935483870967,27.274193548387096,21.60967741935484,351.2,10.993548387096775,16.88806451612903
Rio de Janeiro,Sudeste,1982,2,26.25714285714286,30.785714285714285,22.63214285714286,169.2,10.578571428571427,22.52607142857143
Rio de Janeiro,Sudeste,1982,3,24.34193548387097,27.325806451612905,22.287096774193547,335.6,9.403225806451612,14.653548387096773
Rio de Janeiro,Sudeste,1982,4,21.736666666666668,24.75,19.386666666666667,133.3,10.356666666666666,14.534666666666668
Rio de Janeiro,Sudeste,1982,5,20.625806451612902,24.322580645161292,17.758064516129032,58.7,9.19032258064516,12.888387096774194
Rio de Janeiro,Sudeste,1982,6,21.779999999999998,26.11,18.703333333333333,33.1,8.620000000000001,11.53
Rio de Janeiro,Sudeste,1982,7,20.799999999999997,25.083870967741937,17.529032258064515,43.5,9.641935483870967,12.105161290322581
Rio de Janeiro,Sudeste,1982,8,21.461290322580645,25.870967741935484,18.1,95.0,10.66451612903226,14.62483870967742
Rio de Janeiro,Sudeste,1982,9,21.243333333333332,25.56,17.75,55.6,12.746666666666666,16.505
Rio de Janeiro,Sudeste,1982,10,23.074193548387097,27.616129032258065,19.570967741935487,128.7,12.8,17.568387096774195
Rio de Janeiro,Sudeste,1982,11,25.866666666666667,30.3,22.453333333333333,154.6,11.723333333333333,19.796
Rio de Janeiro,Sudeste,1982,12,24.529032258064515,27.793548387096774,21.9741935483871,297.9,10.774193548387096,14.72967741935484
Rio de Janeiro,Sudeste,1983,1,25.85483870967742,29.467741935483872,23.190322580645162,387.6,10.609677419354838,18.839354838709678
Rio de Janeiro,Sudeste,1983,2,26.72142857142857,30.760714285714283,23.525000000000002,177.29999999999998,9.275,20.653214285714284
Rio de Janeiro,Sudeste,1983,3,25.451612903225808,28.88064516129032,22.774193548387096,303.7,10.870967741935484,16.326451612903227
Rio de Janeiro,Sudeste,1983,4,23.773333333333333,27.403333333333332,21.086666666666666,187.0,9.816666666666666,14.639333333333333
Rio de Janeiro,Sudeste,1983,5,23.16774193548387,26.864516129032257,20.432258064516127,116.4,10.503225806451614,12.039354838709679
Rio de Janeiro,Sudeste,1983,6,20.92,24.116666666666667,18.52,69.3,8.533333333333333,8.935333333333334
Rio de Janeiro,Sudeste,1983,7,20.641935483870967,25.074193548387097,17.47741935483871,69.10000000000001,10.483870967741936,12.305806451612904
Rio de Janeiro,Sudeste,1983,8,19.98709677419355,24.432258064516127,16.580645161290324,38.3,11.209677419354838,14.923548387096774
Rio de Janeiro,Sudeste,1983,9,20.476666666666667,23.263333333333332,18.336666666666666,260.90000000000003,10.836666666666668,10.443000000000001
Rio de Janeiro,Sudeste,1983,10,22.393548387096775,25.938709677419357,19.648387096774194,158.1,11.787096774193548,15.52774193548387
Rio de Janeiro,Sudeste,1983,11,24.506666666666668,28.686666666666667,21.376666666666665,236.2,11.4,20.392
Rio de Janeiro,Sudeste,1983,12,25.383870967741935,29.003225806451614,22.580645161290324,279.9,9.754838709677419,18.76967741935484
Rio de Janeiro,Sudeste,1984,1,27.506451612903227,32.061290322580646,24.11935483870968,148.1,10.670967741935485,23.861612903225808
Rio de Janeiro,Sudeste,1984,2,27.627586206896552,32.175862068965515,24.127586206896552,44.6,11.724137931034482,24.62620689655172
Rio de Janeiro,Sudeste,1984,3,25.44516129032258,29.258064516129032,22.677419354838708,200.9,11.345161290322581,19.272903225806452
Rio de Janeiro,Sudeste,1984,4,23.33,26.853333333333335,20.726666666666667,136.9,10.103333333333333,13.748999999999999
Rio de Janeiro,Sudeste,1984,5,24.07741935483871,28.36774193548387,21.200000000000003,35.3,7.883870967741935,14.328064516129032
Rio de Janeiro,Sudeste,1984,6,22.209999999999997,26.493333333333332,18.983333333333334,14.4,9.063333333333333,12.088666666666667
Rio de Janeiro,Sudeste,1984,7,21.083870967741937,25.567741935483873,17.896774193548385,58.2,10.683870967741935,12.218064516129031
Rio de Janeiro,Sudeste,1984,8,20.009677419354837,23.616129032258065,17.261290322580646,121.9,10.374193548387098,10.571290322580644
Rio de Janeiro,Sudeste,1984,9,20.746666666666666,24.720000000000002,17.576666666666664,113.39999999999999,13.013333333333332,16.069
Rio de Janeiro,Sudeste,1984,10,23.151612903225807,27.4741935483871,19.81935483870968,81.8,12.619354838709677,19.66
Rio de Janeiro,Sudeste,1984,11,23.866666666666667,27.48,20.93,201.0,12.426666666666668,17.889333333333333
Rio de Janeiro,Sudeste,1984,12,23.983870967741936,27.174193548387095,21.44516129032258,257.6,11.838709677419354,16.286774193548386
Rio de Janeiro,Sudeste,1985,1,24.403225806451612,27.403225806451612,22.15806451612903,526.9,10.758064516129032,16.41258064516129
Rio de Janeiro,Sudeste,1985,2,26.724999999999998,30.75,23.821428571428573,366.2,10.178571428571429,20.95678571428571
Rio de Janeiro,Sudeste,1985,3,25.809677419354838,29.516129032258064,23.177419354838708,253.20000000000002,9.970967741935485,16.878064516129033
Rio de Janeiro,Sudeste,1985,4,24.53666666666667,28.28666666666667,21.586666666666666,113.9,9.716666666666667,16.230666666666668
Rio de Janeiro,Sudeste,1985,5,21.516129032258064,25.029032258064515,18.806451612903224,42.300000000000004,8.361290322580645,12.16741935483871
Rio de Janeiro,Sudeste,1985,6,19.55,23.736666666666668,16.39,31.799999999999997,8.836666666666668,13.063666666666668
Rio de Janeiro,Sudeste,1985,7,19.270967741935483,23.661290322580644,15.670967741935485,7.5,11.003225806451614,12.960967741935484
Rio de Janeiro,Sudeste,1985,8,21.451612903225808,26.82903225806452,17.07741935483871,44.6,11.329032258064515,16.15258064516129
Rio de Janeiro,Sudeste,1985,9,20.866666666666667,24.883333333333333,17.766666666666666,100.6,11.813333333333333,15.347000000000001
Rio de Janeiro,Sudeste,1985,10,22.69677419354839,26.951612903225808,19.6,69.9,13.448387096774193,17.593870967741935
Rio de Janeiro,Sudeste,1985,11,23.873333333333335,27.933333333333334,20.676666666666666,161.1,12.003333333333334,20.396666666666665
Rio de Janeiro,Sudeste,1985,12,24.20967741935484,28.116129032258065,21.12258064516129,189.9,12.406451612903227,20.09193548387097
Rio de Janeiro,Sudeste,1986,1,26.638709677419353,31.06451612903226,23.238709677419354,235.0,10.680645161290323,23.490645161290324
Rio de Janeiro,Sudeste,1986,2,26.849999999999998,30.714285714285715,23.84642857142857,244.8,9.128571428571428,19.976785714285715
Rio de Janeiro,Sudeste,1986,3,25.74516129032258,29.570967741935487,23.006451612903227,236.4,10.016129032258064,18.544516129032257
Rio de Janeiro,Sudeste,1986,4,24.616666666666667,28.453333333333333,21.62,99.1,10.026666666666667,16.865666666666666
Rio de Janeiro,Sudeste,1986,5,23.37741935483871,27.299999999999997,20.45483870967742,68.5,9.27741935483871,12.933870967741935
Rio de Janeiro,Sudeste,1986,6,20.733333333333334,24.926666666666666,17.39333333333333,7.9,8.81,13.212666666666667
Rio de Janeiro,Sudeste,1986,7,19.29032258064516,22.93548387096774,16.57741935483871,145.3,8.864516129032259,11.280967741935482
Rio de Janeiro,Sudeste,1986,8,21.26774193548387,25.116129032258065,18.490322580645163,109.9,9.419354838709678,12.748064516129032
Rio de Janeiro,Sudeste,1986,9,20.923333333333336,24.946666666666665,17.653333333333332,62.1,11.923333333333334,16.423
Rio de Janeiro,Sudeste,1986,10,22.280645161290323,26.63225806451613,18.700000000000003,68.3,12.46774193548387,19.139032258064518
Rio de Janeiro,Sudeste,1986,11,24.64,29.523333333333333,20.766666666666666,152.2,12.41,22.390666666666668
Rio de Janeiro,Sudeste,1986,12,25.35483870967742,28.76451612903226,22.903225806451612,369.3,10.993548387096775,17.248709677419356
Rio de Janeiro,Sudeste,1987,1,26.851612903225806,30.76774193548387,23.822580645161292,280.5,10.058064516129033,20.523225806451613
Rio de Janeiro,Sudeste,1987,2,26.25,30.082142857142856,23.146428571428572,182.9,10.24642857142857,20.457857142857144
Rio de Janeiro,Sudeste,1987,3,24.387096774193548,28.029032258064515,21.703225806451613,130.1,10.193548387096774,17.776774193548388
Rio de Janeiro,Sudeste,1987,4,24.65666666666667,28.53666666666667,21.833333333333332,158.4,9.646666666666667,15.844333333333333
Rio de Janeiro,Sudeste,1987,5,22.15806451612903,25.751612903225805,19.309677419354838,59.1,10.3,11.620967741935484
Rio de Janeiro,Sudeste,1987,6,19.92,23.85666666666667,16.906666666666666,78.2,8.95,10.979999999999999
Rio de Janeiro,Sudeste,1987,7,21.31935483870968,26.190322580645162,17.75483870967742,43.6,11.103225806451613,13.227741935483872
Rio de Janeiro,Sudeste,1987,8,20.4,25.200000000000003,16.629032258064516,23.8,11.04516129032258,14.745483870967742
Rio de Janeiro,Sudeste,1987,9,20.866666666666667,24.39333333333333,18.240000000000002,130.2,11.916666666666666,12.452666666666666
Rio de Janeiro,Sudeste,1987,10,22.761290322580646,26.583870967741937,19.864516129032257,122.5,12.14516129032258,15.856129032258064
Rio de Janeiro,Sudeste,1987,11,24.046666666666667,27.9,20.959999999999997,128.3,12.696666666666665,19.749333333333333
Rio de Janeiro,Sudeste,1987,12,25.56451612903226,29.15806451612903,22.606451612903225,448.2,12.080645161290322,19.074516129032258
Rio de Janeiro,Sudeste,1988,1,27.758064516129032,32.0258064516129,24.37741935483871,195.6,10.96774193548387,23.31967741935484
Rio de Janeiro,Sudeste,1988,2,25.731034482758623,28.917241379310347,23.348275862068967,396.59999999999997,9.648275862068965,17.017931034482757
Rio de Janeiro,Sudeste,1988,3,25.338709677419356,29.029032258064515,22.425806451612903,161.1,10.816129032258065,19.06451612903226
Rio de Janeiro,Sudeste,1988,4,24.076666666666664,27.226666666666667,21.623333333333335,198.6,10.186666666666667,12.954333333333333
Rio de Janeiro,Sudeste,1988,5,22.151612903225807,25.48709677419355,19.85483870967742,161.0,9.170967741935485,11.164193548387097
Rio de Janeiro,Sudeste,1988,6,19.5,23.08,16.546666666666667,102.8,9.65,11.014000000000001
Rio de Janeiro,Sudeste,1988,7,18.348387096774193,22.003225806451614,15.399999999999999,64.6,10.119354838709677,12.069032258064516
Rio de Janeiro,Sudeste,1988,8,20.129032258064516,25.200000000000003,16.04516129032258,3.8,10.912903225806453,16.55548387096774
Rio de Janeiro,Sudeste,1988,9,22.223333333333336,26.776666666666664,18.696666666666665,59.2,11.33,15.816333333333334
Rio de Janeiro,Sudeste,1988,10,22.16774193548387,25.996774193548386,19.203225806451613,153.7,12.258064516129032,15.237741935483871
Rio de Janeiro,Sudeste,1988,11,22.996666666666666,26.633333333333333,19.826666666666664,188.1,12.273333333333333,18.512
Rio de Janeiro,Sudeste,1988,12,24.90967741935484,28.451612903225808,22.006451612903227,304.2,11.125806451612902,20.65806451612903
Rio de Janeiro,Sudeste,1989,1,26.6,30.570967741935483,23.490322580645163,165.5,10.393548387096773,20.29741935483871
Rio de Janeiro,Sudeste,1989,2,26.610714285714288,30.282142857142855,23.939285714285713,325.4,9.014285714285714,19.111785714285713
Rio de Janeiro,Sudeste,1989,3,25.4741935483871,29.058064516129033,22.864516129032257,188.0,9.94516129032258,18.69709677419355
Rio de Janeiro,Sudeste,1989,4,24.633333333333333,28.39333333333333,21.759999999999998,145.2,9.823333333333332,16.150333333333332
Rio de Janeiro,Sudeste,1989,5,21.251612903225805,24.787096774193547,18.470967741935485,50.400000000000006,10.316129032258065,13.424193548387096
Rio de Janeiro,Sudeste,1989,6,20.063333333333333,23.563333333333333,17.266666666666666,132.8,8.453333333333333,10.604666666666667
Rio de Janeiro,Sudeste,1989,7,18.76774193548387,22.693548387096776,15.496774193548386,75.5,9.212903225806452,11.320967741935483
Rio de Janeiro,Sudeste,1989,8,20.416129032258063,24.887096774193548,16.858064516129033,53.2,10.906451612903227,14.313548387096775
Rio de Janeiro,Sudeste,1989,9,21.473333333333336,25.583333333333332,18.423333333333336,133.6,11.753333333333334,14.413333333333332
Rio de Janeiro,Sudeste,1989,10,20.838709677419356,24.306451612903224,18.09032258064516,98.6,12.661290322580646,14.902903225806451
Rio de Janeiro,Sudeste,1989,11,23.27,26.91,20.413333333333334,159.5,12.873333333333333,18.241333333333333
Rio de Janeiro,Sudeste,1989,12,24.419354838709676,28.10967741935484,21.37741935483871,142.3,13.496774193548386,20.42032258064516
Rio de Janeiro,Sudeste,1990,1,27.825806451612905,32.71290322580645,23.916129032258063,88.7,11.390322580645162,24.655806451612904
Rio de Janeiro,Sudeste,1990,2,27.02857142857143,31.50357142857143,23.657142857142855,138.4,11.557142857142859,23.038928571428574
Rio de Janeiro,Sudeste,1990,3,26.887096774193548,31.029032258064515,23.76451612903226,184.9,10.319354838709677,19.18903225806452
Rio de Janeiro,Sudeste,1990,4,25.913333333333334,29.85666666666667,22.836666666666666,243.50000000000003,10.166666666666666,16.700666666666667
Rio de Janeiro,Sudeste,1990,5,21.551612903225806,25.316129032258065,18.55806451612903,85.3,9.029032258064515,12.753225806451614
Rio de Janeiro,Sudeste,1990,6,20.633333333333333,24.866666666666667,17.513333333333332,47.6,9.713333333333333,11.794333333333332
Rio de Janeiro,Sudeste,1990,7,20.006451612903227,23.483870967741936,17.37741935483871,55.9,9.948387096774193,10.38774193548387
Rio de Janeiro,Sudeste,1990,8,19.629032258064516,23.448387096774194,16.403225806451612,55.8,10.548387096774194,12.08258064516129
Rio de Janeiro,Sudeste,1990,9,20.44333333333333,24.546666666666667,17.026666666666667,127.7,12.366666666666667,15.321333333333333
Rio de Janeiro,Sudeste,1990,10,23.470967741935485,27.838709677419356,19.864516129032257,143.79999999999998,11.903225806451612,19.166774193548385
Rio de Janeiro,Sudeste,1990,11,25.67,30.15,22.346666666666668,147.6,11.556666666666667,21.469
Rio de Janeiro,Sudeste,1990,12,25.02258064516129,28.88064516129032,21.761290322580646,165.0,13.396774193548387,19.499032258064517
Rio de Janeiro,Sudeste,1991,1,25.0,28.61935483870968,22.141935483870967,311.5,11.370967741935484,19.15741935483871
Rio de Janeiro,Sudeste,1991,2,25.717857142857145,29.271428571428572,23.057142857142857,233.7,11.217857142857143,19.631071428571428
Rio de Janeiro,Sudeste,1991,3,25.280645161290323,28.55483870967742,22.56451612903226,282.6,9.693548387096774,15.764838709677418
Rio de Janeiro,Sudeste,1991,4,23.88,27.603333333333335,20.91,158.0,10.17,16.102999999999998
Rio de Janeiro,Sudeste,1991,5,21.683870967741935,25.5,18.725806451612904,71.6,9.648387096774194,12.991612903225807
Rio de Janeiro,Sudeste,1991,6,21.63,25.773333333333333,18.506666666666668,74.0,8.94,12.224666666666668
Rio de Janeiro,Sudeste,1991,7,19.83225806451613,23.793548387096774,16.54516129032258,55.9,9.667741935483871,12.01258064516129
Rio de Janeiro,Sudeste,1991,8,20.48709677419355,25.151612903225804,16.990322580645163,29.9,11.093548387096773,14.84
Rio de Janeiro,Sudeste,1991,9,20.696666666666665,24.84333333333333,17.35,84.6,12.51,15.863
Rio de Janeiro,Sudeste,1991,10,22.85483870967742,27.46451612903226,19.106451612903225,73.1,13.85483870967742,18.812580645161287
Rio de Janeiro,Sudeste,1991,11,23.753333333333334,27.716666666666665,20.5,126.2,12.783333333333333,19.045666666666666
Rio de Janeiro,Sudeste,1991,12,26.925806451612903,31.274193548387096,23.55806451612903,218.4,11.261290322580646,22.6858064516129
Rio de Janeiro,Sudeste,1992,1,25.52258064516129,28.887096774193548,22.87741935483871,336.40000000000003,10.938709677419356,17.78290322580645
Rio de Janeiro,Sudeste,1992,2,26.67241379310345,31.21379310344828,22.910344827586208,107.7,11.168965517241379,22.623103448275863
Rio de Janeiro,Sudeste,1992,3,26.39032258064516,31.04193548387097,22.81935483870968,80.3,10.183870967741935,20.010645161290324
Rio de Janeiro,Sudeste,1992,4,24.926666666666666,28.886666666666667,21.88,102.60000000000001,10.24,14.461
Rio de Janeiro,Sudeste,1992,5,23.241935483870968,27.106451612903225,20.40967741935484,73.2,9.764516129032257,11.94032258064516
Rio de Janeiro,Sudeste,1992,6,22.396666666666665,26.990000000000002,18.87,11.600000000000001,9.21,12.478333333333333
Rio de Janeiro,Sudeste,1992,7,20.34193548387097,24.322580645161292,17.351612903225806,71.1,10.319354838709677,10.619354838709677
Rio de Janeiro,Sudeste,1992,8,20.05806451612903,23.948387096774194,17.048387096774192,57.9,10.803225806451612,12.701935483870967
Rio de Janeiro,Sudeste,1992,9,21.206666666666667,24.773333333333333,18.446666666666665,192.9,11.366666666666667,13.289333333333333
Rio de Janeiro,Sudeste,1992,10,22.796774193548387,26.874193548387098,19.470967741935485,155.9,12.69032258064516,17.20967741935484
Rio de Janeiro,Sudeste,1992,11,23.15,26.4,20.52,315.4,11.836666666666668,16.026333333333334
Rio de Janeiro,Sudeste,1992,12,24.009677419354837,27.82903225806452,20.719354838709677,214.6,12.738709677419354,21.651290322580646
Rio de Janeiro,Sudeste,1993,1,26.98709677419355,31.470967741935485,23.370967741935484,178.0,10.138709677419355,22.732903225806453
Rio de Janeiro,Sudeste,1993,2,26.567857142857143,30.760714285714283,23.32857142857143,290.0,10.15,20.32464285714286
Rio de Janeiro,Sudeste,1993,3,26.229032258064517,29.929032258064513,23.603225806451615,219.6,8.893548387096773,18.371612903225806
Rio de Janeiro,Sudeste,1993,4,24.623333333333335,28.07,22.006666666666668,99.3,8.873333333333333,15.489666666666666
Rio de Janeiro,Sudeste,1993,5,21.883870967741935,25.64516129032258,18.799999999999997,57.99999999999999,9.538709677419355,12.238387096774193
Rio de Janeiro,Sudeste,1993,6,20.296666666666667,24.290000000000003,17.016666666666666,77.8,9.66,11.308333333333334
Rio de Janeiro,Sudeste,1993,7,21.125806451612902,25.503225806451614,17.825806451612905,27.1,9.361290322580645,11.876451612903226
Rio de Janeiro,Sudeste,1993,8,20.19677419354839,24.335483870967742,17.041935483870965,35.4,9.66451612903226,13.44032258064516
Rio de Janeiro,Sudeste,1993,9,21.86,25.503333333333334,18.986666666666668,127.7,11.013333333333332,13.276333333333334
Rio de Janeiro,Sudeste,1993,10,23.793548387096774,28.532258064516128,20.003225806451614,119.0,11.72258064516129,20.293225806451613
Rio de Janeiro,Sudeste,1993,11,25.903333333333332,30.44333333333333,21.983333333333334,92.6,12.173333333333334,21.127666666666666
Rio de Janeiro,Sudeste,1993,12,25.99032258064516,30.13225806451613,22.5258064516129,193.9,12.261290322580646,19.30838709677419
Rio de Janeiro,Sudeste,1994,1,25.438709677419357,29.067741935483873,22.916129032258063,365.9,10.474193548387097,18.011290322580646
Rio de Janeiro,Sudeste,1994,2,28.675,33.607142857142854,24.739285714285717,58.7,11.257142857142856,25.428571428571427
Rio de Janeiro,Sudeste,1994,3,25.074193548387097,28.26451612903226,22.66774193548387,576.7,10.364516129032259,15.116451612903226
Rio de Janeiro,Sudeste,1994,4,23.39,26.913333333333334,20.733333333333334,162.4,10.833333333333334,14.351333333333335
Rio de Janeiro,Sudeste,1994,5,23.4,27.05483870967742,20.864516129032257,68.3,8.154838709677419,13.078387096774193
Rio de Janeiro,Sudeste,1994,6,20.246666666666666,24.266666666666666,17.013333333333335,60.0,9.173333333333334,12.529
Rio de Janeiro,Sudeste,1994,7,20.183870967741935,25.135483870967743,16.561290322580643,37.2,9.964516129032257,13.525806451612903
Rio de Janeiro,Sudeste,1994,8,20.18064516129032,24.490322580645163,16.919354838709676,35.300000000000004,10.651612903225805,14.204193548387096
Rio de Janeiro,Sudeste,1994,9,21.759999999999998,26.56,17.793333333333333,59.2,11.67,17.43166666666667
Rio de Janeiro,Sudeste,1994,10,23.848387096774193,28.529032258064515,20.345161290322583,120.8,11.783870967741937,18.286774193548386
Rio de Janeiro,Sudeste,1994,11,25.16,29.603333333333335,21.763333333333332,262.7,11.656666666666666,20.794333333333334
Rio de Janeiro,Sudeste,1994,12,26.23548387096774,30.238709677419354,22.76774193548387,295.5,11.332258064516129,21.898387096774194
Rio de Janeiro,Sudeste,1995,1,27.967741935483872,32.57741935483871,24.593548387096774,292.0,10.874193548387098,24.12483870967742
Rio de Janeiro,Sudeste,1995,2,26.642857142857142,30.603571428571428,24.00357142857143,416.5,9.564285714285715,18.973214285714285
Rio de Janeiro,Sudeste,1995,3,25.787096774193547,29.47741935483871,22.96451612903226,157.7,9.761290322580646,18.63967741935484
Rio de Janeiro,Sudeste,1995,4,23.61,27.30666666666667,20.63,50.2,10.496666666666666,15.164666666666667
Rio de Janeiro,Sudeste,1995,5,22.03548387096774,25.216129032258067,19.654838709677417,161.1,8.551612903225807,11.063870967741936
Rio de Janeiro,Sudeste,1995,6,20.953333333333333,25.366666666666667,17.48,28.6,9.723333333333333,13.212333333333333
Rio de Janeiro,Sudeste,1995,7,21.470967741935485,26.393548387096775,17.929032258064513,37.7,9.76774193548387,13.610322580645162
Rio de Janeiro,Sudeste,1995,8,22.73548387096774,27.796774193548387,19.041935483870965,45.2,10.758064516129032,15.96258064516129
Rio de Janeiro,Sudeste,1995,9,22.39333333333333,27.186666666666667,18.62,97.5,12.683333333333334,16.029999999999998
Rio de Janeiro,Sudeste,1995,10,22.096774193548388,25.683870967741935,19.358064516129033,239.3,12.041935483870969,13.953548387096774
Rio de Janeiro,Sudeste,1995,11,23.323333333333334,27.040000000000003,20.206666666666667,249.29999999999998,11.893333333333334,19.062
Rio de Janeiro,Sudeste,1995,12,24.60967741935484,28.148387096774194,21.796774193548387,334.9,10.064516129032258,18.731612903225805
Rio de Janeiro,Sudeste,1996,1,27.438709677419357,31.887096774193548,24.01290322580645,195.6,9.55483870967742,23.02741935483871
Rio de Janeiro,Sudeste,1996,2,26.955172413793104,30.893103448275863,24.16551724137931,421.59999999999997,9.851724137931035,20.28551724137931
Rio de Janeiro,Sudeste,1996,3,25.858064516129033,29.296774193548387,23.61935483870968,285.0,9.851612903225806,16.593870967741935
Rio de Janeiro,Sudeste,1996,4,24.11,27.746666666666666,21.326666666666664,112.8,9.74,16.0
Rio de Janeiro,Sudeste,1996,5,20.816129032258065,24.129032258064516,18.248387096774195,79.9,8.832258064516129,12.386774193548387
Rio de Janeiro,Sudeste,1996,6,20.02,23.85,17.046666666666667,63.199999999999996,9.82,11.239333333333333
Rio de Janeiro,Sudeste,1996,7,18.874193548387098,22.638709677419353,16.06451612903226,36.1,9.880645161290323,10.682903225806452
Rio de Janeiro,Sudeste,1996,8,19.683870967741935,24.08709677419355,16.183870967741935,38.4,10.72258064516129,14.861290322580645
Rio de Janeiro,Sudeste,1996,9,20.66,24.336666666666666,17.763333333333332,137.4,11.876666666666667,13.244666666666665
Rio de Janeiro,Sudeste,1996,10,22.764516129032256,27.190322580645162,19.27741935483871,95.0,11.880645161290323,18.379354838709677
Rio de Janeiro,Sudeste,1996,11,22.973333333333336,26.23,20.209999999999997,213.20000000000002,12.04,16.397666666666666
Rio de Janeiro,Sudeste,1996,12,25.66774193548387,29.751612903225805,22.425806451612903,270.1,11.85483870967742,21.038709677419355
Rio de Janeiro,Sudeste,1997,1,25.967741935483872,29.70967741935484,23.154838709677417,378.3,10.03225806451613,19.521612903225805
Rio de Janeiro,Sudeste,1997,2,26.946428571428573,31.650000000000002,23.217857142857145,151.5,11.339285714285714,23.745
Rio de Janeiro,Sudeste,1997,3,24.212903225806453,27.461290322580645,21.493548387096773,176.6,9.941935483870967,17.279354838709676
Rio de Janeiro,Sudeste,1997,4,23.259999999999998,27.006666666666668,20.45,56.6,9.953333333333335,15.002333333333333
Rio de Janeiro,Sudeste,1997,5,21.258064516129032,25.0,18.38064516129032,66.4,10.919354838709678,13.16451612903226
Rio de Janeiro,Sudeste,1997,6,21.033333333333335,25.873333333333335,17.483333333333334,31.6,9.873333333333333,13.007333333333333
Rio de Janeiro,Sudeste,1997,7,21.261290322580646,26.403225806451612,17.509677419354837,5.7,9.341935483870968,13.885806451612902
Rio de Janeiro,Sudeste,1997,8,21.361290322580647,27.15806451612903,17.12258064516129,31.8,11.958064516129031,17.29806451612903
Rio de Janeiro,Sudeste,1997,9,23.0,28.046666666666667,19.209999999999997,60.4,11.69,15.077666666666666
Rio de Janeiro,Sudeste,1997,10,23.606451612903225,28.38064516129032,20.1,147.2,13.074193548387097,18.561935483870965
Rio de Janeiro,Sudeste,1997,11,25.616666666666667,29.740000000000002,22.65,300.8,11.673333333333334,18.48
Rio de Janeiro,Sudeste,1997,12,26.799999999999997,31.15806451612903,23.35483870967742,151.70000000000002,12.154838709677419,21.87709677419355
Rio de Janeiro,Sudeste,1998,1,27.641935483870967,31.967741935483872,24.461290322580645,323.6,10.899999999999999,22.24741935483871
Rio de Janeiro,Sudeste,1998,2,27.739285714285717,31.875,24.825,310.3,10.464285714285714,19.565357142857145
Rio de Janeiro,Sudeste,1998,3,26.629032258064516,30.774193548387096,23.729032258064517,129.0,10.848387096774195,18.471612903225807
Rio de Janeiro,Sudeste,1998,4,25.076666666666664,28.85666666666667,22.236666666666668,63.5,10.75,15.074666666666667
Rio de Janeiro,Sudeste,1998,5,21.76451612903226,25.23225806451613,19.074193548387097,119.4,9.496774193548386,11.690967741935484
Rio de Janeiro,Sudeste,1998,6,19.616666666666667,23.426666666666666,16.633333333333333,51.6,9.58,10.839666666666666
Rio de Janeiro,Sudeste,1998,7,20.251612903225805,24.54516129032258,17.05483870967742,23.5,10.009677419354839,12.606774193548388
Rio de Janeiro,Sudeste,1998,8,22.403225806451612,26.980645161290322,19.193548387096776,81.1,11.041935483870969,13.878709677419355
Rio de Janeiro,Sudeste,1998,9,22.386666666666667,26.496666666666666,19.279999999999998,125.6,11.196666666666665,15.052333333333333
Rio de Janeiro,Sudeste,1998,10,22.561290322580643,26.23548387096774,19.80322580645161,125.3,12.625806451612902,15.336451612903225
Rio de Janeiro,Sudeste,1998,11,22.723333333333336,26.446666666666665,19.896666666666665,185.0,12.193333333333333,18.116666666666667
Rio de Janeiro,Sudeste,1998,12,25.87741935483871,29.96451612903226,22.712903225806453,245.4,11.970967741935485,20.917096774193546
Rio de Janeiro,Sudeste,1999,1,26.751612903225805,30.67096774193548,23.967741935483872,294.1,10.235483870967743,22.088709677419356
Rio de Janeiro,Sudeste,1999,2,27.103571428571428,31.182142857142857,24.00714285714286,170.6,10.046428571428573,21.67535714285714
Rio de Janeiro,Sudeste,1999,3,25.58709677419355,29.17096774193548,22.93548387096774,200.6,10.167741935483871,17.91483870967742
Rio de Janeiro,Sudeste,1999,4,23.509999999999998,26.913333333333334,20.756666666666668,99.9,9.97,15.306666666666667
Rio de Janeiro,Sudeste,1999,5,20.9,24.59032258064516,17.91290322580645,48.599999999999994,10.635483870967741,13.512258064516129
Rio de Janeiro,Sudeste,1999,6,19.983333333333334,23.44,17.4,62.2,9.69,9.940666666666667
Rio de Janeiro,Sudeste,1999,7,19.970967741935485,23.809677419354838,17.061290322580643,41.4,9.880645161290323,11.12483870967742
Rio de Janeiro,Sudeste,1999,8,19.887096774193548,24.75483870967742,16.135483870967743,28.0,11.112903225806452,15.759354838709676
Rio de Janeiro,Sudeste,1999,9,22.053333333333335,27.073333333333334,18.09333333333333,76.0,12.903333333333334,18.007
Rio de Janeiro,Sudeste,1999,10,20.85483870967742,24.387096774193548,18.04516129032258,99.1,12.525806451612903,14.59741935483871
Rio de Janeiro,Sudeste,1999,11,22.023333333333333,25.709999999999997,18.959999999999997,184.5,11.823333333333332,17.394333333333336
Rio de Janeiro,Sudeste,1999,12,24.780645161290323,28.719354838709677,21.81935483870968,275.09999999999997,10.95483870967742,20.51967741935484
Rio de Janeiro,Sudeste,2000,1,26.203225806451613,30.051612903225806,22.896774193548385,216.6,10.416129032258064,21.046451612903226
Rio de Janeiro,Sudeste,2000,2,25.655172413793103,29.355172413793102,22.544827586206896,161.4,10.672413793103448,19.197241379310345
Rio de Janeiro,Sudeste,2000,3,24.845161290322583,28.47741935483871,22.051612903225806,248.1,10.138709677419355,17.160645161290322
Rio de Janeiro,Sudeste,2000,4,23.55,27.470000000000002,20.543333333333333,65.4,10.55,17.101666666666667
Rio de Janeiro,Sudeste,2000,5,21.258064516129032,25.112903225806452,18.10967741935484,33.3,9.661290322580646,13.076129032258065
Rio de Janeiro,Sudeste,2000,6,20.78666666666667,25.793333333333333,16.976666666666667,8.799999999999999,9.506666666666666,13.252333333333333
Rio de Janeiro,Sudeste,2000,7,19.26774193548387,23.36774193548387,16.00967741935484,69.8,10.516129032258064,11.835806451612902
Rio de Janeiro,Sudeste,2000,8,20.309677419354838,24.780645161290323,16.748387096774195,90.7,11.009677419354839,13.736774193548387
Rio de Janeiro,Sudeste,2000,9,21.42,25.386666666666667,18.290000000000003,125.2,12.316666666666666,14.290666666666668
Rio de Janeiro,Sudeste,2000,10,25.0,29.85483870967742,21.358064516129033,67.0,11.541935483870969,20.001935483870966
Rio de Janeiro,Sudeste,2000,11,24.696666666666665,29.103333333333335,21.4,198.0,12.446666666666665,19.05
Rio de Janeiro,Sudeste,2000,12,25.861290322580647,30.032258064516128,22.432258064516127,177.4,11.706451612903225,21.70451612903226
Rio de Janeiro,Sudeste,2001,1,27.406451612903226,32.041935483870965,23.74838709677419,148.4,10.619354838709677,23.87
Rio de Janeiro,Sudeste,2001,2,28.275000000000002,33.160714285714285,24.535714285714285,122.1,9.910714285714286,23.676071428571426
Rio de Janeiro,Sudeste,2001,3,27.125806451612902,31.716129032258067,23.68064516129032,210.8,10.02258064516129,19.982580645161292
Rio de Janeiro,Sudeste,2001,4,25.303333333333335,29.52,22.19333333333333,49.1,9.556666666666667,17.449666666666666
Rio de Janeiro,Sudeste,2001,5,22.280645161290323,25.98709677419355,19.438709677419357,105.2,10.338709677419354,11.956774193548387
Rio de Janeiro,Sudeste,2001,6,21.673333333333336,25.926666666666666,18.37,27.2,9.153333333333334,12.348666666666666
Rio de Janeiro,Sudeste,2001,7,21.006451612903227,25.91290322580645,17.42258064516129,56.9,10.3,12.649677419354838
Rio de Janeiro,Sudeste,2001,8,21.748387096774195,26.783870967741933,17.809677419354838,18.4,11.203225806451613,16.699032258064516
Rio de Janeiro,Sudeste,2001,9,21.576666666666664,26.003333333333334,18.126666666666665,76.0,13.24,16.058
Rio de Janeiro,Sudeste,2001,10,22.60967741935484,27.01290322580645,19.083870967741937,77.0,13.790322580645162,19.399354838709677
Rio de Janeiro,Sudeste,2001,11,24.69333333333333,28.793333333333333,21.526666666666664,134.9,11.896666666666667,18.484666666666666
Rio de Janeiro,Sudeste,2001,12,25.67096774193548,29.751612903225805,22.416129032258063,274.1,11.02258064516129,19.388709677419353
Rio de Janeiro,Sudeste,2002,1,26.138709677419353,29.967741935483872,23.19677419354839,218.4,10.32258064516129,20.236451612903227
Rio de Janeiro,Sudeste,2002,2,25.557142857142857,28.99642857142857,22.87142857142857,195.1,10.864285714285714,17.969285714285714
Rio de Janeiro,Sudeste,2002,3,27.364516129032257,32.035483870967745,23.64516129032258,78.4,10.358064516129033,21.620645161290323
Rio de Janeiro,Sudeste,2002,4,25.56,30.183333333333334,22.32,46.2,10.746666666666666,17.571
Rio de Janeiro,Sudeste,2002,5,23.458064516129035,27.42258064516129,20.70967741935484,87.9,9.85483870967742,13.247741935483871
Rio de Janeiro,Sudeste,2002,6,22.773333333333333,27.246666666666666,19.66,39.2,8.44,12.917666666666667
Rio de Janeiro,Sudeste,2002,7,20.67096774193548,24.69677419354839,17.44193548387097,24.900000000000002,9.990322580645161,11.623870967741935
Rio de Janeiro,Sudeste,2002,8,23.4,28.906451612903226,19.20967741935484,15.3,11.906451612903227,16.335806451612903
Rio de Janeiro,Sudeste,2002,9,21.41,25.77,17.793333333333333,121.4,13.496666666666666,14.923333333333334
Rio de Janeiro,Sudeste,2002,10,25.396774193548385,30.958064516129035,21.193548387096776,78.7,12.848387096774195,22.462580645161292
Rio de Janeiro,Sudeste,2002,11,25.42,29.959999999999997,21.75,175.2,11.4,20.582666666666668
Rio de Janeiro,Sudeste,2002,12,26.141935483870967,29.896774193548385,23.083870967741937,241.8,11.667741935483871,18.89516129032258
Rio de Janeiro,Sudeste,2003,1,26.56451612903226,30.387096774193548,23.85483870967742,367.0,10.26774193548387,19.293870967741935
Rio de Janeiro,Sudeste,2003,2,28.410714285714285,33.75714285714285,24.175,35.7,11.135714285714286,25.670714285714286
Rio de Janeiro,Sudeste,2003,3,26.48709677419355,30.496774193548386,23.519354838709678,191.20000000000002,9.577419354838709,17.613870967741935
Rio de Janeiro,Sudeste,2003,4,24.653333333333332,28.596666666666668,21.59,52.7,9.483333333333333,16.238666666666667
Rio de Janeiro,Sudeste,2003,5,21.861290322580647,25.59032258064516,18.6,75.5,9.874193548387098,13.786451612903226
Rio de Janeiro,Sudeste,2003,6,22.17,26.59333333333333,19.033333333333335,64.5,8.56,12.803333333333335
Rio de Janeiro,Sudeste,2003,7,20.893548387096775,25.54516129032258,17.42258064516129,29.8,9.629032258064516,12.941612903225806
Rio de Janeiro,Sudeste,2003,8,20.23548387096774,24.448387096774194,16.835483870967742,107.0,10.941935483870967,13.786774193548387
Rio de Janeiro,Sudeste,2003,9,21.34333333333333,25.790000000000003,17.986666666666668,67.3,11.16,15.500666666666666
Rio de Janeiro,Sudeste,2003,10,22.761290322580646,26.95483870967742,19.364516129032257,251.1,11.825806451612904,18.374193548387098
Rio de Janeiro,Sudeste,2003,11,24.323333333333334,28.31,20.986666666666668,280.7,12.416666666666666,17.336666666666666
Rio de Janeiro,Sudeste,2003,12,25.47741935483871,29.235483870967744,22.612903225806452,284.2,11.519354838709678,19.013548387096773
Rio de Janeiro,Sudeste,2004,1,24.783870967741933,28.20967741935484,21.961290322580645,201.4,11.390322580645162,19.585806451612903
Rio de Janeiro,Sudeste,2004,2,25.07241379310345,28.406896551724138,22.57241379310345,321.1,10.010344827586207,18.163793103448278
Rio de Janeiro,Sudeste,2004,3,24.51290322580645,28.30322580645161,21.516129032258064,138.70000000000002,10.461290322580645,18.98032258064516
Rio de Janeiro,Sudeste,2004,4,24.39,27.826666666666664,21.89333333333333,208.1,8.636666666666667,14.597666666666667
Rio de Janeiro,Sudeste,2004,5,21.812903225806455,25.187096774193545,19.16774193548387,81.0,8.993548387096775,11.903225806451612
Rio de Janeiro,Sudeste,2004,6,20.61,25.02,17.326666666666664,46.300000000000004,8.870000000000001,12.719
Rio de Janeiro,Sudeste,2004,7,19.683870967741935,23.451612903225808,16.72258064516129,122.8,9.574193548387097,11.007096774193549
Rio de Janeiro,Sudeste,2004,8,20.25483870967742,24.583870967741937,17.129032258064516,21.7,11.058064516129033,15.200967741935484
Rio de Janeiro,Sudeste,2004,9,23.176666666666666,28.636666666666667,19.19333333333333,36.2,13.113333333333333,20.032666666666668
Rio de Janeiro,Sudeste,2004,10,22.438709677419357,26.532258064516128,19.10967741935484,136.7,12.167741935483871,16.815806451612904
Rio de Janeiro,Sudeste,2004,11,23.866666666666667,27.826666666666664,20.57,196.20000000000002,12.22,18.658
Rio de Janeiro,Sudeste,2004,12,24.503225806451614,28.038709677419355,21.690322580645162,183.7,11.738709677419354,18.369032258064518
Rio de Janeiro,Sudeste,2005,1,25.816129032258065,29.312903225806455,23.17096774193548,273.1,11.509677419354839,17.776774193548388
Rio de Janeiro,Sudeste,2005,2,24.99285714285714,28.650000000000002,22.13214285714286,170.5,10.542857142857143,21.205357142857142
Rio de Janeiro,Sudeste,2005,3,25.638709677419353,29.287096774193547,23.041935483870965,419.8,9.929032258064517,17.43903225806452
Rio de Janeiro,Sudeste,2005,4,24.970000000000002,28.543333333333337,22.293333333333333,170.0,9.606666666666666,15.577333333333334
Rio de Janeiro,Sudeste,2005,5,22.690322580645162,26.741935483870968,19.538709677419355,52.7,8.938709677419356,13.894193548387097
Rio de Janeiro,Sudeste,2005,6,21.68,26.0,18.626666666666665,36.6,8.01,12.918666666666667
Rio de Janeiro,Sudeste,2005,7,20.112903225806452,24.02258064516129,17.125806451612902,99.6,8.351612903225806,11.586451612903225
Rio de Janeiro,Sudeste,2005,8,22.33225806451613,27.429032258064513,18.583870967741937,13.5,10.493548387096775,16.191612903225806
Rio de Janeiro,Sudeste,2005,9,21.58,25.176666666666666,18.913333333333334,129.9,12.513333333333332,13.352
Rio de Janeiro,Sudeste,2005,10,24.54516129032258,29.096774193548388,21.20967741935484,85.1,11.66451612903226,18.076451612903227
Rio de Janeiro,Sudeste,2005,11,23.459999999999997,26.970000000000002,20.523333333333333,221.6,12.05,17.42233333333333
Rio de Janeiro,Sudeste,2005,12,24.274193548387096,27.706451612903226,21.241935483870968,266.2,11.574193548387097,18.083870967741937
Rio de Janeiro,Sudeste,2006,1,26.5258064516129,30.941935483870967,23.009677419354837,287.3,10.009677419354839,22.611612903225808
Rio de Janeiro,Sudeste,2006,2,27.110714285714288,31.282142857142855,24.146428571428572,248.2,9.632142857142856,21.50857142857143
Rio de Janeiro,Sudeste,2006,3,26.309677419354838,30.15806451612903,23.293548387096774,135.4,10.912903225806453,19.197741935483872
Rio de Janeiro,Sudeste,2006,4,23.75,27.196666666666665,21.0,77.2,9.229999999999999,15.316333333333334
Rio de Janeiro,Sudeste,2006,5,20.793548387096774,24.322580645161292,18.187096774193545,94.9,9.793548387096775,12.447096774193549
Rio de Janeiro,Sudeste,2006,6,20.290000000000003,24.31,17.15,29.099999999999998,9.726666666666667,11.874666666666666
Rio de Janeiro,Sudeste,2006,7,21.129032258064516,26.25483870967742,17.374193548387098,32.3,8.52258064516129,13.91709677419355
Rio de Janeiro,Sudeste,2006,8,21.719354838709677,26.664516129032258,18.019354838709678,27.5,11.964516129032257,15.105806451612903
Rio de Janeiro,Sudeste,2006,9,21.516666666666666,25.9,17.993333333333332,76.1,12.353333333333333,15.324
Rio de Janeiro,Sudeste,2006,10,22.712903225806453,26.503225806451614,19.816129032258065,99.9,11.754838709677419,16.193548387096776
Rio de Janeiro,Sudeste,2006,11,23.720000000000002,27.453333333333333,20.623333333333335,194.6,12.1,17.233999999999998
Rio de Janeiro,Sudeste,2006,12,25.651612903225807,29.38064516129032,22.674193548387095,266.9,11.606451612903227,19.86193548387097
Rio de Janeiro,Sudeste,2007,1,25.470967741935485,28.612903225806452,22.951612903225808,314.0,10.26774193548387,14.873225806451613
Rio de Janeiro,Sudeste,2007,2,26.207142857142856,30.285714285714285,22.74285714285714,96.60000000000001,11.303571428571429,22.398214285714285
Rio de Janeiro,Sudeste,2007,3,27.17096774193548,32.00645161290323,23.345161290322583,90.39999999999999,11.329032258064515,21.20193548387097
Rio de Janeiro,Sudeste,2007,4,25.2,29.336666666666666,22.116666666666667,98.2,10.696666666666665,16.243666666666666
Rio de Janeiro,Sudeste,2007,5,21.416129032258063,25.406451612903226,18.35483870967742,83.2,10.870967741935484,12.640322580645162
Rio de Janeiro,Sudeste,2007,6,21.216666666666665,26.14333333333333,17.790000000000003,30.3,9.333333333333334,13.181999999999999
Rio de Janeiro,Sudeste,2007,7,20.516129032258064,24.980645161290322,17.200000000000003,54.6,11.370967741935484,11.740645161290322
Rio de Janeiro,Sudeste,2007,8,21.23225806451613,26.203225806451613,17.55483870967742,23.8,11.370967741935484,15.267096774193547
Rio de Janeiro,Sudeste,2007,9,22.990000000000002,28.873333333333335,18.5,33.1,14.053333333333335,19.639666666666667
Rio de Janeiro,Sudeste,2007,10,24.125806451612902,29.38064516129032,20.083870967741937,194.2,12.577419354838709,20.44
Rio de Janeiro,Sudeste,2007,11,24.043333333333333,27.796666666666667,20.896666666666665,259.0,12.156666666666666,18.023000000000003
Rio de Janeiro,Sudeste,2007,12,25.44193548387097,29.19677419354839,22.241935483870968,232.2,11.112903225806452,20.06096774193548
Rio de Janeiro,Sudeste,2008,1,25.26451612903226,28.683870967741935,22.361290322580647,245.3,10.629032258064516,18.338064516129034
Rio de Janeiro,Sudeste,2008,2,25.679310344827588,29.303448275862067,22.920689655172417,305.1,9.675862068965518,18.853103448275863
Rio de Janeiro,Sudeste,2008,3,25.096774193548388,28.58709677419355,22.6,236.3,9.796774193548387,17.53516129032258
Rio de Janeiro,Sudeste,2008,4,24.386666666666667,27.926666666666666,21.759999999999998,177.1,9.383333333333333,14.580333333333332
Rio de Janeiro,Sudeste,2008,5,21.44516129032258,25.061290322580643,18.529032258064515,59.0,8.929032258064517,13.23225806451613
Rio de Janeiro,Sudeste,2008,6,20.573333333333334,24.64,17.709999999999997,44.2,9.43,11.462333333333333
Rio de Janeiro,Sudeste,2008,7,19.91290322580645,25.029032258064515,16.10967741935484,7.2,9.496774193548386,14.889032258064516
Rio de Janeiro,Sudeste,2008,8,22.080645161290324,26.951612903225808,18.393548387096775,55.3,12.316129032258065,15.185806451612903
Rio de Janeiro,Sudeste,2008,9,20.896666666666665,25.086666666666666,17.720000000000002,109.7,11.786666666666667,14.974666666666668
Rio de Janeiro,Sudeste,2008,10,23.283870967741933,27.503225806451614,20.299999999999997,161.8,11.890322580645162,17.200000000000003
Rio de Janeiro,Sudeste,2008,11,22.95,26.02,20.69333333333333,335.3,12.06,15.799333333333333
Rio de Janeiro,Sudeste,2008,12,23.76451612903226,26.816129032258065,21.25483870967742,367.0,10.851612903225806,16.244193548387095
Rio de Janeiro,Sudeste,2009,1,25.758064516129032,29.312903225806455,22.961290322580645,359.8,10.480645161290322,17.498709677419356
Rio de Janeiro,Sudeste,2009,2,26.739285714285717,30.61785714285714,23.689285714285713,230.0,10.203571428571427,21.520357142857144
Rio de Janeiro,Sudeste,2009,3,25.91290322580645,29.4,23.299999999999997,232.0,9.600000000000001,16.174516129032256
Rio de Janeiro,Sudeste,2009,4,23.31,26.696666666666665,20.759999999999998,143.7,9.94,15.359
Rio de Janeiro,Sudeste,2009,5,22.04516129032258,25.906451612903226,19.0258064516129,86.4,8.922580645161291,13.430967741935484
Rio de Janeiro,Sudeste,2009,6,19.40666666666667,23.176666666666666,16.220000000000002,61.9,9.263333333333332,11.143
Rio de Janeiro,Sudeste,2009,7,20.451612903225808,24.27741935483871,17.60967741935484,58.4,10.2,10.827096774193548
Rio de Janeiro,Sudeste,2009,8,20.951612903225808,25.33225806451613,17.55483870967742,54.4,11.329032258064515,13.601612903225806
Rio de Janeiro,Sudeste,2009,9,23.23,27.67,19.779999999999998,86.4,11.483333333333333,14.766666666666667
Rio de Janeiro,Sudeste,2009,10,23.106451612903225,26.848387096774193,20.451612903225808,217.9,11.8,14.97
Rio de Janeiro,Sudeste,2009,11,26.709999999999997,30.98,23.209999999999997,227.9,10.446666666666665,21.548333333333336
Rio de Janeiro,Sudeste,2009,12,25.677419354838708,29.0258064516129,22.97741935483871,524.5,11.100000000000001,18.721612903225807
Rio de Janeiro,Sudeste,2010,1,27.95483870967742,32.13548387096775,24.5258064516129,212.6,9.841935483870968,23.256451612903227
Rio de Janeiro,Sudeste,2010,2,28.457142857142856,33.285714285714285,24.339285714285715,106.89999999999999,11.157142857142857,23.273214285714285
Rio de Janeiro,Sudeste,2010,3,26.403225806451612,30.190322580645162,23.44193548387097,224.9,9.12258064516129,18.075161290322583
Rio de Janeiro,Sudeste,2010,4,23.673333333333336,27.263333333333332,20.936666666666667,186.5,10.953333333333335,15.115666666666666
Rio de Janeiro,Sudeste,2010,5,21.74516129032258,25.425806451612903,18.761290322580646,48.4,9.903225806451612,12.633548387096774
Rio de Janeiro,Sudeste,2010,6,19.403333333333332,23.43,16.220000000000002,45.4,9.283333333333333,12.179666666666666
Rio de Janeiro,Sudeste,2010,7,20.725806451612904,24.91290322580645,17.716129032258067,55.4,9.761290322580646,12.49741935483871
Rio de Janeiro,Sudeste,2010,8,20.33225806451613,25.24516129032258,16.651612903225807,22.6,11.896774193548387,15.886129032258063
Rio de Janeiro,Sudeste,2010,9,22.113333333333333,26.873333333333335,18.55666666666667,82.0,12.476666666666667,16.483
Rio de Janeiro,Sudeste,2010,10,22.12258064516129,26.24516129032258,18.793548387096774,115.89999999999999,13.383870967741935,17.651612903225807
Rio de Janeiro,Sudeste,2010,11,23.740000000000002,27.426666666666666,20.89,229.4,11.479999999999999,17.909333333333333
Rio de Janeiro,Sudeste,2010,12,25.906451612903226,29.083870967741937,23.345161290322583,317.8,10.706451612903225,18.80354838709677
Rio de Janeiro,Sudeste,2011,1,26.81935483870968,30.806451612903224,23.674193548387095,210.5,10.858064516129033,21.059677419354838
Rio de Janeiro,Sudeste,2011,2,27.853571428571428,32.864285714285714,24.064285714285713,118.0,11.910714285714286,23.829642857142858
Rio de Janeiro,Sudeste,2011,3,24.638709677419353,27.48709677419355,22.700000000000003,286.9,9.600000000000001,14.033548387096776
Rio de Janeiro,Sudeste,2011,4,24.459999999999997,28.02,21.69,147.0,9.136666666666667,16.16166666666667
Rio de Janeiro,Sudeste,2011,5,20.94193548387097,24.27741935483871,18.345161290322583,55.7,9.480645161290322,12.72258064516129
Rio de Janeiro,Sudeste,2011,6,19.5,23.39333333333333,16.203333333333333,33.2,9.78,11.947333333333335
Rio de Janeiro,Sudeste,2011,7,19.893548387096775,24.687096774193545,16.316129032258065,27.400000000000002,10.2,13.108387096774194
Rio de Janeiro,Sudeste,2011,8,21.296774193548387,26.458064516129035,17.496774193548386,48.6,12.580645161290322,15.081612903225807
Rio de Janeiro,Sudeste,2011,9,20.846666666666668,25.720000000000002,17.14,32.5,13.49,18.124666666666666
Rio de Janeiro,Sudeste,2011,10,23.190322580645162,27.625806451612902,19.64516129032258,127.4,12.825806451612904,17.763548387096773
Rio de Janeiro,Sudeste,2011,11,22.64333333333333,26.53666666666667,19.246666666666666,177.3,12.926666666666668,18.957666666666668
Rio de Janeiro,Sudeste,2011,12,24.612903225806452,28.27741935483871,21.567741935483873,231.6,11.609677419354838,18.60258064516129
Rio de Janeiro,Sudeste,2012,1,25.04516129032258,28.748387096774195,21.938709677419357,334.1,10.899999999999999,19.578709677419358
Rio de Janeiro,Sudeste,2012,2,26.841379310344827,31.637931034482758,22.686206896551724,80.10000000000001,10.958620689655174,24.507241379310347
Rio de Janeiro,Sudeste,2012,3,25.84193548387097,30.18064516129032,22.480645161290322,196.6,10.396774193548387,19.205483870967743
Rio de Janeiro,Sudeste,2012,4,24.33,27.9,21.696666666666665,117.1,9.673333333333334,14.584666666666667
Rio de Janeiro,Sudeste,2012,5,21.16774193548387,24.73225806451613,18.36774193548387,86.7,8.570967741935483,12.155806451612902
Rio de Janeiro,Sudeste,2012,6,21.68,25.416666666666668,18.990000000000002,82.8,8.756666666666666,10.8
Rio de Janeiro,Sudeste,2012,7,20.700000000000003,25.361290322580647,17.325806451612905,33.3,10.258064516129032,12.594193548387098
Rio de Janeiro,Sudeste,2012,8,20.81935483870968,25.66774193548387,16.76774193548387,29.3,12.241935483870968,16.171290322580646
Rio de Janeiro,Sudeste,2012,9,22.753333333333334,28.17666666666667,18.46333333333333,54.800000000000004,13.576666666666666,18.009666666666664
Rio de Janeiro,Sudeste,2012,10,25.003225806451614,30.74516129032258,20.322580645161292,36.099999999999994,13.270967741935484,22.44193548387097
Rio de Janeiro,Sudeste,2012,11,23.490000000000002,27.0,20.970000000000002,153.6,11.85,16.472666666666665
Rio de Janeiro,Sudeste,2012,12,28.116129032258065,33.064516129032256,24.287096774193547,160.79999999999998,11.19032258064516,23.62483870967742
Rio de Janeiro,Sudeste,2013,1,25.516129032258064,28.86774193548387,22.870967741935484,517.2,11.296774193548387,17.43903225806452
Rio de Janeiro,Sudeste,2013,2,27.13214285714286,31.442857142857143,23.70357142857143,147.9,10.321428571428571,21.426071428571426
Rio de Janeiro,Sudeste,2013,3,25.338709677419356,28.65806451612903,22.809677419354838,260.4,9.996774193548386,15.896774193548387
Rio de Janeiro,Sudeste,2013,4,22.983333333333334,26.436666666666667,20.173333333333336,55.3,9.846666666666666,14.484333333333332
Rio de Janeiro,Sudeste,2013,5,21.76451612903226,25.75483870967742,18.541935483870965,71.4,9.741935483870968,12.771612903225806
Rio de Janeiro,Sudeste,2013,6,21.509999999999998,25.183333333333334,18.733333333333334,86.6,9.046666666666665,10.674666666666667
Rio de Janeiro,Sudeste,2013,7,19.883870967741935,23.82903225806452,16.703225806451613,90.4,9.929032258064517,11.77032258064516
Rio de Janeiro,Sudeste,2013,8,20.664516129032258,25.483870967741936,16.893548387096775,21.1,11.290322580645162,15.076451612903226
Rio de Janeiro,Sudeste,2013,9,22.283333333333335,27.033333333333335,18.44,83.39999999999999,12.696666666666665,17.246333333333332
Rio de Janeiro,Sudeste,2013,10,22.548387096774192,26.68064516129032,19.496774193548386,138.6,12.319354838709677,17.67806451612903
Rio de Janeiro,Sudeste,2013,11,23.746666666666666,27.756666666666668,20.456666666666667,249.1,11.860000000000001,18.300333333333334
Rio de Janeiro,Sudeste,2013,12,25.258064516129032,28.758064516129032,22.35483870967742,160.8,11.264516129032257,19.09193548387097
Rio de Janeiro,Sudeste,2014,1,28.5,33.92258064516129,24.0,71.60000000000001,11.158064516129032,27.307096774193546
Rio de Janeiro,Sudeste,2014,2,28.2,33.52142857142857,23.660714285714285,63.9,12.346428571428572,24.283214285714287
Rio de Janeiro,Sudeste,2014,3,26.54516129032258,30.970967741935485,23.174193548387095,155.8,10.538709677419355,19.381290322580643
Rio de Janeiro,Sudeste,2014,4,23.603333333333335,27.0,21.006666666666668,185.3,10.596666666666666,14.359
Rio de Janeiro,Sudeste,2014,5,21.738709677419354,25.80322580645161,18.458064516129035,45.4,9.793548387096775,13.471290322580646
Rio de Janeiro,Sudeste,2014,6,21.40666666666667,25.64333333333333,18.333333333333332,61.5,9.373333333333333,11.885333333333334
Rio de Janeiro,Sudeste,2014,7,20.03548387096774,23.825806451612905,16.96451612903226,105.4,9.761290322580646,11.623870967741935
Rio de Janeiro,Sudeste,2014,8,20.64516129032258,25.40967741935484,17.02258064516129,51.2,10.95483870967742,14.71516129032258
Rio de Janeiro,Sudeste,2014,9,22.726666666666667,28.41,18.44333333333333,38.0,13.596666666666666,18.74566666666667
Rio de Janeiro,Sudeste,2014,10,24.07741935483871,29.603225806451615,19.396774193548385,36.3,13.95483870967742,21.791290322580643
Rio de Janeiro,Sudeste,2014,11,24.866666666666667,29.44333333333333,21.3,153.6,13.04,19.185333333333332
Rio de Janeiro,Sudeste,2014,12,27.09032258064516,32.28387096774193,22.845161290322583,129.7,12.52258064516129,24.258387096774193
Rio de Janeiro,Sudeste,2015,1,29.393548387096775,34.83548387096774,25.038709677419355,124.8,11.074193548387097,25.613870967741935
Rio de Janeiro,Sudeste,2015,2,27.392857142857142,31.849999999999998,23.935714285714287,223.9,10.264285714285714,21.169285714285714
Rio de Janeiro,Sudeste,2015,3,25.77741935483871,29.35483870967742,23.164516129032258,251.20000000000002,9.096774193548388,16.148064516129033
Rio de Janeiro,Sudeste,2015,4,23.926666666666666,27.453333333333333,21.183333333333334,83.7,10.44,14.896666666666667
Rio de Janeiro,Sudeste,2015,5,21.990322580645163,25.845161290322583,18.967741935483872,67.9,9.648387096774194,12.355161290322581
Rio de Janeiro,Sudeste,2015,6,21.470000000000002,25.709999999999997,18.263333333333332,52.1,10.246666666666666,11.279
Rio de Janeiro,Sudeste,2015,7,21.80322580645161,26.43548387096774,18.583870967741937,47.199999999999996,9.993548387096775,11.51
Rio de Janeiro,Sudeste,2015,8,22.403225806451612,27.87741935483871,18.14516129032258,20.0,10.812903225806451,16.330322580645163
Rio de Janeiro,Sudeste,2015,9,23.596666666666668,28.503333333333334,20.25,151.3,11.729999999999999,15.096333333333332
Rio de Janeiro,Sudeste,2015,10,24.980645161290322,30.154838709677417,21.225806451612904,65.5,12.651612903225805,18.952903225806452
Rio de Janeiro,Sudeste,2015,11,25.376666666666665,29.03666666666667,22.776666666666664,238.2,11.57,16.140666666666668
Rio de Janeiro,Sudeste,2015,12,27.135483870967743,31.425806451612903,23.55483870967742,124.7,11.709677419354838,21.13032258064516
Rio de Janeiro,Sudeste,2016,1,26.125806451612902,29.725806451612904,23.229032258064517,319.6,11.238709677419354,17.93
Rio de Janeiro,Sudeste,2016,2,27.96206896551724,32.48620689655173,24.29310344827586,240.6,10.60689655172414,22.732758620689655
Rio de Janeiro,Sudeste,2016,3,26.52258064516129,30.16774193548387,23.651612903225807,155.9,9.23225806451613,18.156129032258065
Rio de Janeiro,Sudeste,2016,4,26.39,30.95,22.613333333333333,38.5,10.286666666666667,17.648666666666667
Rio de Janeiro,Sudeste,2016,5,21.97741935483871,25.406451612903226,19.22258064516129,51.4,9.970967741935485,11.560322580645161
Rio de Janeiro,Sudeste,2016,6,19.57,22.923333333333336,16.813333333333333,51.8,8.94,10.480333333333332
Rio de Janeiro,Sudeste,2016,7,20.712903225806453,25.580645161290324,17.02258064516129,6.8,9.87741935483871,12.321290322580644
Rio de Janeiro,Sudeste,2016,8,21.616129032258065,27.293548387096774,17.448387096774194,47.8,13.03225806451613,15.859677419354838
Rio de Janeiro,Sudeste,2016,9,22.59333333333333,26.98,19.220000000000002,47.8,12.76,15.998666666666667
Rio de Janeiro,Sudeste,2016,10,23.206451612903226,27.335483870967742,20.112903225806452,115.1,13.087096774193547,16.388387096774196
Rio de Janeiro,Sudeste,2016,11,23.696666666666665,27.4,20.513333333333332,254.29999999999998,12.366666666666667,18.36
Rio de Janeiro,Sudeste,2016,12,26.58709677419355,31.296774193548387,22.861290322580647,177.5,11.074193548387097,23.0641935483871
Rio de Janeiro,Sudeste,2017,1,27.870967741935484,31.31935483870968,25.33225806451613,122.8,15.290322580645162,24.61774193548387
Rio de Janeiro,Sudeste,2017,2,27.614285714285717,31.417857142857144,24.675,39.4,18.764285714285712,24.33892857142857
Rio de Janeiro,Sudeste,2017,3,25.651612903225807,28.932258064516127,23.36774193548387,174.7,16.593548387096774,20.489677419354837
Rio de Janeiro,Sudeste,2017,4,23.813333333333333,26.396666666666665,21.686666666666667,82.7,16.936666666666667,15.79
Rio de Janeiro,Sudeste,2017,5,21.835483870967742,24.62258064516129,19.54516129032258,77.5,14.829032258064515,13.131935483870967
Rio de Janeiro,Sudeste,2017,6,21.173333333333336,24.396666666666665,18.493333333333332,59.699999999999996,14.99,13.285
Rio de Janeiro,Sudeste,2017,7,20.05483870967742,23.200000000000003,17.32903225806452,21.8,16.34193548387097,14.165806451612903
Rio de Janeiro,Sudeste,2017,8,20.345161290322583,23.874193548387098,17.677419354838708,54.9,18.287096774193547,13.87
Rio de Janeiro,Sudeste,2017,9,21.996666666666666,26.206666666666667,18.10666666666667,14.5,18.17,20.793333333333333
Rio de Janeiro,Sudeste,2017,10,23.506451612903227,27.051612903225806,20.60967741935484,42.5,19.68064516129032,19.871935483870967
Rio de Janeiro,Sudeste,2017,11,23.740000000000002,26.876666666666665,20.983333333333334,126.9,19.483333333333334,20.830666666666666
Rio de Janeiro,Sudeste,2017,12,25.05806451612903,28.19677419354839,22.648387096774194,95.2,16.967741935483872,21.518387096774195
Rio de Janeiro,Sudeste,2018,1,26.358064516129033,29.548387096774192,23.845161290322583,232.4,14.938709677419356,21.15774193548387
Rio de Janeiro,Sudeste,2018,2,25.739285714285717,28.61785714285714,23.389285714285712,144.1,14.557142857142859,20.40392857142857
Rio de Janeiro,Sudeste,2018,3,26.361290322580647,28.951612903225808,24.08709677419355,110.8,15.67741935483871,20.293548387096774
Rio de Janeiro,Sudeste,2018,4,24.233333333333334,27.066666666666666,21.853333333333335,74.3,15.013333333333332,17.642666666666667
Rio de Janeiro,Sudeste,2018,5,22.11935483870968,25.238709677419354,19.596774193548388,44.6,14.790322580645162,14.769677419354839
Rio de Janeiro,Sudeste,2018,6,21.686666666666667,25.043333333333333,19.15666666666667,45.0,14.143333333333334,11.866333333333333
Rio de Janeiro,Sudeste,2018,7,21.383870967741935,25.067741935483873,18.570967741935487,68.0,14.583870967741936,14.194516129032257
Rio de Janeiro,Sudeste,2018,8,20.44516129032258,23.219354838709677,18.009677419354837,60.1,15.319354838709677,14.019354838709678
Rio de Janeiro,Sudeste,2018,9,22.15,25.383333333333333,19.540000000000003,45.9,17.173333333333336,18.703
Rio de Janeiro,Sudeste,2018,10,23.09032258064516,25.861290322580647,20.903225806451612,101.5,17.374193548387098,16.69161290322581
Rio de Janeiro,Sudeste,2018,11,24.029999999999998,26.82,21.38,139.6,17.83,20.709666666666667
Rio de Janeiro,Sudeste,2018,12,25.503225806451614,28.654838709677417,22.729032258064517,70.0,17.05806451612903,25.346774193548388
Rio de Janeiro,Sudeste,2019,1,28.151612903225807,32.08064516129032,24.980645161290322,25.4,16.712903225806453,27.1858064516129
Rio de Janeiro,Sudeste,2019,2,26.664285714285715,29.764285714285712,24.15357142857143,141.7,16.189285714285713,20.670714285714286
Rio de Janeiro,Sudeste,2019,3,26.274193548387096,29.01290322580645,24.0258064516129,239.4,14.83548387096774,19.205806451612904
Rio de Janeiro,Sudeste,2019,4,25.383333333333333,28.19333333333333,22.876666666666665,83.2,15.393333333333334,18.124333333333333
Rio de Janeiro,Sudeste,2019,5,23.938709677419357,26.887096774193548,21.570967741935487,119.80000000000001,15.170967741935485,14.256129032258064
Rio de Janeiro,Sudeste,2019,6,22.566666666666666,25.936666666666667,19.813333333333333,19.5,14.153333333333334,13.876333333333333
Rio de Janeiro,Sudeste,2019,7,20.993548387096773,24.580645161290324,18.103225806451615,48.199999999999996,16.68064516129032,14.434516129032259
Rio de Janeiro,Sudeste,2019,8,20.66774193548387,24.190322580645162,17.780645161290323,77.10000000000001,19.22258064516129,14.648387096774194
Rio de Janeiro,Sudeste,2019,9,21.793333333333333,25.046666666666667,19.34,97.0,18.863333333333333,15.966333333333333
Rio de Janeiro,Sudeste,2019,10,23.396774193548385,26.483870967741936,20.83225806451613,49.9,17.138709677419353,20.918709677419354
Rio de Janeiro,Sudeste,2019,11,23.446666666666665,26.196666666666665,21.276666666666664,152.2,18.959999999999997,20.11433333333333
Rio de Janeiro,Sudeste,2019,12,24.761290322580646,27.62258064516129,22.190322580645162,89.89999999999999,15.874193548387098,23.21741935483871
Rio de Janeiro,Sudeste,2020,1,26.135483870967743,29.309677419354838,23.648387096774194,103.0,16.190322580645162,22.600645161290323
Rio de Janeiro,Sudeste,2020,2,25.641379310344828,28.417241379310347,23.52758620689655,262.5,16.906896551724138,19.564137931034484
Rio de Janeiro,Sudeste,2020,3,24.393548387096775,26.85483870967742,22.070967741935487,146.8,17.083870967741937,20.260645161290324
Rio de Janeiro,Sudeste,2020,4,23.30666666666667,25.89333333333333,20.973333333333336,45.6,15.623333333333333,16.936666666666667
Rio de Janeiro,Sudeste,2020,5,21.596774193548388,24.980645161290322,18.541935483870965,95.9,16.72258064516129,14.904193548387095
Rio de Janeiro,Sudeste,2020,6,22.31,26.203333333333333,19.373333333333335,27.1,14.333333333333334,13.024333333333335
Rio de Janeiro,Sudeste,2020,7,21.751612903225805,25.364516129032257,18.812903225806455,61.5,16.470967741935485,13.389999999999999
Rio de Janeiro,Sudeste,2020,8,20.967741935483872,24.616129032258065,17.748387096774195,64.0,16.835483870967742,16.470967741935485
Rio de Janeiro,Sudeste,2020,9,23.27,26.91,20.503333333333334,155.5,18.1,19.176666666666666
Rio de Janeiro,Sudeste,2020,10,23.51290322580645,26.864516129032257,20.893548387096775,89.39999999999999,19.961290322580645,20.46193548387097
Rio de Janeiro,Sudeste,2020,11,23.14333333333333,25.663333333333334,20.773333333333333,126.19999999999999,16.923333333333332,22.232666666666667
Rio de Janeiro,Sudeste,2020,12,25.30322580645161,28.093548387096774,23.125806451612902,188.9,14.083870967741936,20.69193548387097
Rio de Janeiro,Sudeste,2021,1,26.62258064516129,30.041935483870965,23.567741935483873,88.1,17.080645161290324,26.104193548387098
Rio de Janeiro,Sudeste,2021,2,25.478571428571428,28.49642857142857,23.035714285714285,104.80000000000001,14.828571428571427,21.73785714285714
Rio de Janeiro,Sudeste,2021,3,26.148387096774194,29.77741935483871,23.203225806451613,71.9,15.625806451612902,21.879032258064516
Rio de Janeiro,Sudeste,2021,4,23.166666666666668,26.083333333333332,20.646666666666665,101.4,18.34,17.675333333333334
Rio de Janeiro,Sudeste,2021,5,22.07741935483871,25.09032258064516,19.425806451612903,40.4,15.245161290322581,14.660645161290324
Rio de Janeiro,Sudeste,2021,6,21.013333333333332,24.0,18.59333333333333,42.5,15.06,12.716000000000001
Rio de Janeiro,Sudeste,2021,7,19.541935483870965,22.970967741935485,16.56451612903226,22.3,15.922580645161291,14.191935483870967
Rio de Janeiro,Sudeste,2021,8,21.041935483870965,24.774193548387096,18.02258064516129,61.1,17.03548387096774,16.18032258064516
Rio de Janeiro,Sudeste,2021,9,22.259999999999998,25.756666666666668,19.529999999999998,21.6,18.65,19.051333333333332
Rio de Janeiro,Sudeste,2021,10,21.864516129032257,24.612903225806452,19.703225806451613,161.8,20.296774193548387,16.51967741935484
Rio de Janeiro,Sudeste,2021,11,22.296666666666667,25.23,19.59333333333333,106.9,17.59333333333333,23.139333333333333
Rio de Janeiro,Sudeste,2021,12,23.958064516129035,26.858064516129033,21.345161290322583,174.6,16.393548387096775,24.705161290322582
Rio de Janeiro,Sudeste,2022,1,25.916129032258063,28.848387096774193,23.270967741935483,207.8,15.5,21.791290322580643
Rio de Janeiro,Sudeste,2022,2,25.432142857142857,28.160714285714285,22.95357142857143,135.1,14.642857142857142,21.883928571428573
Rio de Janeiro,Sudeste,2022,3,26.29032258064516,30.096774193548388,23.1,46.5,17.032258064516128,22.872903225806454
Rio de Janeiro,Sudeste,2022,4,23.923333333333336,26.743333333333332,21.453333333333333,209.8,17.1,18.237000000000002
Rio de Janeiro,Sudeste,2022,5,21.919354838709676,24.996774193548386,19.287096774193547,40.3,16.05483870967742,15.523870967741935
Rio de Janeiro,Sudeste,2022,6,20.376666666666665,23.490000000000002,17.913333333333334,71.6,16.666666666666668,12.198666666666666
Rio de Janeiro,Sudeste,2022,7,21.503225806451614,25.770967741935483,18.229032258064517,22.200000000000003,14.983870967741936,15.576774193548387
Rio de Janeiro,Sudeste,2022,8,20.65806451612903,24.216129032258067,17.806451612903224,57.0,19.02258064516129,15.257419354838708
Rio de Janeiro,Sudeste,2022,9,20.426666666666666,23.60666666666667,17.916666666666668,125.10000000000001,18.85,16.477666666666668
Rio de Janeiro,Sudeste,2022,10,23.15806451612903,26.23225806451613,20.690322580645162,82.60000000000001,17.66774193548387,20.81935483870968
Rio de Janeiro,Sudeste,2022,11,22.66,25.276666666666664,20.08,150.6,17.616666666666667,21.137666666666668
Rio de Janeiro,Sudeste,2022,12,24.287096774193547,27.141935483870967,21.75483870967742,191.1,17.74516129032258,22.02064516129032
Rio de Janeiro,Sudeste,2023,1,25.470967741935485,28.44193548387097,22.91290322580645,197.5,14.77741935483871,23.173548387096773
Rio de Janeiro,Sudeste,2023,2,26.603571428571428,30.175,23.960714285714285,128.7,14.685714285714285,23.54642857142857
Rio de Janeiro,Sudeste,2023,3,26.061290322580643,29.01290322580645,23.532258064516128,72.2,15.087096774193547,22.0841935483871
Rio de Janeiro,Sudeste,2023,4,23.726666666666667,26.46333333333333,21.11,80.2,16.013333333333332,17.115000000000002
Rio de Janeiro,Sudeste,2023,5,21.938709677419357,24.616129032258065,19.36774193548387,63.3,14.880645161290323,14.949677419354838
Rio de Janeiro,Sudeste,2023,6,21.2,24.923333333333336,18.509999999999998,28.1,13.576666666666666,14.186333333333334
Rio de Janeiro,Sudeste,2023,7,21.096774193548388,25.06451612903226,18.287096774193547,55.8,17.396774193548385,13.790967741935484
Rio de Janeiro,Sudeste,2023,8,22.067741935483873,26.061290322580643,19.212903225806453,113.5,17.9,14.724516129032258
Rio de Janeiro,Sudeste,2023,9,23.90666666666667,28.316666666666666,20.42,33.3,18.726666666666667,19.491333333333333
Rio de Janeiro,Sudeste,2023,10,23.89032258064516,27.461290322580645,21.416129032258063,75.7,18.858064516129033,18.94677419354839
Rio de Janeiro,Sudeste,2023,11,25.753333333333334,29.563333333333333,22.736666666666668,50.9,19.006666666666668,23.686333333333334
Rio de Janeiro,Sudeste,2023,12,26.193548387096776,29.748387096774195,23.080645161290324,90.39999999999999,18.787096774193547,25.52
Rio de Janeiro,Sudeste,2024,1,26.470967741935485,29.641935483870967,23.780645161290323,184.20000000000002,17.009677419354837,21.303870967741933
Rio de Janeiro,Sudeste,2024,2,27.093103448275862,30.46206896551724,24.544827586206896,64.7,15.66551724137931,23.388965517241378
Rio de Janeiro,Sudeste,2024,3,26.23225806451613,29.419354838709676,23.738709677419354,253.6,17.345161290322583,19.541290322580643
Rio de Janeiro,Sudeste,2024,4,24.85666666666667,28.5,22.05666666666667,12.8,16.176666666666666,19.035666666666668
Rio de Janeiro,Sudeste,2024,5,24.741935483870968,28.812903225806455,21.85483870967742,38.9,16.177419354838708,14.966129032258063
Rio de Janeiro,Sudeste,2024,6,23.39333333333333,28.029999999999998,20.0,19.299999999999997,15.44,14.417666666666666
Rio de Janeiro,Sudeste,2024,7,21.27741935483871,24.845161290322583,18.677419354838708,48.8,14.64516129032258,13.901612903225805
Rio de Janeiro,Sudeste,2024,8,21.51290322580645,25.97741935483871,17.948387096774194,74.2,18.13225806451613,17.593548387096774
Rio de Janeiro,Sudeste,2024,9,24.046666666666667,28.53666666666667,20.666666666666668,14.3,19.55666666666667,20.328666666666667
Rio de Janeiro,Sudeste,2024,10,23.309677419354838,26.825806451612905,20.56451612903226,98.0,18.951612903225808,20.73032258064516
Rio de Janeiro,Sudeste,2024,11,24.083333333333332,27.583333333333332,21.206666666666667,117.30000000000001,17.423333333333336,22.002666666666666
Rio de Janeiro,Sudeste,2024,12,25.30322580645161,29.14516129032258,22.593548387096774,163.7,16.25483870967742,23.44677419354839
Salvador,Nordeste,1980,1,25.95483870967742,27.838709677419356,24.416129032258063,131.5,18.4741935483871,20.766451612903225
Salvador,Nordeste,1980,2,25.544827586206896,27.375862068965517,24.00689655172414,197.6,17.696551724137933,17.75896551724138
Salvador,Nordeste,1980,3,25.467741935483872,27.051612903225806,23.95483870967742,97.6,18.26774193548387,21.60483870967742
Salvador,Nordeste,1980,4,25.576666666666664,27.253333333333334,24.016666666666666,79.8,18.696666666666665,19.62633333333333
Salvador,Nordeste,1980,5,24.516129032258064,25.806451612903224,23.19677419354839,100.0,17.203225806451613,16.384193548387096
Salvador,Nordeste,1980,6,23.883333333333333,25.243333333333332,22.466666666666665,140.5,17.209999999999997,14.702333333333334
Salvador,Nordeste,1980,7,22.970967741935485,24.306451612903224,21.6,158.4,18.006451612903227,14.904193548387097
Salvador,Nordeste,1980,8,23.174193548387095,24.561290322580643,21.838709677419356,95.3,18.406451612903226,17.449354838709677
Salvador,Nordeste,1980,9,23.78666666666667,25.363333333333333,22.43,142.7,20.456666666666667,18.276333333333334
Salvador,Nordeste,1980,10,24.490322580645163,26.33225806451613,23.05806451612903,50.4,21.12258064516129,22.029354838709676
Salvador,Nordeste,1980,11,24.923333333333336,26.68,23.543333333333333,97.1,19.55,21.158
Salvador,Nordeste,1980,12,25.97741935483871,28.112903225806452,24.4,32.8,19.84193548387097,23.10741935483871
Salvador,Nordeste,1981,1,25.74516129032258,27.532258064516128,24.17096774193548,65.5,19.551612903225806,23.143225806451614
Salvador,Nordeste,1981,2,25.667857142857144,27.314285714285713,24.182142857142857,57.8,20.946428571428573,22.96392857142857
Salvador,Nordeste,1981,3,26.103225806451615,28.17096774193548,24.529032258064515,250.0,18.538709677419355,18.9358064516129
Salvador,Nordeste,1981,4,24.896666666666665,26.163333333333334,23.653333333333332,199.6,18.85,17.457666666666668
Salvador,Nordeste,1981,5,23.816129032258065,25.14516129032258,22.5258064516129,145.4,18.05806451612903,15.560645161290322
Salvador,Nordeste,1981,6,23.453333333333333,24.86,22.076666666666664,122.5,16.416666666666668,14.269666666666668
Salvador,Nordeste,1981,7,22.651612903225807,24.01290322580645,21.29032258064516,139.4,19.51290322580645,14.923870967741935
Salvador,Nordeste,1981,8,22.683870967741935,24.083870967741937,21.42258064516129,86.7,18.799999999999997,16.697741935483872
Salvador,Nordeste,1981,9,23.35,25.11,21.953333333333333,28.8,19.663333333333334,21.323
Salvador,Nordeste,1981,10,24.906451612903226,27.174193548387095,23.361290322580647,19.1,21.016129032258064,22.62258064516129
Salvador,Nordeste,1981,11,25.453333333333333,27.779999999999998,23.89,42.2,20.853333333333335,22.742666666666665
Salvador,Nordeste,1981,12,25.848387096774193,27.980645161290322,24.200000000000003,44.6,21.548387096774192,23.825806451612905
Salvador,Nordeste,1982,1,25.95483870967742,28.11935483870968,24.33225806451613,32.8,21.10967741935484,23.506451612903227
Salvador,Nordeste,1982,2,25.410714285714285,26.982142857142858,23.90357142857143,59.1,20.664285714285715,21.790714285714284
Salvador,Nordeste,1982,3,26.506451612903227,28.958064516129035,24.845161290322583,8.8,21.706451612903226,23.63483870967742
Salvador,Nordeste,1982,4,25.2,26.563333333333333,23.94333333333333,185.8,23.006666666666668,16.910999999999998
Salvador,Nordeste,1982,5,24.093548387096774,25.325806451612905,22.864516129032257,187.8,20.14516129032258,14.721935483870968
Salvador,Nordeste,1982,6,23.783333333333335,25.103333333333335,22.566666666666666,146.5,17.37,14.319666666666668
Salvador,Nordeste,1982,7,23.067741935483873,24.48709677419355,21.648387096774194,113.1,17.151612903225807,15.086774193548386
Salvador,Nordeste,1982,8,23.29032258064516,24.822580645161292,22.03548387096774,120.2,18.654838709677417,17.771935483870966
Salvador,Nordeste,1982,9,23.66,25.15,22.373333333333335,158.9,21.36,17.312666666666665
Salvador,Nordeste,1982,10,24.396774193548385,26.519354838709678,22.741935483870968,177.3,19.458064516129035,21.669354838709676
Salvador,Nordeste,1982,11,25.423333333333336,27.633333333333333,23.743333333333332,13.4,21.4,24.81
Salvador,Nordeste,1982,12,25.832258064516132,28.219354838709677,24.080645161290324,31.4,22.322580645161292,23.911935483870966
Salvador,Nordeste,1983,1,26.574193548387097,28.93548387096774,24.951612903225808,64.10000000000001,20.003225806451614,20.968387096774194
Salvador,Nordeste,1983,2,26.042857142857144,27.782142857142855,24.535714285714285,98.7,18.407142857142855,21.31392857142857
Salvador,Nordeste,1983,3,26.396774193548385,28.203225806451613,24.812903225806455,123.6,17.96451612903226,20.56935483870968
Salvador,Nordeste,1983,4,26.19333333333333,27.636666666666667,24.833333333333332,76.4,17.759999999999998,19.086666666666666
Salvador,Nordeste,1983,5,25.248387096774195,26.70967741935484,23.812903225806455,76.5,16.20967741935484,17.0258064516129
Salvador,Nordeste,1983,6,24.153333333333332,25.48,22.796666666666667,116.1,16.486666666666668,14.633666666666667
Salvador,Nordeste,1983,7,23.796774193548387,25.190322580645162,22.35483870967742,64.1,16.983870967741936,16.04806451612903
Salvador,Nordeste,1983,8,23.32903225806452,24.72258064516129,21.861290322580647,164.4,20.051612903225806,16.711290322580645
Salvador,Nordeste,1983,9,24.220000000000002,26.136666666666667,22.716666666666665,59.2,19.173333333333336,21.266333333333332
Salvador,Nordeste,1983,10,24.706451612903226,26.66774193548387,23.177419354838708,54.4,21.406451612903226,21.93064516129032
Salvador,Nordeste,1983,11,25.720000000000002,28.05666666666667,24.13,24.9,20.696666666666665,23.050333333333334
Salvador,Nordeste,1983,12,25.76451612903226,27.903225806451612,24.206451612903226,37.3,21.583870967741937,23.490322580645163
Salvador,Nordeste,1984,1,26.26774193548387,28.42258064516129,24.648387096774194,21.9,21.129032258064516,25.40064516129032
Salvador,Nordeste,1984,2,26.803448275862067,28.627586206896552,25.17241379310345,42.6,21.917241379310347,24.571379310344824
Salvador,Nordeste,1984,3,26.77741935483871,28.74516129032258,25.051612903225806,157.1,20.154838709677417,21.34258064516129
Salvador,Nordeste,1984,4,25.16,26.42,23.883333333333333,350.3,18.866666666666667,15.884666666666668
Salvador,Nordeste,1984,5,24.816129032258065,26.148387096774194,23.370967741935484,114.3,17.60967741935484,16.21741935483871
Salvador,Nordeste,1984,6,24.259999999999998,25.470000000000002,22.866666666666667,104.2,17.209999999999997,15.133666666666667
Salvador,Nordeste,1984,7,23.419354838709676,24.63225806451613,22.148387096774194,103.3,18.812903225806455,15.035483870967742
Salvador,Nordeste,1984,8,23.55806451612903,25.09032258064516,22.11935483870968,108.5,19.061290322580643,17.098064516129032
Salvador,Nordeste,1984,9,23.95,25.82,22.403333333333332,105.9,19.40666666666667,19.758333333333333
Salvador,Nordeste,1984,10,24.948387096774194,26.73225806451613,23.54516129032258,47.3,21.45483870967742,22.250967741935483
Salvador,Nordeste,1984,11,25.403333333333332,27.4,23.886666666666667,46.5,22.166666666666668,23.657333333333334
Salvador,Nordeste,1984,12,26.348387096774193,28.793548387096774,24.612903225806452,24.4,21.770967741935483,25.049677419354836
Salvador,Nordeste,1985,1,26.516129032258064,28.383870967741935,24.906451612903226,93.6,17.080645161290324,20.385161290322582
Salvador,Nordeste,1985,2,26.09642857142857,27.810714285714287,24.50357142857143,107.8,19.510714285714283,23.17142857142857
Salvador,Nordeste,1985,3,26.490322580645163,28.27741935483871,24.796774193548387,68.4,19.16774193548387,22.184193548387096
Salvador,Nordeste,1985,4,24.90666666666667,26.276666666666664,23.543333333333333,338.2,18.886666666666667,16.198333333333334
Salvador,Nordeste,1985,5,24.89032258064516,26.17096774193548,23.496774193548386,165.9,18.287096774193547,15.541612903225808
Salvador,Nordeste,1985,6,23.970000000000002,25.209999999999997,22.740000000000002,185.3,19.36,13.837666666666667
Salvador,Nordeste,1985,7,22.635483870967743,23.82903225806452,21.48709677419355,223.9,22.84193548387097,13.779677419354838
Salvador,Nordeste,1985,8,23.0258064516129,24.6,21.635483870967743,134.8,19.809677419354838,17.006774193548388
Salvador,Nordeste,1985,9,23.636666666666667,25.35666666666667,22.36,71.6,20.240000000000002,19.863666666666667
Salvador,Nordeste,1985,10,25.019354838709678,27.18064516129032,23.451612903225808,49.1,20.09032258064516,22.187096774193545
Salvador,Nordeste,1985,11,25.176666666666666,27.233333333333334,23.596666666666668,213.9,20.456666666666667,21.342666666666666
Salvador,Nordeste,1985,12,25.151612903225807,26.874193548387098,23.548387096774192,130.0,16.68064516129032,18.926451612903225
Salvador,Nordeste,1986,1,25.98709677419355,27.925806451612903,24.393548387096775,53.0,19.041935483870965,23.728709677419356
Salvador,Nordeste,1986,2,26.175,27.87857142857143,24.63214285714286,77.8,18.785714285714285,23.013571428571428
Salvador,Nordeste,1986,3,25.625806451612902,27.216129032258067,23.932258064516127,150.2,17.751612903225805,20.606451612903225
Salvador,Nordeste,1986,4,25.64333333333333,27.066666666666666,24.14,151.9,19.53666666666667,18.101666666666667
Salvador,Nordeste,1986,5,25.183870967741935,26.55806451612903,23.761290322580646,110.8,17.509677419354837,16.614516129032257
Salvador,Nordeste,1986,6,23.533333333333335,24.683333333333334,22.396666666666665,147.6,20.68,13.930666666666667
Salvador,Nordeste,1986,7,23.135483870967743,24.541935483870965,21.712903225806453,195.7,19.996774193548386,13.662258064516129
Salvador,Nordeste,1986,8,23.438709677419357,25.06451612903226,22.016129032258064,85.4,19.46451612903226,17.88258064516129
Salvador,Nordeste,1986,9,23.08,24.436666666666667,21.796666666666667,115.0,22.146666666666665,18.581666666666667
Salvador,Nordeste,1986,10,24.183870967741935,25.870967741935484,22.774193548387096,122.3,20.80322580645161,21.209032258064518
Salvador,Nordeste,1986,11,24.483333333333334,26.08,23.02,121.8,20.626666666666665,21.321666666666665
Salvador,Nordeste,1986,12,25.73548387096774,27.96451612903226,24.138709677419353,32.2,20.567741935483873,23.51774193548387
Salvador,Nordeste,1987,1,26.358064516129033,28.651612903225807,24.751612903225805,10.6,21.612903225806452,24.892258064516128
Salvador,Nordeste,1987,2,26.22142857142857,28.182142857142857,24.57857142857143,62.4,22.196428571428573,24.0075
Salvador,Nordeste,1987,3,26.306451612903224,28.129032258064516,24.741935483870968,129.3,19.280645161290323,20.898064516129033
Salvador,Nordeste,1987,4,25.9,27.466666666666665,24.34333333333333,127.6,17.490000000000002,18.67
Salvador,Nordeste,1987,5,25.396774193548385,26.796774193548387,24.003225806451614,154.3,17.164516129032258,16.04741935483871
Salvador,Nordeste,1987,6,24.313333333333333,25.623333333333335,22.983333333333334,123.3,17.93,14.568999999999999
Salvador,Nordeste,1987,7,23.532258064516128,25.009677419354837,22.26774193548387,117.1,17.896774193548385,15.369032258064516
Salvador,Nordeste,1987,8,23.92258064516129,25.48709677419355,22.6,67.4,20.299999999999997,17.519032258064517
Salvador,Nordeste,1987,9,24.6,26.326666666666664,23.243333333333332,43.2,19.58,20.888666666666666
Salvador,Nordeste,1987,10,25.716129032258067,28.11935483870968,24.125806451612902,9.4,22.0,24.648709677419355
Salvador,Nordeste,1987,11,26.276666666666664,28.53666666666667,24.740000000000002,46.3,21.576666666666664,22.871
Salvador,Nordeste,1987,12,26.493548387096773,28.706451612903226,24.89032258064516,26.3,20.729032258064517,22.934838709677418
Salvador,Nordeste,1988,1,26.706451612903226,28.85483870967742,25.01290322580645,41.0,20.712903225806453,24.416451612903224
Salvador,Nordeste,1988,2,26.979310344827585,29.155172413793103,25.175862068965518,51.7,21.551724137931036,24.341379310344827
Salvador,Nordeste,1988,3,26.70967741935484,28.490322580645163,25.193548387096776,126.0,20.238709677419354,21.306774193548385
Salvador,Nordeste,1988,4,26.233333333333334,27.740000000000002,24.673333333333336,122.9,18.453333333333333,18.677666666666667
Salvador,Nordeste,1988,5,25.593548387096774,27.17096774193548,24.041935483870965,107.6,17.225806451612904,17.078064516129032
Salvador,Nordeste,1988,6,24.18,25.483333333333334,22.65666666666667,234.3,21.376666666666665,14.195666666666666
Salvador,Nordeste,1988,7,22.896774193548385,24.05806451612903,21.725806451612904,249.8,24.403225806451612,14.03516129032258
Salvador,Nordeste,1988,8,22.664516129032258,23.916129032258063,21.496774193548386,100.5,21.225806451612904,16.444193548387098
Salvador,Nordeste,1988,9,23.68,25.41,22.283333333333335,52.199999999999996,21.396666666666665,20.538666666666664
Salvador,Nordeste,1988,10,24.81935483870968,26.651612903225807,23.396774193548385,52.4,20.37741935483871,21.89290322580645
Salvador,Nordeste,1988,11,25.303333333333335,27.15666666666667,23.84333333333333,110.0,21.533333333333335,22.144000000000002
Salvador,Nordeste,1988,12,25.151612903225807,26.796774193548387,23.729032258064517,228.4,17.52258064516129,20.210322580645162
Salvador,Nordeste,1989,1,25.87741935483871,27.65806451612903,24.270967741935483,56.9,20.241935483870968,23.54612903225806
Salvador,Nordeste,1989,2,26.710714285714285,28.832142857142856,25.235714285714288,13.0,21.40357142857143,24.522142857142857
Salvador,Nordeste,1989,3,26.274193548387096,28.08709677419355,24.716129032258067,182.4,19.541935483870965,20.171290322580642
Salvador,Nordeste,1989,4,25.553333333333335,27.003333333333334,24.06,165.70000000000002,18.446666666666665,18.00433333333333
Salvador,Nordeste,1989,5,24.490322580645163,25.75483870967742,23.164516129032258,502.7,21.654838709677417,12.887419354838709
Salvador,Nordeste,1989,6,23.709999999999997,25.03666666666667,22.456666666666667,193.5,17.746666666666666,13.829666666666666
Salvador,Nordeste,1989,7,23.212903225806453,24.567741935483873,22.0,171.0,22.429032258064513,14.574838709677419
Salvador,Nordeste,1989,8,23.174193548387095,24.55806451612903,21.93548387096774,217.9,21.016129032258064,15.937096774193549
Salvador,Nordeste,1989,9,24.220000000000002,25.983333333333334,22.836666666666666,126.8,20.113333333333333,18.959333333333333
Salvador,Nordeste,1989,10,24.845161290322583,26.548387096774192,23.532258064516128,74.3,20.02258064516129,21.14
Salvador,Nordeste,1989,11,26.123333333333335,28.38,24.59333333333333,23.8,19.586666666666666,23.083000000000002
Salvador,Nordeste,1989,12,24.816129032258065,26.261290322580646,23.551612903225806,306.7,16.574193548387097,13.634516129032258
Salvador,Nordeste,1990,1,25.706451612903226,27.458064516129035,24.112903225806452,41.3,19.248387096774195,23.75516129032258
Salvador,Nordeste,1990,2,26.474999999999998,28.49285714285714,24.860714285714288,32.5,19.139285714285712,23.231785714285714
Salvador,Nordeste,1990,3,26.47741935483871,28.493548387096773,24.851612903225806,45.6,19.629032258064516,22.74225806451613
Salvador,Nordeste,1990,4,26.37,28.16,24.753333333333334,46.8,18.91,20.011666666666667
Salvador,Nordeste,1990,5,25.251612903225805,26.793548387096774,23.796774193548387,137.0,18.629032258064516,16.530967741935484
Salvador,Nordeste,1990,6,24.05666666666667,25.38,22.63,122.7,17.996666666666666,15.211333333333332
Salvador,Nordeste,1990,7,23.593548387096774,24.948387096774194,22.22258064516129,138.3,16.63225806451613,14.768064516129032
Salvador,Nordeste,1990,8,23.19677419354839,24.53548387096774,21.893548387096775,189.29999999999998,19.54516129032258,16.15451612903226
Salvador,Nordeste,1990,9,23.836666666666666,25.293333333333333,22.529999999999998,88.0,19.953333333333333,18.791333333333334
Salvador,Nordeste,1990,10,24.593548387096774,26.296774193548387,23.225806451612904,94.8,19.835483870967742,20.891290322580645
Salvador,Nordeste,1990,11,25.63,27.756666666666668,24.126666666666665,30.599999999999998,20.91,22.995333333333335
Salvador,Nordeste,1990,12,25.87741935483871,27.96451612903226,24.238709677419354,99.4,20.32903225806452,24.081290322580646
Salvador,Nordeste,1991,1,26.13225806451613,28.1,24.583870967741937,32.2,20.0258064516129,23.094193548387096
Salvador,Nordeste,1991,2,26.714285714285715,28.86785714285714,25.071428571428573,40.6,20.335714285714285,24.399642857142858
Salvador,Nordeste,1991,3,26.14516129032258,27.887096774193548,24.703225806451613,138.2,19.019354838709678,20.404838709677417
Salvador,Nordeste,1991,4,25.720000000000002,27.116666666666667,24.263333333333332,127.0,18.540000000000003,18.862666666666666
Salvador,Nordeste,1991,5,24.774193548387096,25.993548387096773,23.532258064516128,184.3,21.783870967741933,15.146451612903226
Salvador,Nordeste,1991,6,23.83,25.07,22.57,143.2,18.27,14.377
Salvador,Nordeste,1991,7,23.306451612903224,24.529032258064515,22.116129032258065,61.6,20.01290322580645,15.373225806451613
Salvador,Nordeste,1991,8,22.55806451612903,23.906451612903226,21.200000000000003,142.1,22.448387096774194,15.456129032258064
Salvador,Nordeste,1991,9,23.313333333333333,24.94,21.993333333333332,91.0,20.326666666666664,18.693666666666665
Salvador,Nordeste,1991,10,24.138709677419353,26.05483870967742,22.72258064516129,36.5,21.603225806451615,22.67096774193548
Salvador,Nordeste,1991,11,25.116666666666667,27.366666666666667,23.61,68.5,19.8,20.517333333333333
Salvador,Nordeste,1991,12,26.032258064516128,28.37741935483871,24.406451612903226,25.2,19.570967741935487,22.95193548387097
Salvador,Nordeste,1992,1,25.812903225806455,27.706451612903226,24.37741935483871,194.9,18.58709677419355,17.371935483870967
Salvador,Nordeste,1992,2,25.06206896551724,26.46206896551724,23.7448275862069,194.4,18.055172413793105,16.39551724137931
Salvador,Nordeste,1992,3,25.793548387096774,27.33225806451613,24.38064516129032,91.9,19.396774193548385,21.116451612903226
Salvador,Nordeste,1992,4,25.94333333333333,27.53666666666667,24.553333333333335,38.3,16.646666666666665,19.073
Salvador,Nordeste,1992,5,25.11935483870968,26.65806451612903,23.716129032258067,68.8,16.580645161290324,16.820967741935487
Salvador,Nordeste,1992,6,23.703333333333333,24.976666666666667,22.416666666666668,170.0,18.64,13.596666666666666
Salvador,Nordeste,1992,7,22.958064516129035,24.212903225806453,21.674193548387095,148.6,19.419354838709676,14.410322580645163
Salvador,Nordeste,1992,8,23.12258064516129,24.54516129032258,21.751612903225805,75.10000000000001,18.490322580645163,17.051935483870967
Salvador,Nordeste,1992,9,23.58,25.123333333333335,22.23,68.9,20.223333333333336,19.416333333333334
Salvador,Nordeste,1992,10,24.838709677419356,26.9,23.25483870967742,16.3,20.84193548387097,22.686451612903223
Salvador,Nordeste,1992,11,25.136666666666667,27.15666666666667,23.62,59.3,20.346666666666668,20.633666666666667
Salvador,Nordeste,1992,12,25.461290322580645,27.561290322580643,23.97741935483871,57.4,19.080645161290324,20.894516129032258
Salvador,Nordeste,1993,1,25.89032258064516,28.019354838709678,24.338709677419356,31.2,20.14516129032258,24.036774193548386
Salvador,Nordeste,1993,2,26.11785714285714,28.085714285714285,24.525000000000002,33.2,21.532142857142855,23.89892857142857
Salvador,Nordeste,1993,3,26.306451612903224,28.45483870967742,24.574193548387097,26.9,21.541935483870965,23.695483870967745
Salvador,Nordeste,1993,4,26.09333333333333,28.07,24.59333333333333,64.4,20.43,19.720666666666666
Salvador,Nordeste,1993,5,24.693548387096776,26.16774193548387,23.270967741935483,145.7,19.32903225806452,16.289354838709677
Salvador,Nordeste,1993,6,23.793333333333333,25.27,22.33,126.0,18.583333333333332,14.474333333333334
Salvador,Nordeste,1993,7,23.58709677419355,25.164516129032258,21.993548387096773,42.1,17.374193548387098,16.168709677419354
Salvador,Nordeste,1993,8,23.280645161290323,24.748387096774195,21.948387096774194,111.5,19.193548387096776,17.337419354838712
Salvador,Nordeste,1993,9,24.263333333333332,26.206666666666667,22.783333333333335,44.300000000000004,20.13,20.584
Salvador,Nordeste,1993,10,24.63225806451613,26.438709677419357,23.296774193548387,95.9,21.72258064516129,21.442258064516132
Salvador,Nordeste,1993,11,25.433333333333334,27.336666666666666,23.92,36.699999999999996,21.073333333333334,23.103333333333335
Salvador,Nordeste,1993,12,26.458064516129035,28.774193548387096,24.770967741935483,12.1,22.161290322580644,24.697741935483872
Salvador,Nordeste,1994,1,26.65806451612903,28.95483870967742,24.9741935483871,21.0,20.896774193548385,24.693548387096776
Salvador,Nordeste,1994,2,26.400000000000002,28.3,24.821428571428573,39.3,20.764285714285712,23.6225
Salvador,Nordeste,1994,3,26.54516129032258,28.509677419354837,24.835483870967742,100.4,17.751612903225805,21.358387096774194
Salvador,Nordeste,1994,4,25.470000000000002,26.846666666666668,24.1,171.4,19.476666666666667,18.013666666666666
Salvador,Nordeste,1994,5,24.925806451612903,26.27741935483871,23.574193548387097,123.9,17.296774193548387,16.304516129032258
Salvador,Nordeste,1994,6,24.086666666666666,25.296666666666667,22.873333333333335,230.9,18.063333333333333,13.929333333333334
Salvador,Nordeste,1994,7,23.23548387096774,24.606451612903225,21.85483870967742,206.6,20.183870967741935,14.579354838709676
Salvador,Nordeste,1994,8,23.041935483870965,24.458064516129035,21.68064516129032,99.3,19.261290322580646,17.421612903225807
Salvador,Nordeste,1994,9,23.523333333333333,24.94,22.3,62.9,20.403333333333332,19.12933333333333
Salvador,Nordeste,1994,10,24.461290322580645,26.274193548387096,22.903225806451612,47.199999999999996,20.748387096774195,22.75516129032258
Salvador,Nordeste,1994,11,25.456666666666667,27.60666666666667,23.846666666666668,28.9,20.746666666666666,23.793666666666663
Salvador,Nordeste,1994,12,26.067741935483873,28.396774193548385,24.351612903225806,21.1,20.654838709677417,23.927096774193547
Salvador,Nordeste,1995,1,26.74516129032258,29.493548387096773,24.916129032258063,13.3,21.990322580645163,25.705483870967743
Salvador,Nordeste,1995,2,27.11785714285714,29.521428571428572,25.45,19.5,21.942857142857143,24.619642857142857
Salvador,Nordeste,1995,3,26.916129032258063,28.896774193548385,25.293548387096774,78.2,20.096774193548388,21.776129032258062
Salvador,Nordeste,1995,4,25.71333333333333,27.123333333333335,24.293333333333333,238.4,17.790000000000003,17.349666666666668
Salvador,Nordeste,1995,5,25.216129032258067,26.458064516129035,23.82903225806452,211.5,17.432258064516127,15.22709677419355
Salvador,Nordeste,1995,6,24.113333333333333,25.296666666666667,22.946666666666665,148.6,20.16,14.348
Salvador,Nordeste,1995,7,23.67096774193548,25.093548387096774,22.26774193548387,90.4,19.032258064516128,15.389032258064516
Salvador,Nordeste,1995,8,23.406451612903226,24.780645161290323,22.08709677419355,63.9,18.758064516129032,16.86032258064516
Salvador,Nordeste,1995,9,23.59,25.279999999999998,22.116666666666667,65.6,20.616666666666667,20.365333333333336
Salvador,Nordeste,1995,10,25.148387096774194,27.51290322580645,23.55483870967742,8.4,21.67096774193548,24.315161290322582
Salvador,Nordeste,1995,11,25.096666666666668,27.06,23.55,94.60000000000001,20.720000000000002,20.561333333333334
Salvador,Nordeste,1995,12,26.20967741935484,28.809677419354838,24.6,21.8,19.177419354838708,22.80290322580645
Salvador,Nordeste,1996,1,26.258064516129032,28.15806451612903,24.74516129032258,42.7,21.480645161290322,24.427419354838708
Salvador,Nordeste,1996,2,26.86551724137931,28.989655172413794,25.29310344827586,39.2,22.45862068965517,24.62655172413793
Salvador,Nordeste,1996,3,27.051612903225806,29.038709677419355,25.451612903225808,48.2,21.629032258064516,22.449032258064516
Salvador,Nordeste,1996,4,25.763333333333332,27.11,24.39333333333333,195.9,21.07,16.840666666666667
Salvador,Nordeste,1996,5,24.812903225806455,26.016129032258064,23.674193548387095,149.5,20.364516129032257,16.00967741935484
Salvador,Nordeste,1996,6,23.65666666666667,24.946666666666665,22.456666666666667,245.9,21.676666666666666,13.930666666666667
Salvador,Nordeste,1996,7,23.070967741935487,24.458064516129035,21.751612903225805,131.2,19.664516129032258,15.452258064516128
Salvador,Nordeste,1996,8,23.11935483870968,24.429032258064513,21.845161290322583,108.2,21.674193548387095,15.958064516129031
Salvador,Nordeste,1996,9,23.720000000000002,25.32,22.323333333333334,104.89999999999999,19.93,19.483
Salvador,Nordeste,1996,10,25.096774193548388,27.141935483870967,23.629032258064516,31.6,20.374193548387098,23.23677419354839
Salvador,Nordeste,1996,11,25.5,27.446666666666665,23.91,121.2,20.666666666666668,21.229666666666667
Salvador,Nordeste,1996,12,26.225806451612904,28.551612903225806,24.529032258064515,50.9,19.59032258064516,24.442580645161293
Salvador,Nordeste,1997,1,26.306451612903224,28.26774193548387,24.729032258064517,63.2,19.548387096774192,22.23709677419355
Salvador,Nordeste,1997,2,25.457142857142856,27.22142857142857,23.896428571428572,103.1,20.160714285714285,21.52642857142857
Salvador,Nordeste,1997,3,25.887096774193548,27.583870967741937,24.38064516129032,144.0,18.348387096774193,18.539677419354838
Salvador,Nordeste,1997,4,25.23,26.66,23.68,167.1,17.176666666666666,17.521333333333335
Salvador,Nordeste,1997,5,24.154838709677417,25.406451612903226,22.91290322580645,220.3,21.516129032258064,14.230322580645161
Salvador,Nordeste,1997,6,24.113333333333333,25.61,22.62,164.3,15.84,14.483
Salvador,Nordeste,1997,7,23.238709677419354,24.574193548387097,21.990322580645163,95.4,19.44516129032258,15.386129032258063
Salvador,Nordeste,1997,8,23.23225806451613,24.76451612903226,21.758064516129032,57.4,20.661290322580644,17.526129032258062
Salvador,Nordeste,1997,9,24.676666666666666,27.096666666666668,22.95,12.7,19.323333333333334,21.98933333333333
Salvador,Nordeste,1997,10,25.358064516129033,27.848387096774193,23.69677419354839,31.4,21.54516129032258,22.51838709677419
Salvador,Nordeste,1997,11,26.333333333333332,28.82,24.603333333333335,10.0,21.346666666666668,24.334333333333333
Salvador,Nordeste,1997,12,26.799999999999997,29.23225806451613,25.04516129032258,38.9,20.938709677419357,24.6
Salvador,Nordeste,1998,1,27.08709677419355,29.06451612903226,25.451612903225808,42.5,20.309677419354838,23.123548387096776
Salvador,Nordeste,1998,2,27.792857142857144,30.157142857142855,26.114285714285717,8.8,21.535714285714285,25.012857142857143
Salvador,Nordeste,1998,3,27.53548387096774,29.603225806451615,25.84193548387097,54.3,21.625806451612902,22.956451612903226
Salvador,Nordeste,1998,4,26.709999999999997,28.346666666666668,25.243333333333332,219.79999999999998,19.966666666666665,19.399
Salvador,Nordeste,1998,5,25.73225806451613,27.138709677419353,24.490322580645163,114.6,19.55806451612903,16.54612903225806
Salvador,Nordeste,1998,6,24.153333333333332,25.326666666666664,23.003333333333334,252.4,22.8,13.130333333333335
Salvador,Nordeste,1998,7,23.448387096774194,24.596774193548388,22.274193548387096,211.9,20.36774193548387,13.838064516129032
Salvador,Nordeste,1998,8,23.787096774193547,25.270967741935483,22.419354838709676,77.8,18.396774193548385,17.695483870967742
Salvador,Nordeste,1998,9,24.44,25.986666666666668,23.133333333333333,54.9,20.290000000000003,20.787
Salvador,Nordeste,1998,10,25.403225806451612,27.42258064516129,23.85483870967742,26.8,22.22258064516129,22.812903225806455
Salvador,Nordeste,1998,11,26.336666666666666,28.64,24.776666666666664,27.1,19.970000000000002,22.37066666666667
Salvador,Nordeste,1998,12,26.503225806451614,28.725806451612904,24.787096774193547,28.599999999999998,20.60967741935484,23.051612903225806
Salvador,Nordeste,1999,1,26.506451612903227,28.5,24.932258064516127,31.0,21.84193548387097,24.294516129032257
Salvador,Nordeste,1999,2,26.40357142857143,28.310714285714287,24.714285714285715,61.0,21.232142857142858,22.167499999999997
Salvador,Nordeste,1999,3,26.69677419354839,28.770967741935483,25.016129032258064,40.6,20.364516129032257,22.50741935483871
Salvador,Nordeste,1999,4,25.563333333333333,27.083333333333332,24.09,157.3,20.4,18.686333333333334
Salvador,Nordeste,1999,5,24.53548387096774,25.85483870967742,23.187096774193545,323.4,20.18064516129032,14.080645161290322
Salvador,Nordeste,1999,6,24.07,25.3,22.88,193.3,18.34333333333333,12.910333333333334
Salvador,Nordeste,1999,7,23.351612903225806,24.65806451612903,22.12258064516129,169.5,19.574193548387097,14.73516129032258
Salvador,Nordeste,1999,8,22.664516129032258,24.01290322580645,21.335483870967742,260.4,22.261290322580646,15.356129032258066
Salvador,Nordeste,1999,9,23.71333333333333,25.23,22.376666666666665,84.3,19.78666666666667,18.86
Salvador,Nordeste,1999,10,24.0,25.73225806451613,22.635483870967743,170.3,22.364516129032257,19.40967741935484
Salvador,Nordeste,1999,11,25.003333333333334,26.89,23.52,131.9,20.81,20.830333333333332
Salvador,Nordeste,1999,12,25.574193548387097,27.47741935483871,24.067741935483873,112.6,18.345161290322583,21.36774193548387
Salvador,Nordeste,2000,1,26.04516129032258,28.067741935483873,24.44516129032258,72.2,18.887096774193548,23.75
Salvador,Nordeste,2000,2,26.175862068965518,28.0,24.551724137931036,99.8,19.051724137931036,22.12379310344828
Salvador,Nordeste,2000,3,25.948387096774194,27.467741935483872,24.41290322580645,89.7,18.20967741935484,20.855806451612903
Salvador,Nordeste,2000,4,25.396666666666665,26.92,23.94333333333333,230.8,18.80666666666667,17.503
Salvador,Nordeste,2000,5,24.774193548387096,26.24516129032258,23.212903225806453,206.6,18.906451612903226,15.510645161290322
Salvador,Nordeste,2000,6,23.94333333333333,25.18,22.740000000000002,164.1,20.09,13.667
Salvador,Nordeste,2000,7,23.238709677419354,24.551612903225806,21.858064516129033,122.7,18.980645161290322,15.284516129032259
Salvador,Nordeste,2000,8,23.161290322580644,24.46451612903226,21.925806451612903,151.1,20.40967741935484,16.108387096774194
Salvador,Nordeste,2000,9,23.793333333333333,25.21333333333333,22.453333333333333,148.6,20.45,18.216666666666665
Salvador,Nordeste,2000,10,24.996774193548386,26.970967741935485,23.43548387096774,23.5,20.12258064516129,23.59967741935484
Salvador,Nordeste,2000,11,25.633333333333333,27.65666666666667,24.076666666666664,100.39999999999999,17.88,21.942333333333334
Salvador,Nordeste,2000,12,25.796774193548387,27.951612903225808,24.26451612903226,99.1,19.13225806451613,21.06451612903226
Salvador,Nordeste,2001,1,25.9741935483871,27.687096774193545,24.406451612903226,45.9,19.903225806451612,24.062258064516133
Salvador,Nordeste,2001,2,26.582142857142856,28.589285714285715,25.00357142857143,34.4,20.667857142857144,23.748214285714287
Salvador,Nordeste,2001,3,26.206451612903226,27.88064516129032,24.59032258064516,101.6,18.583870967741937,21.324838709677422
Salvador,Nordeste,2001,4,25.60666666666667,27.016666666666666,24.25,90.4,18.776666666666664,18.696
Salvador,Nordeste,2001,5,25.364516129032257,26.903225806451612,23.89032258064516,104.1,18.051612903225806,17.06483870967742
Salvador,Nordeste,2001,6,24.13,25.366666666666667,22.896666666666665,147.5,19.756666666666668,14.714
Salvador,Nordeste,2001,7,23.561290322580643,24.906451612903226,22.299999999999997,105.0,19.683870967741935,15.633870967741935
Salvador,Nordeste,2001,8,23.103225806451615,24.43548387096774,21.825806451612905,135.2,22.183870967741935,16.02967741935484
Salvador,Nordeste,2001,9,23.623333333333335,25.323333333333334,22.15666666666667,166.9,19.506666666666668,19.110666666666667
Salvador,Nordeste,2001,10,24.758064516129032,26.616129032258065,23.270967741935483,160.7,21.274193548387096,21.235806451612902
Salvador,Nordeste,2001,11,25.936666666666667,28.31,24.253333333333334,10.7,21.263333333333332,24.447333333333333
Salvador,Nordeste,2001,12,26.06451612903226,27.951612903225808,24.603225806451615,54.9,20.34193548387097,21.5841935483871
Salvador,Nordeste,2002,1,25.63225806451613,27.387096774193548,24.15806451612903,176.4,18.84193548387097,19.996774193548386
Salvador,Nordeste,2002,2,26.264285714285712,28.192857142857143,24.625,59.9,18.54642857142857,22.612142857142857
Salvador,Nordeste,2002,3,26.19677419354839,27.887096774193548,24.638709677419353,70.6,19.280645161290323,21.845161290322583
Salvador,Nordeste,2002,4,25.876666666666665,27.183333333333334,24.46333333333333,94.1,18.46333333333333,19.046
Salvador,Nordeste,2002,5,25.070967741935487,26.35483870967742,23.751612903225805,199.79999999999998,18.200000000000003,16.247096774193547
Salvador,Nordeste,2002,6,24.273333333333333,25.583333333333332,22.993333333333332,137.8,18.716666666666665,13.923333333333334
Salvador,Nordeste,2002,7,23.570967741935487,24.94193548387097,22.18064516129032,119.6,17.68064516129032,15.291612903225808
Salvador,Nordeste,2002,8,23.6,24.94193548387097,22.30322580645161,83.2,19.770967741935483,17.287096774193547
Salvador,Nordeste,2002,9,24.186666666666667,26.026666666666664,22.596666666666668,97.8,20.563333333333333,19.413999999999998
Salvador,Nordeste,2002,10,24.796774193548387,26.738709677419354,23.33225806451613,10.9,21.55483870967742,24.028387096774193
Salvador,Nordeste,2002,11,25.716666666666665,27.85666666666667,24.223333333333336,51.5,23.48,23.533333333333335
Salvador,Nordeste,2002,12,26.448387096774194,28.799999999999997,24.86774193548387,45.400000000000006,21.59032258064516,22.159032258064514
Salvador,Nordeste,2003,1,27.022580645161288,29.64516129032258,25.225806451612904,19.8,21.75483870967742,24.833548387096776
Salvador,Nordeste,2003,2,26.564285714285713,28.392857142857142,24.939285714285713,49.0,20.77857142857143,23.634285714285713
Salvador,Nordeste,2003,3,26.53548387096774,28.16774193548387,24.996774193548386,111.8,20.1,21.070645161290326
Salvador,Nordeste,2003,4,26.3,27.983333333333334,24.803333333333335,86.8,19.763333333333332,19.745
Salvador,Nordeste,2003,5,25.177419354838708,26.68064516129032,23.81935483870968,263.8,19.961290322580645,14.926129032258064
Salvador,Nordeste,2003,6,24.28666666666667,25.45,23.040000000000003,154.0,18.18,14.015333333333333
Salvador,Nordeste,2003,7,23.27741935483871,24.72258064516129,21.89032258064516,168.8,19.761290322580646,14.656129032258063
Salvador,Nordeste,2003,8,23.570967741935487,25.006451612903227,22.187096774193545,122.5,18.809677419354838,16.65741935483871
Salvador,Nordeste,2003,9,24.136666666666667,25.836666666666666,22.726666666666667,102.3,19.886666666666667,20.290000000000003
Salvador,Nordeste,2003,10,24.69677419354839,26.287096774193547,23.37741935483871,94.0,22.26774193548387,22.037419354838708
Salvador,Nordeste,2003,11,25.4,27.133333333333333,24.013333333333332,130.0,21.016666666666666,22.045333333333335
Salvador,Nordeste,2003,12,26.322580645161292,28.493548387096773,24.780645161290323,18.1,21.92258064516129,24.623225806451615
Salvador,Nordeste,2004,1,26.003225806451614,27.932258064516127,24.52258064516129,197.0,20.029032258064515,19.38193548387097
Salvador,Nordeste,2004,2,26.420689655172417,28.28965517241379,24.76206896551724,38.0,18.351724137931036,23.368275862068963
Salvador,Nordeste,2004,3,26.461290322580645,28.187096774193545,24.9,69.9,19.02258064516129,21.45935483870968
Salvador,Nordeste,2004,4,25.896666666666665,27.323333333333334,24.540000000000003,194.0,18.6,18.963
Salvador,Nordeste,2004,5,25.051612903225806,26.35483870967742,23.712903225806453,115.8,16.62258064516129,15.83
Salvador,Nordeste,2004,6,24.183333333333334,25.490000000000002,22.846666666666668,124.7,18.62,14.576333333333334
Salvador,Nordeste,2004,7,23.083870967741937,24.438709677419357,21.893548387096775,182.0,21.061290322580643,14.290967741935484
Salvador,Nordeste,2004,8,22.90967741935484,24.283870967741933,21.641935483870967,110.5,20.187096774193545,16.71483870967742
Salvador,Nordeste,2004,9,23.790000000000003,25.33,22.493333333333332,36.5,20.933333333333334,20.308666666666667
Salvador,Nordeste,2004,10,25.019354838709678,26.990322580645163,23.406451612903226,49.8,20.635483870967743,22.220967741935485
Salvador,Nordeste,2004,11,25.583333333333332,27.65,23.91,85.5,21.34333333333333,22.283666666666665
Salvador,Nordeste,2004,12,26.358064516129033,28.529032258064515,24.825806451612905,10.700000000000001,21.37741935483871,25.18516129032258
Salvador,Nordeste,2005,1,26.719354838709677,28.94516129032258,25.12258064516129,59.3,21.05806451612903,24.21483870967742
Salvador,Nordeste,2005,2,26.625,28.335714285714285,25.07857142857143,123.89999999999999,19.88214285714286,20.951785714285712
Salvador,Nordeste,2005,3,26.60967741935484,28.35483870967742,25.05483870967742,123.7,17.88064516129032,21.567741935483873
Salvador,Nordeste,2005,4,25.90666666666667,27.333333333333332,24.46333333333333,122.7,17.666666666666668,18.235333333333337
Salvador,Nordeste,2005,5,25.05483870967742,26.425806451612903,23.687096774193545,199.0,19.638709677419353,14.926774193548388
Salvador,Nordeste,2005,6,23.993333333333332,25.30666666666667,22.666666666666668,292.7,20.026666666666664,13.412666666666667
Salvador,Nordeste,2005,7,23.258064516129032,24.532258064516128,21.916129032258063,267.9,20.932258064516127,13.46483870967742
Salvador,Nordeste,2005,8,23.55806451612903,25.03548387096774,22.241935483870968,75.7,19.596774193548388,17.718064516129033
Salvador,Nordeste,2005,9,24.496666666666666,26.166666666666668,23.153333333333332,40.7,19.970000000000002,20.53966666666667
Salvador,Nordeste,2005,10,25.335483870967742,27.37741935483871,23.706451612903226,27.7,21.89032258064516,23.65774193548387
Salvador,Nordeste,2005,11,25.84333333333333,27.916666666666668,24.346666666666668,50.5,22.216666666666665,22.228
Salvador,Nordeste,2005,12,26.103225806451615,27.916129032258063,24.616129032258065,38.7,21.26774193548387,22.92258064516129
Salvador,Nordeste,2006,1,26.151612903225807,28.029032258064515,24.548387096774192,27.1,22.406451612903226,24.29612903225806
Salvador,Nordeste,2006,2,27.114285714285717,29.521428571428572,25.407142857142855,17.3,22.25714285714286,24.512857142857143
Salvador,Nordeste,2006,3,26.741935483870968,28.77741935483871,25.070967741935487,92.2,20.248387096774195,21.39483870967742
Salvador,Nordeste,2006,4,25.763333333333332,27.323333333333334,24.243333333333332,257.2,18.10666666666667,17.60233333333333
Salvador,Nordeste,2006,5,24.81935483870968,26.048387096774192,23.496774193548386,172.3,19.73225806451613,14.87774193548387
Salvador,Nordeste,2006,6,23.573333333333334,24.779999999999998,22.44,274.4,23.523333333333333,13.036333333333333
Salvador,Nordeste,2006,7,23.200000000000003,24.467741935483872,21.951612903225808,141.4,20.5258064516129,14.498064516129032
Salvador,Nordeste,2006,8,23.57741935483871,25.05483870967742,22.274193548387096,61.9,20.148387096774194,17.63064516129032
Salvador,Nordeste,2006,9,23.853333333333335,25.65,22.353333333333335,145.1,21.086666666666666,19.220333333333333
Salvador,Nordeste,2006,10,24.883870967741935,26.780645161290323,23.44193548387097,87.2,20.503225806451614,20.114838709677418
Salvador,Nordeste,2006,11,25.483333333333334,27.446666666666665,23.873333333333335,93.80000000000001,19.153333333333332,22.269333333333336
Salvador,Nordeste,2006,12,26.635483870967743,28.716129032258067,25.083870967741937,13.6,21.096774193548388,24.40741935483871
Salvador,Nordeste,2007,1,26.990322580645163,29.299999999999997,25.396774193548385,15.4,22.006451612903227,24.876774193548385
Salvador,Nordeste,2007,2,26.303571428571427,28.232142857142858,24.664285714285715,216.2,19.982142857142858,19.735714285714288
Salvador,Nordeste,2007,3,25.761290322580646,27.361290322580647,24.129032258064516,107.5,17.958064516129035,21.54
Salvador,Nordeste,2007,4,25.85,27.42,24.196666666666665,135.20000000000002,17.023333333333333,19.105666666666664
Salvador,Nordeste,2007,5,25.009677419354837,26.322580645161292,23.703225806451613,291.6,20.141935483870967,14.93483870967742
Salvador,Nordeste,2007,6,24.023333333333333,25.163333333333334,22.85,108.7,19.746666666666666,14.704
Salvador,Nordeste,2007,7,23.629032258064516,25.006451612903227,22.241935483870968,100.2,18.89032258064516,15.156774193548388
Salvador,Nordeste,2007,8,23.164516129032258,24.45483870967742,21.97741935483871,75.4,22.219354838709677,16.656129032258065
Salvador,Nordeste,2007,9,23.44,24.94333333333333,22.043333333333333,66.4,21.586666666666666,19.671333333333333
Salvador,Nordeste,2007,10,24.364516129032257,26.251612903225805,22.961290322580645,42.9,22.370967741935484,22.319032258064517
Salvador,Nordeste,2007,11,25.61,27.89333333333333,24.02,31.9,22.65,22.955666666666666
Salvador,Nordeste,2007,12,26.067741935483873,28.361290322580647,24.403225806451612,24.6,21.541935483870965,24.32032258064516
Salvador,Nordeste,2008,1,26.15806451612903,28.206451612903226,24.580645161290324,19.8,22.148387096774194,24.608387096774194
Salvador,Nordeste,2008,2,26.417241379310347,28.54137931034483,24.74137931034483,89.5,20.586206896551722,22.79206896551724
Salvador,Nordeste,2008,3,26.299999999999997,28.04516129032258,24.84193548387097,145.8,18.345161290322583,20.89548387096774
Salvador,Nordeste,2008,4,26.196666666666665,27.759999999999998,24.58,80.89999999999999,16.87666666666667,19.508666666666667
Salvador,Nordeste,2008,5,25.229032258064517,26.4741935483871,23.95483870967742,126.9,20.154838709677417,15.712258064516128
Salvador,Nordeste,2008,6,23.836666666666666,25.08,22.42,150.1,19.509999999999998,14.458666666666666
Salvador,Nordeste,2008,7,22.929032258064513,24.19677419354839,21.496774193548386,104.5,21.812903225806455,14.980322580645161
Salvador,Nordeste,2008,8,23.296774193548387,24.738709677419354,22.125806451612902,60.8,19.970967741935485,17.31
Salvador,Nordeste,2008,9,24.103333333333335,25.706666666666667,22.813333333333333,62.7,21.446666666666665,19.336666666666666
Salvador,Nordeste,2008,10,25.006451612903227,26.948387096774194,23.629032258064516,40.4,22.98709677419355,22.986129032258063
Salvador,Nordeste,2008,11,26.09,28.59333333333333,24.46333333333333,19.8,23.09333333333333,24.093
Salvador,Nordeste,2008,12,25.88064516129032,27.82903225806452,24.29032258064516,77.4,19.651612903225807,21.950645161290325
Salvador,Nordeste,2009,1,26.53548387096774,28.570967741935487,24.92258064516129,37.2,20.783870967741933,23.960645161290323
Salvador,Nordeste,2009,2,26.235714285714288,27.989285714285717,24.675,103.39999999999999,20.460714285714285,22.327142857142857
Salvador,Nordeste,2009,3,27.032258064516128,29.103225806451615,25.4,24.8,20.629032258064516,23.377741935483872
Salvador,Nordeste,2009,4,26.32,27.946666666666665,24.726666666666667,162.0,19.0,18.55366666666667
Salvador,Nordeste,2009,5,24.870967741935484,25.929032258064513,23.787096774193547,446.8,21.519354838709678,12.218064516129031
Salvador,Nordeste,2009,6,24.246666666666666,25.513333333333332,23.076666666666664,126.2,18.94333333333333,14.530333333333333
Salvador,Nordeste,2009,7,23.88064516129032,25.083870967741937,22.603225806451615,105.5,17.22258064516129,14.825806451612904
Salvador,Nordeste,2009,8,24.074193548387097,25.451612903225808,22.82903225806452,70.1,18.97741935483871,17.075806451612905
Salvador,Nordeste,2009,9,24.88,26.83,23.283333333333335,22.4,19.740000000000002,21.425666666666665
Salvador,Nordeste,2009,10,25.532258064516128,27.358064516129033,24.161290322580644,128.6,19.919354838709676,19.919032258064515
Salvador,Nordeste,2009,11,26.033333333333335,28.34,24.363333333333333,8.3,21.490000000000002,25.417333333333332
Salvador,Nordeste,2009,12,26.980645161290322,29.225806451612904,25.44193548387097,18.5,22.419354838709676,23.455483870967743
Salvador,Nordeste,2010,1,26.664516129032258,28.51290322580645,25.067741935483873,53.199999999999996,21.10967741935484,24.16
Salvador,Nordeste,2010,2,27.178571428571427,28.960714285714285,25.685714285714287,50.3,21.40357142857143,22.518214285714286
Salvador,Nordeste,2010,3,27.361290322580647,29.335483870967742,25.67096774193548,119.60000000000001,18.65806451612903,20.74258064516129
Salvador,Nordeste,2010,4,25.89333333333333,27.253333333333334,24.540000000000003,359.7,19.766666666666666,16.473666666666666
Salvador,Nordeste,2010,5,25.716129032258067,27.009677419354837,24.348387096774193,166.7,17.30322580645161,15.71967741935484
Salvador,Nordeste,2010,6,24.529999999999998,25.636666666666667,23.529999999999998,152.7,24.783333333333335,13.029
Salvador,Nordeste,2010,7,23.46451612903226,24.700000000000003,22.193548387096776,232.6,21.958064516129035,13.775806451612903
Salvador,Nordeste,2010,8,23.225806451612904,24.690322580645162,21.916129032258063,89.7,20.932258064516127,16.863225806451613
Salvador,Nordeste,2010,9,23.666666666666668,25.296666666666667,22.240000000000002,62.7,22.006666666666668,19.392999999999997
Salvador,Nordeste,2010,10,25.393548387096775,27.53548387096774,23.85483870967742,65.3,21.006451612903227,21.832903225806454
Salvador,Nordeste,2010,11,26.12,28.45,24.52,8.1,22.073333333333334,24.441666666666666
Salvador,Nordeste,2010,12,26.44193548387097,28.82903225806452,24.75483870967742,36.1,20.651612903225807,23.238064516129032
Salvador,Nordeste,2011,1,25.94193548387097,27.741935483870968,24.483870967741936,81.4,20.141935483870967,22.746451612903225
Salvador,Nordeste,2011,2,26.32857142857143,28.032142857142855,24.79642857142857,42.300000000000004,20.375,23.070357142857144
Salvador,Nordeste,2011,3,26.86774193548387,28.967741935483872,25.141935483870967,86.7,20.690322580645162,21.557419354838707
Salvador,Nordeste,2011,4,25.703333333333333,27.246666666666666,24.283333333333335,225.7,19.936666666666667,17.663999999999998
Salvador,Nordeste,2011,5,24.56451612903226,25.72258064516129,23.299999999999997,178.5,20.5258064516129,14.649677419354838
Salvador,Nordeste,2011,6,23.759999999999998,25.040000000000003,22.386666666666667,195.8,19.166666666666668,14.350666666666665
Salvador,Nordeste,2011,7,23.506451612903227,24.77741935483871,22.364516129032257,67.0,20.361290322580647,15.376774193548387
Salvador,Nordeste,2011,8,23.67096774193548,25.125806451612902,22.216129032258067,55.7,19.029032258064515,17.441290322580645
Salvador,Nordeste,2011,9,23.543333333333333,25.013333333333332,22.283333333333335,77.10000000000001,23.009999999999998,19.146
Salvador,Nordeste,2011,10,24.690322580645162,26.451612903225808,23.345161290322583,183.6,22.083870967741937,20.00709677419355
Salvador,Nordeste,2011,11,24.793333333333333,26.470000000000002,23.523333333333333,136.9,21.586666666666666,19.802333333333333
Salvador,Nordeste,2011,12,25.874193548387098,27.983870967741936,24.312903225806455,31.8,20.758064516129032,23.411290322580644
Salvador,Nordeste,2012,1,25.893548387096775,27.72258064516129,24.490322580645163,39.2,22.096774193548388,23.231935483870966
Salvador,Nordeste,2012,2,25.627586206896552,27.317241379310346,24.189655172413794,62.1,22.106896551724137,23.33137931034483
Salvador,Nordeste,2012,3,26.219354838709677,28.138709677419353,24.690322580645162,33.8,22.39032258064516,23.433548387096774
Salvador,Nordeste,2012,4,25.936666666666667,27.723333333333336,24.44,43.5,19.983333333333334,20.486
Salvador,Nordeste,2012,5,24.88064516129032,26.238709677419354,23.548387096774192,228.9,20.55483870967742,15.745806451612903
Salvador,Nordeste,2012,6,24.08,25.346666666666668,22.853333333333335,111.3,17.233333333333334,14.588333333333333
Salvador,Nordeste,2012,7,23.52258064516129,24.903225806451612,22.032258064516128,61.2,19.451612903225808,15.196451612903225
Salvador,Nordeste,2012,8,22.864516129032257,24.235483870967744,21.467741935483872,100.3,22.23225806451613,17.63741935483871
Salvador,Nordeste,2012,9,23.98,25.793333333333333,22.57,71.6,22.89333333333333,20.365000000000002
Salvador,Nordeste,2012,10,24.26451612903226,25.9741935483871,22.94516129032258,32.1,21.606451612903225,22.220645161290324
Salvador,Nordeste,2012,11,25.866666666666667,28.279999999999998,24.266666666666666,20.099999999999998,21.546666666666667,22.080333333333332
Salvador,Nordeste,2012,12,26.17096774193548,28.44516129032258,24.519354838709678,10.6,22.76451612903226,24.921290322580642
Salvador,Nordeste,2013,1,26.51290322580645,28.65806451612903,24.88064516129032,61.9,21.23225806451613,22.63290322580645
Salvador,Nordeste,2013,2,26.539285714285715,28.360714285714288,24.99642857142857,37.4,22.37142857142857,23.73107142857143
Salvador,Nordeste,2013,3,26.9741935483871,29.0258064516129,25.361290322580647,40.3,22.651612903225807,23.052258064516128
Salvador,Nordeste,2013,4,26.006666666666668,27.64333333333333,24.553333333333335,250.2,22.85666666666667,17.27466666666667
Salvador,Nordeste,2013,5,24.948387096774194,26.27741935483871,23.41290322580645,158.0,18.874193548387098,15.49
Salvador,Nordeste,2013,6,24.276666666666664,25.626666666666665,22.826666666666664,136.9,16.856666666666666,14.725999999999999
Salvador,Nordeste,2013,7,23.86774193548387,25.11935483870968,22.651612903225807,179.8,18.396774193548385,14.370000000000001
Salvador,Nordeste,2013,8,23.44193548387097,24.87741935483871,22.103225806451615,138.1,19.683870967741935,16.616451612903226
Salvador,Nordeste,2013,9,24.146666666666665,25.759999999999998,22.666666666666668,76.8,20.796666666666667,20.280666666666665
Salvador,Nordeste,2013,10,24.76774193548387,26.612903225806452,23.31935483870968,137.9,22.212903225806453,21.710967741935484
Salvador,Nordeste,2013,11,25.13,26.86,23.646666666666665,95.5,20.576666666666664,21.526333333333334
Salvador,Nordeste,2013,12,26.18064516129032,28.490322580645163,24.706451612903226,55.9,20.54516129032258,22.001290322580644
Salvador,Nordeste,2014,1,25.848387096774193,27.629032258064516,24.29032258064516,54.0,21.05483870967742,24.30258064516129
Salvador,Nordeste,2014,2,25.525000000000002,26.982142857142858,24.0,107.2,20.25714285714286,21.09035714285714
Salvador,Nordeste,2014,3,26.11935483870968,27.603225806451615,24.719354838709677,71.1,19.406451612903226,21.26451612903226
Salvador,Nordeste,2014,4,26.113333333333333,27.496666666666666,24.596666666666668,121.2,19.459999999999997,18.961666666666666
Salvador,Nordeste,2014,5,24.9,26.200000000000003,23.48709677419355,178.1,19.480645161290322,15.284516129032259
Salvador,Nordeste,2014,6,24.203333333333333,25.333333333333332,23.029999999999998,131.4,19.003333333333334,14.712333333333333
Salvador,Nordeste,2014,7,23.651612903225807,24.925806451612903,22.4741935483871,204.2,20.190322580645162,14.457096774193548
Salvador,Nordeste,2014,8,23.419354838709676,24.835483870967742,22.041935483870965,96.6,20.55806451612903,16.73548387096774
Salvador,Nordeste,2014,9,23.876666666666665,25.69333333333333,22.293333333333333,63.2,21.896666666666665,19.663999999999998
Salvador,Nordeste,2014,10,24.76774193548387,26.53548387096774,23.438709677419357,57.1,23.135483870967743,21.39483870967742
Salvador,Nordeste,2014,11,25.263333333333332,27.076666666666664,23.77,135.6,21.563333333333333,20.387999999999998
Salvador,Nordeste,2014,12,25.4741935483871,27.248387096774195,24.09032258064516,83.3,20.09032258064516,21.601290322580645
Salvador,Nordeste,2015,1,26.083870967741937,27.77741935483871,24.664516129032258,35.8,20.687096774193545,23.69451612903226
Salvador,Nordeste,2015,2,26.42142857142857,28.157142857142855,25.02857142857143,81.6,20.05,22.14035714285714
Salvador,Nordeste,2015,3,26.674193548387095,28.316129032258065,25.151612903225807,56.2,19.470967741935485,22.59774193548387
Salvador,Nordeste,2015,4,26.27,27.816666666666666,24.646666666666665,202.8,17.80666666666667,18.475
Salvador,Nordeste,2015,5,24.97741935483871,26.358064516129033,23.551612903225806,384.0,19.241935483870968,14.601612903225806
Salvador,Nordeste,2015,6,24.006666666666668,25.163333333333334,22.80666666666667,236.70000000000002,18.813333333333333,12.826666666666666
Salvador,Nordeste,2015,7,23.84193548387097,25.274193548387096,22.45483870967742,137.8,19.106451612903225,15.251935483870968
Salvador,Nordeste,2015,8,23.52258064516129,24.88064516129032,22.258064516129032,80.2,20.061290322580643,16.587419354838712
Salvador,Nordeste,2015,9,24.75,26.723333333333336,23.116666666666667,26.7,19.61,20.280666666666665
Salvador,Nordeste,2015,10,25.57741935483871,27.700000000000003,24.048387096774192,22.9,21.345161290322583,23.268387096774195
Salvador,Nordeste,2015,11,26.746666666666666,29.64333333333333,24.926666666666666,6.4,22.90666666666667,24.763333333333332
Salvador,Nordeste,2015,12,26.948387096774194,29.467741935483872,25.206451612903226,11.5,22.787096774193547,25.08483870967742
Salvador,Nordeste,2016,1,26.703225806451613,28.700000000000003,25.25483870967742,156.7,19.448387096774194,19.690322580645162
Salvador,Nordeste,2016,2,27.113793103448273,28.917241379310347,25.513793103448275,23.1,19.479310344827585,24.474482758620688
Salvador,Nordeste,2016,3,27.14516129032258,28.861290322580647,25.72258064516129,45.6,20.664516129032258,22.320645161290326
Salvador,Nordeste,2016,4,26.63,28.233333333333334,25.146666666666665,56.3,19.293333333333333,19.694333333333336
Salvador,Nordeste,2016,5,25.467741935483872,26.741935483870968,24.103225806451615,152.2,18.193548387096776,15.91709677419355
Salvador,Nordeste,2016,6,24.83,26.283333333333335,23.529999999999998,158.1,21.126666666666665,14.234333333333332
Salvador,Nordeste,2016,7,23.929032258064513,25.403225806451612,22.451612903225808,74.2,18.532258064516128,15.82258064516129
Salvador,Nordeste,2016,8,24.048387096774192,25.729032258064517,22.648387096774194,87.1,19.83225806451613,17.73193548387097
Salvador,Nordeste,2016,9,24.316666666666666,25.94,22.973333333333336,62.5,20.029999999999998,19.43433333333333
Salvador,Nordeste,2016,10,25.416129032258063,27.33225806451613,23.990322580645163,32.6,21.687096774193545,22.615483870967743
Salvador,Nordeste,2016,11,25.81,27.92,24.3,70.3,22.206666666666667,22.801
Salvador,Nordeste,2016,12,26.396774193548385,28.532258064516128,24.903225806451612,52.8,22.193548387096776,23.509677419354837
Salvador,Nordeste,2017,1,27.041935483870965,29.41290322580645,25.16774193548387,28.5,22.151612903225807,25.937096774193545
Salvador,Nordeste,2017,2,27.146428571428572,29.292857142857144,25.410714285714285,42.5,21.785714285714285,24.154642857142857
Salvador,Nordeste,2017,3,27.174193548387095,29.093548387096774,25.6,68.3,20.470967741935485,22.634193548387096
Salvador,Nordeste,2017,4,26.41,27.896666666666665,24.886666666666667,125.0,18.953333333333333,18.659
Salvador,Nordeste,2017,5,25.541935483870965,27.051612903225806,24.238709677419354,260.6,19.43548387096774,15.366451612903226
Salvador,Nordeste,2017,6,24.813333333333333,26.290000000000003,23.32,112.5,19.953333333333333,14.16
Salvador,Nordeste,2017,7,23.56451612903226,24.94193548387097,22.293548387096774,92.1,25.983870967741936,15.149032258064516
Salvador,Nordeste,2017,8,23.44516129032258,24.980645161290322,22.003225806451614,52.8,19.09032258064516,18.103548387096776
Salvador,Nordeste,2017,9,23.82,25.373333333333335,22.543333333333333,84.8,23.873333333333335,18.765333333333334
Salvador,Nordeste,2017,10,25.05483870967742,27.13225806451613,23.432258064516127,43.9,22.08709677419355,21.478387096774195
Salvador,Nordeste,2017,11,25.60666666666667,27.646666666666665,23.876666666666665,97.5,21.683333333333334,21.363666666666667
Salvador,Nordeste,2017,12,26.493548387096773,28.97741935483871,24.68064516129032,71.6,22.345161290322583,22.776451612903223
Salvador,Nordeste,2018,1,27.0,29.425806451612903,25.0258064516129,45.3,23.416129032258063,24.700967741935486
Salvador,Nordeste,2018,2,27.24285714285714,29.517857142857142,25.525000000000002,33.2,22.289285714285715,22.8725
Salvador,Nordeste,2018,3,27.27741935483871,29.674193548387095,25.35483870967742,76.2,21.541935483870965,21.98483870967742
Salvador,Nordeste,2018,4,26.03666666666667,27.563333333333333,24.65666666666667,164.79999999999998,19.65,18.461333333333336
Salvador,Nordeste,2018,5,25.17096774193548,26.703225806451613,23.70967741935484,182.4,19.596774193548388,15.89806451612903
Salvador,Nordeste,2018,6,24.61,26.09333333333333,23.163333333333334,98.1,18.41,14.273333333333333
Salvador,Nordeste,2018,7,24.106451612903225,25.69677419354839,22.616129032258065,54.2,18.4741935483871,16.17806451612903
Salvador,Nordeste,2018,8,24.393548387096775,26.37741935483871,22.738709677419354,70.5,20.216129032258067,18.62548387096774
Salvador,Nordeste,2018,9,24.793333333333333,26.88,23.046666666666667,46.6,21.296666666666667,20.626666666666665
Salvador,Nordeste,2018,10,25.951612903225808,28.287096774193547,24.15806451612903,55.699999999999996,23.051612903225806,21.228709677419356
Salvador,Nordeste,2018,11,26.19333333333333,28.459999999999997,24.439999999999998,72.0,22.636666666666667,22.383666666666667
Salvador,Nordeste,2018,12,26.419354838709676,28.799999999999997,24.312903225806455,56.0,21.14516129032258,23.760967741935485
Salvador,Nordeste,2019,1,27.151612903225807,29.33225806451613,25.116129032258065,44.3,21.358064516129033,25.034193548387094
Salvador,Nordeste,2019,2,28.175,30.764285714285712,25.939285714285713,25.5,22.307142857142857,25.6175
Salvador,Nordeste,2019,3,27.674193548387095,30.01290322580645,25.6,148.8,20.212903225806453,22.324193548387097
Salvador,Nordeste,2019,4,26.88,28.616666666666667,25.12,83.2,16.470000000000002,19.479333333333333
Salvador,Nordeste,2019,5,26.312903225806455,27.770967741935483,24.809677419354838,115.3,15.938709677419356,16.036129032258064
Salvador,Nordeste,2019,6,25.173333333333336,26.83,23.7,130.7,22.086666666666666,14.240666666666668
Salvador,Nordeste,2019,7,24.31935483870968,26.04516129032258,22.738709677419354,101.5,22.825806451612905,15.508387096774193
Salvador,Nordeste,2019,8,23.916129032258063,25.490322580645163,22.490322580645163,95.3,21.067741935483873,17.101290322580645
Salvador,Nordeste,2019,9,24.55666666666667,26.45,22.976666666666667,66.8,20.246666666666666,19.638333333333332
Salvador,Nordeste,2019,10,25.41290322580645,27.606451612903225,23.574193548387097,60.2,21.65806451612903,22.65516129032258
Salvador,Nordeste,2019,11,26.529999999999998,29.113333333333333,24.523333333333333,93.1,23.483333333333334,24.032
Salvador,Nordeste,2019,12,26.812903225806455,29.287096774193547,24.703225806451613,43.1,22.174193548387095,24.636451612903226
Salvador,Nordeste,2020,1,27.067741935483873,29.393548387096775,25.125806451612902,63.6,19.993548387096773,22.531290322580645
Salvador,Nordeste,2020,2,27.389655172413793,29.420689655172417,25.441379310344825,57.699999999999996,19.393103448275863,23.13
Salvador,Nordeste,2020,3,27.148387096774194,28.903225806451612,25.561290322580643,224.29999999999998,19.751612903225805,19.37516129032258
Salvador,Nordeste,2020,4,26.426666666666666,28.136666666666667,24.9,231.0,19.406666666666663,17.698666666666668
Salvador,Nordeste,2020,5,25.46451612903226,26.932258064516127,23.98709677419355,323.6,20.396774193548385,14.248387096774193
Salvador,Nordeste,2020,6,24.803333333333335,26.43,23.333333333333332,136.4,20.996666666666666,14.410333333333334
Salvador,Nordeste,2020,7,24.14516129032258,25.845161290322583,22.580645161290324,111.89999999999999,21.43548387096774,15.399354838709677
Salvador,Nordeste,2020,8,23.75483870967742,25.261290322580646,22.37741935483871,95.2,22.009677419354837,16.75741935483871
Salvador,Nordeste,2020,9,24.209999999999997,26.146666666666665,22.63,64.7,20.25,19.963
Salvador,Nordeste,2020,10,25.845161290322583,28.361290322580647,23.796774193548387,35.9,21.64516129032258,22.478387096774195
Salvador,Nordeste,2020,11,25.83,27.790000000000003,24.15,124.10000000000001,21.926666666666666,21.423000000000002
Salvador,Nordeste,2020,12,26.432258064516127,28.822580645161292,24.416129032258063,38.1,22.23548387096774,24.843548387096774
Salvador,Nordeste,2021,1,26.461290322580645,28.490322580645163,24.677419354838708,58.2,21.09032258064516,23.29741935483871
Salvador,Nordeste,2021,2,26.985714285714288,29.32857142857143,25.082142857142856,34.3,22.110714285714288,23.243928571428572
Salvador,Nordeste,2021,3,26.903225806451612,29.22258064516129,24.783870967741933,45.4,20.65806451612903,23.51774193548387
Salvador,Nordeste,2021,4,26.136666666666667,27.89333333333333,24.486666666666668,201.8,18.506666666666668,17.613
Salvador,Nordeste,2021,5,25.258064516129032,26.86774193548387,23.65806451612903,104.0,18.80322580645161,16.648064516129033
Salvador,Nordeste,2021,6,24.403333333333332,25.7,23.126666666666665,110.8,19.273333333333333,13.947333333333335
Salvador,Nordeste,2021,7,23.62258064516129,25.125806451612902,22.26774193548387,175.1,22.32903225806452,14.176451612903227
Salvador,Nordeste,2021,8,23.35483870967742,24.774193548387096,22.029032258064515,97.7,20.848387096774193,17.187096774193545
Salvador,Nordeste,2021,9,24.67,26.633333333333333,22.903333333333332,39.6,19.540000000000003,20.613
Salvador,Nordeste,2021,10,26.161290322580644,28.496774193548386,24.24516129032258,55.1,21.516129032258064,22.980967741935483
Salvador,Nordeste,2021,11,25.966666666666665,28.126666666666665,24.12,204.0,20.256666666666668,20.325333333333333
Salvador,Nordeste,2021,12,26.229032258064517,28.370967741935484,24.493548387096773,147.5,19.83225806451613,20.81935483870968
Salvador,Nordeste,2022,1,26.351612903225806,28.393548387096775,24.322580645161292,119.6,18.787096774193547,23.884838709677418
Salvador,Nordeste,2022,2,26.70357142857143,28.55,24.678571428571427,66.8,18.764285714285712,24.464285714285715
Salvador,Nordeste,2022,3,26.18064516129032,27.83225806451613,24.24516129032258,165.6,18.364516129032257,21.190967741935484
Salvador,Nordeste,2022,4,26.18,27.976666666666667,24.223333333333336,270.9,18.863333333333333,19.046
Salvador,Nordeste,2022,5,25.55483870967742,27.148387096774194,23.919354838709676,115.89999999999999,18.583870967741937,17.215806451612906
Salvador,Nordeste,2022,6,24.44333333333333,25.89333333333333,22.873333333333335,82.8,21.05666666666667,15.674333333333333
Salvador,Nordeste,2022,7,23.94516129032258,25.690322580645162,22.31935483870968,98.1,21.46451612903226,16.113870967741935
Salvador,Nordeste,2022,8,23.693548387096776,25.429032258064513,22.01290322580645,83.3,21.903225806451612,18.688387096774196
Salvador,Nordeste,2022,9,23.986666666666668,25.903333333333332,22.173333333333336,73.0,19.793333333333333,20.627
Salvador,Nordeste,2022,10,25.451612903225808,27.529032258064515,23.56451612903226,70.0,21.625806451612902,23.17774193548387
Salvador,Nordeste,2022,11,25.416666666666668,27.386666666666667,23.753333333333334,210.6,21.11,20.667333333333332
Salvador,Nordeste,2022,12,26.148387096774194,28.529032258064515,24.19677419354839,88.5,21.509677419354837,23.14774193548387
Salvador,Nordeste,2023,1,26.483870967741936,28.690322580645162,24.335483870967742,53.6,20.73225806451613,25.33967741935484
Salvador,Nordeste,2023,2,26.771428571428572,28.910714285714285,24.435714285714287,81.3,20.125,25.10107142857143
Salvador,Nordeste,2023,3,26.190322580645162,27.96451612903226,24.112903225806452,129.3,19.074193548387097,22.030645161290323
Salvador,Nordeste,2023,4,26.476666666666667,28.486666666666668,24.44333333333333,78.3,17.48,20.424666666666667
Salvador,Nordeste,2023,5,25.325806451612905,26.687096774193545,23.741935483870968,243.5,17.796774193548387,14.833870967741936
Salvador,Nordeste,2023,6,24.706666666666667,26.11,23.246666666666666,196.3,21.003333333333334,14.186
Salvador,Nordeste,2023,7,24.14516129032258,25.76451612903226,22.52258064516129,93.5,20.01290322580645,16.66032258064516
Salvador,Nordeste,2023,8,24.36774193548387,26.29032258064516,22.55806451612903,87.5,20.561290322580643,18.293870967741935
Salvador,Nordeste,2023,9,25.11,27.470000000000002,23.14333333333333,58.8,21.923333333333336,21.453
Salvador,Nordeste,2023,10,26.24516129032258,28.893548387096775,24.041935483870965,45.5,23.322580645161292,24.1658064516129
Salvador,Nordeste,2023,11,26.996666666666666,29.966666666666665,24.386666666666667,47.4,25.163333333333334,24.990333333333336
Salvador,Nordeste,2023,12,27.074193548387097,29.483870967741936,24.85483870967742,118.6,23.061290322580643,24.21483870967742
Salvador,Nordeste,2024,1,27.374193548387098,30.02258064516129,25.096774193548388,135.4,21.79032258064516,22.890967741935484
Salvador,Nordeste,2024,2,27.179310344827588,29.07241379310345,25.24137931034483,132.8,18.155172413793103,21.676896551724138
Salvador,Nordeste,2024,3,27.916129032258063,30.135483870967743,25.483870967741936,107.7,18.770967741935483,23.508709677419354
Salvador,Nordeste,2024,4,26.763333333333332,28.35,24.91,326.4,17.55,17.757333333333335
Salvador,Nordeste,2024,5,26.351612903225806,28.070967741935487,24.66774193548387,115.4,18.893548387096775,17.26
Salvador,Nordeste,2024,6,24.90666666666667,26.683333333333334,23.259999999999998,132.0,19.240000000000002,15.211333333333332
Salvador,Nordeste,2024,7,24.548387096774192,26.322580645161292,22.91290322580645,74.2,20.44516129032258,16.943225806451615
Salvador,Nordeste,2024,8,24.190322580645162,26.183870967741935,22.361290322580647,117.4,21.348387096774193,18.159032258064514
Salvador,Nordeste,2024,9,24.703333333333333,26.863333333333333,22.67,58.2,20.94,22.311333333333334
Salvador,Nordeste,2024,10,26.11935483870968,28.638709677419353,23.929032258064513,57.2,23.312903225806455,23.477096774193548
Salvador,Nordeste,2024,11,26.233333333333334,28.64,24.060000000000002,187.8,21.553333333333335,23.035
Salvador,Nordeste,2024,12,27.212903225806453,29.958064516129035,24.93548387096774,31.8,21.38064516129032,26.023870967741935
São Paulo,Sudeste,1980,1,20.980645161290322,24.932258064516127,18.041935483870965,191.70000000000002,18.358064516129033,20.46
São Paulo,Sudeste,1980,2,22.00344827586207,26.189655172413794,18.896551724137932,163.0,15.817241379310344,18.929310344827588
São Paulo,Sudeste,1980,3,23.083870967741937,27.287096774193547,19.580645161290324,86.8,12.761290322580646,19.455161290322582
São Paulo,Sudeste,1980,4,20.233333333333334,24.45,17.236666666666668,77.0,15.129999999999999,15.788333333333332
São Paulo,Sudeste,1980,5,19.03548387096774,23.72258064516129,15.44516129032258,21.2,13.02258064516129,14.012258064516129
São Paulo,Sudeste,1980,6,15.956666666666667,20.603333333333335,12.096666666666666,48.2,14.996666666666666,12.109666666666667
São Paulo,Sudeste,1980,7,16.229032258064517,21.006451612903227,12.609677419354838,33.3,17.42258064516129,11.5
São Paulo,Sudeste,1980,8,17.35483870967742,22.177419354838708,13.712903225806452,82.7,16.951612903225808,13.418709677419356
São Paulo,Sudeste,1980,9,15.986666666666668,20.416666666666668,12.35,97.0,18.19,14.642
São Paulo,Sudeste,1980,10,19.248387096774195,23.683870967741935,15.480645161290322,109.9,17.364516129032257,17.719354838709677
São Paulo,Sudeste,1980,11,19.509999999999998,23.773333333333333,16.25,130.1,17.773333333333333,20.270666666666667
São Paulo,Sudeste,1980,12,22.14516129032258,26.23548387096774,19.212903225806453,253.9,16.674193548387095,20.094193548387096
São Paulo,Sudeste,1981,1,21.738709677419354,25.47741935483871,19.01290322580645,300.8,15.783870967741937,18.266451612903225
São Paulo,Sudeste,1981,2,22.667857142857144,26.967857142857145,19.439285714285713,100.4,14.221428571428572,22.514285714285712
São Paulo,Sudeste,1981,3,21.18064516129032,24.993548387096773,18.496774193548386,202.3,16.12258064516129,17.605806451612903
São Paulo,Sudeste,1981,4,18.81,22.84,15.683333333333334,63.900000000000006,15.33,15.264000000000001
São Paulo,Sudeste,1981,5,18.54516129032258,22.835483870967742,15.209677419354838,12.200000000000001,12.780645161290321,13.63516129032258
São Paulo,Sudeste,1981,6,15.166666666666666,19.52,11.553333333333335,75.0,17.243333333333332,11.302333333333333
São Paulo,Sudeste,1981,7,13.667741935483871,18.203225806451613,9.964516129032257,123.9,16.432258064516127,11.626451612903226
São Paulo,Sudeste,1981,8,16.39677419354839,21.296774193548387,12.203225806451613,47.1,15.629032258064516,15.191290322580645
São Paulo,Sudeste,1981,9,18.936666666666667,24.953333333333333,13.93,80.2,17.336666666666666,19.212
São Paulo,Sudeste,1981,10,17.35483870967742,21.05806451612903,14.216129032258063,140.8,16.86451612903226,14.745483870967742
São Paulo,Sudeste,1981,11,20.790000000000003,24.933333333333334,17.473333333333336,122.4,16.963333333333335,20.816333333333333
São Paulo,Sudeste,1981,12,20.73225806451613,24.69677419354839,17.312903225806455,166.5,18.625806451612902,18.9358064516129
São Paulo,Sudeste,1982,1,19.970967741935485,23.806451612903224,17.129032258064516,159.6,16.806451612903224,18.166774193548385
São Paulo,Sudeste,1982,2,22.535714285714285,26.803571428571427,19.217857142857145,199.4,14.546428571428573,20.651785714285715
São Paulo,Sudeste,1982,3,20.480645161290322,23.970967741935485,18.22258064516129,279.8,15.693548387096774,15.486129032258065
São Paulo,Sudeste,1982,4,18.009999999999998,21.9,15.486666666666668,42.6,15.613333333333333,15.720666666666666
São Paulo,Sudeste,1982,5,16.703225806451613,21.11935483870968,13.158064516129032,56.2,14.62258064516129,13.339032258064515
São Paulo,Sudeste,1982,6,17.813333333333333,21.87,14.82,81.4,17.413333333333334,10.131333333333334
São Paulo,Sudeste,1982,7,16.87741935483871,21.787096774193547,12.970967741935485,46.2,15.22258064516129,13.180322580645162
São Paulo,Sudeste,1982,8,17.593548387096774,22.74516129032258,13.451612903225806,58.9,14.51290322580645,14.818387096774194
São Paulo,Sudeste,1982,9,17.94333333333333,22.83,14.123333333333333,22.599999999999998,17.56,16.9
São Paulo,Sudeste,1982,10,19.251612903225805,23.64516129032258,15.535483870967743,220.5,18.103225806451615,16.9941935483871
São Paulo,Sudeste,1982,11,21.653333333333332,25.886666666666667,18.366666666666667,165.1,16.83,19.216
São Paulo,Sudeste,1982,12,20.4,24.09032258064516,17.674193548387095,308.0,17.0258064516129,16.664516129032258
São Paulo,Sudeste,1983,1,22.09032258064516,25.825806451612905,19.63225806451613,210.7,17.093548387096774,18.094516129032257
São Paulo,Sudeste,1983,2,22.74642857142857,26.864285714285717,19.639285714285712,213.0,15.8,19.236428571428572
São Paulo,Sudeste,1983,3,21.051612903225806,24.967741935483872,18.19677419354839,189.0,16.812903225806455,16.868709677419353
São Paulo,Sudeste,1983,4,20.053333333333335,24.1,17.15666666666667,144.4,15.746666666666666,13.19
São Paulo,Sudeste,1983,5,19.23548387096774,22.664516129032258,16.45806451612903,152.9,17.154838709677417,9.726129032258065
São Paulo,Sudeste,1983,6,16.416666666666668,20.353333333333335,13.376666666666667,223.79999999999998,15.65,9.071
São Paulo,Sudeste,1983,7,17.570967741935487,22.419354838709676,13.719354838709679,21.8,17.190322580645162,12.196129032258064
São Paulo,Sudeste,1983,8,16.770967741935483,22.1,12.319354838709677,15.9,15.209677419354838,15.832258064516129
São Paulo,Sudeste,1983,9,16.416666666666668,19.973333333333336,13.623333333333333,295.5,17.243333333333332,10.820666666666666
São Paulo,Sudeste,1983,10,18.551612903225806,22.387096774193548,15.48709677419355,163.3,17.787096774193547,15.609677419354838
São Paulo,Sudeste,1983,11,20.75,25.203333333333333,17.176666666666666,134.3,16.253333333333334,21.656333333333333
São Paulo,Sudeste,1983,12,21.480645161290322,25.39032258064516,18.719354838709677,213.6,17.29032258064516,19.26225806451613
São Paulo,Sudeste,1984,1,23.670967741935485,28.096774193548388,20.032258064516128,133.0,16.780645161290323,23.794516129032257
São Paulo,Sudeste,1984,2,24.127586206896552,29.010344827586206,20.544827586206896,53.1,14.16551724137931,24.385172413793104
São Paulo,Sudeste,1984,3,21.151612903225807,25.429032258064513,18.203225806451613,129.3,15.870967741935484,17.46548387096774
São Paulo,Sudeste,1984,4,19.226666666666667,23.290000000000003,16.383333333333333,134.0,15.463333333333333,13.184666666666667
São Paulo,Sudeste,1984,5,19.845161290322583,24.506451612903227,16.151612903225807,96.1,12.251612903225807,13.609354838709677
São Paulo,Sudeste,1984,6,17.956666666666667,23.063333333333333,13.83,5.0,15.616666666666667,12.542333333333334
São Paulo,Sudeste,1984,7,17.106451612903225,22.138709677419353,13.212903225806452,6.3,17.541935483870965,13.023870967741935
São Paulo,Sudeste,1984,8,15.538709677419355,19.780645161290323,11.938709677419356,90.7,18.241935483870968,12.15709677419355
São Paulo,Sudeste,1984,9,17.10666666666667,21.94333333333333,13.19,135.9,16.523333333333333,17.765333333333334
São Paulo,Sudeste,1984,10,19.758064516129032,24.84193548387097,15.680645161290323,46.0,17.932258064516127,21.59161290322581
São Paulo,Sudeste,1984,11,20.290000000000003,24.470000000000002,16.983333333333334,197.3,18.06,19.196
São Paulo,Sudeste,1984,12,20.13225806451613,23.851612903225806,17.083870967741937,151.4,17.387096774193548,17.595806451612905
São Paulo,Sudeste,1985,1,20.25483870967742,23.758064516129032,17.65806451612903,204.9,17.783870967741933,18.264193548387095
São Paulo,Sudeste,1985,2,22.650000000000002,26.957142857142856,19.478571428571428,210.5,14.292857142857143,19.557142857142857
São Paulo,Sudeste,1985,3,21.919354838709676,25.961290322580645,19.11935483870968,156.8,15.348387096774195,16.69451612903226
São Paulo,Sudeste,1985,4,20.61,24.69,17.71333333333333,85.8,16.04,15.693000000000001
São Paulo,Sudeste,1985,5,17.44516129032258,22.200000000000003,13.829032258064515,28.3,13.509677419354839,13.26774193548387
São Paulo,Sudeste,1985,6,14.983333333333333,20.183333333333334,10.816666666666666,20.2,15.323333333333332,13.110000000000001
São Paulo,Sudeste,1985,7,15.19032258064516,20.97741935483871,10.541935483870969,6.9,16.170967741935485,14.838387096774193
São Paulo,Sudeste,1985,8,18.35483870967742,24.606451612903225,13.080645161290322,31.5,16.006451612903227,16.68516129032258
São Paulo,Sudeste,1985,9,18.046666666666667,23.546666666666667,14.043333333333333,38.4,16.7,18.750666666666667
São Paulo,Sudeste,1985,10,19.68064516129032,25.56451612903226,15.416129032258064,62.1,17.093548387096774,22.238387096774193
São Paulo,Sudeste,1985,11,20.32,25.03666666666667,16.736666666666668,131.1,17.759999999999998,21.08
São Paulo,Sudeste,1985,12,20.86774193548387,25.6,17.31935483870968,168.6,16.848387096774193,23.509354838709676
São Paulo,Sudeste,1986,1,22.783870967741933,27.351612903225806,19.200000000000003,175.6,15.47741935483871,23.541935483870965
São Paulo,Sudeste,1986,2,22.7,26.789285714285715,19.785714285714285,217.6,14.817857142857141,18.915
São Paulo,Sudeste,1986,3,21.51290322580645,25.75483870967742,18.519354838709678,256.5,15.029032258064516,17.426451612903225
São Paulo,Sudeste,1986,4,20.81,25.07,17.686666666666667,53.800000000000004,15.45,16.328
São Paulo,Sudeste,1986,5,19.561290322580643,23.809677419354838,16.49032258064516,85.6,15.861290322580645,12.26258064516129
São Paulo,Sudeste,1986,6,16.69,21.876666666666665,12.51,0.6000000000000001,12.126666666666667,13.601333333333335
São Paulo,Sudeste,1986,7,15.46774193548387,19.919354838709676,12.077419354838709,45.1,15.148387096774194,12.01032258064516
São Paulo,Sudeste,1986,8,17.580645161290324,22.174193548387095,14.148387096774194,115.7,14.241935483870968,13.496451612903225
São Paulo,Sudeste,1986,9,17.40666666666667,21.916666666666668,13.653333333333334,61.0,17.553333333333335,16.65566666666667
São Paulo,Sudeste,1986,10,18.97741935483871,23.793548387096774,14.82258064516129,68.5,17.203225806451613,20.613870967741935
São Paulo,Sudeste,1986,11,21.62,26.509999999999998,17.470000000000002,106.1,16.77,21.646
São Paulo,Sudeste,1986,12,21.270967741935483,24.874193548387098,18.61935483870968,349.2,16.403225806451612,17.187419354838706
São Paulo,Sudeste,1987,1,22.983870967741936,27.0,19.94193548387097,168.1,16.325806451612905,20.643870967741936
São Paulo,Sudeste,1987,2,22.339285714285715,26.785714285714285,19.042857142857144,127.0,15.810714285714285,19.90107142857143
São Paulo,Sudeste,1987,3,20.83225806451613,25.729032258064517,17.006451612903227,55.4,14.245161290322581,21.013548387096773
São Paulo,Sudeste,1987,4,21.066666666666666,25.186666666666667,17.973333333333336,85.7,15.053333333333335,15.587333333333333
São Paulo,Sudeste,1987,5,17.316129032258065,20.98709677419355,14.383870967741935,141.8,17.416129032258063,10.53225806451613
São Paulo,Sudeste,1987,6,15.373333333333333,20.313333333333333,11.563333333333333,99.1,14.636666666666667,11.625
São Paulo,Sudeste,1987,7,17.780645161290323,23.18064516129032,13.390322580645162,10.2,17.05806451612903,13.564838709677419
São Paulo,Sudeste,1987,8,16.258064516129032,21.825806451612905,11.648387096774194,31.1,17.480645161290322,15.433225806451613
São Paulo,Sudeste,1987,9,17.096666666666668,21.456666666666667,13.406666666666666,104.39999999999999,17.66,14.607000000000001
São Paulo,Sudeste,1987,10,19.219354838709677,23.91290322580645,15.8,193.5,16.516129032258064,17.421935483870968
São Paulo,Sudeste,1987,11,20.253333333333334,24.53666666666667,16.62666666666667,89.7,16.136666666666667,20.408333333333335
São Paulo,Sudeste,1987,12,21.6,25.687096774193545,18.36774193548387,141.9,17.403225806451612,20.633225806451613
São Paulo,Sudeste,1988,1,23.593548387096774,27.95483870967742,20.309677419354838,142.0,15.774193548387096,22.281290322580645
São Paulo,Sudeste,1988,2,21.175862068965518,24.589655172413792,18.989655172413794,260.1,15.524137931034483,15.358275862068965
São Paulo,Sudeste,1988,3,21.76451612903226,26.15483870967742,18.348387096774193,162.1,15.17741935483871,18.848064516129032
São Paulo,Sudeste,1988,4,19.8,23.353333333333335,17.053333333333335,157.3,17.02,12.087666666666667
São Paulo,Sudeste,1988,5,17.432258064516127,21.032258064516128,14.770967741935483,159.7,14.03225806451613,9.59451612903226
São Paulo,Sudeste,1988,6,14.996666666666666,19.59333333333333,11.143333333333334,64.3,16.12333333333333,11.217666666666668
São Paulo,Sudeste,1988,7,13.593548387096773,18.229032258064517,9.729032258064517,14.9,15.838709677419354,12.676774193548388
São Paulo,Sudeste,1988,8,17.287096774193547,23.29032258064516,12.564516129032258,1.2,15.580645161290322,17.49258064516129
São Paulo,Sudeste,1988,9,19.35,24.553333333333335,14.95,57.5,18.16,16.727666666666668
São Paulo,Sudeste,1988,10,18.25483870967742,22.583870967741937,14.938709677419356,180.0,18.335483870967742,17.07709677419355
São Paulo,Sudeste,1988,11,19.176666666666666,23.363333333333333,15.473333333333333,67.4,19.44,20.248333333333335
São Paulo,Sudeste,1988,12,21.18064516129032,25.383870967741935,17.970967741935485,139.0,16.206451612903226,21.082903225806454
São Paulo,Sudeste,1989,1,22.570967741935487,26.664516129032258,19.638709677419353,162.1,16.135483870967743,19.509677419354837
São Paulo,Sudeste,1989,2,22.24642857142857,26.164285714285715,19.50357142857143,295.8,14.807142857142859,18.17107142857143
São Paulo,Sudeste,1989,3,21.66774193548387,25.851612903225806,19.07741935483871,143.7,13.996774193548386,18.60451612903226
São Paulo,Sudeste,1989,4,20.69333333333333,25.053333333333335,17.53666666666667,62.3,15.44,16.926333333333336
São Paulo,Sudeste,1989,5,17.148387096774194,21.33225806451613,14.070967741935483,42.7,15.254838709677419,13.550967741935484
São Paulo,Sudeste,1989,6,15.866666666666667,19.996666666666666,12.713333333333333,64.2,14.763333333333332,10.468
São Paulo,Sudeste,1989,7,14.587096774193547,19.345161290322583,10.83548387096774,97.39999999999999,15.974193548387097,12.010645161290322
São Paulo,Sudeste,1989,8,16.296774193548387,21.806451612903224,11.938709677419356,43.6,16.406451612903226,16.101935483870967
São Paulo,Sudeste,1989,9,17.366666666666667,21.81,13.82,124.0,17.253333333333334,14.983333333333333
São Paulo,Sudeste,1989,10,17.067741935483873,21.70967741935484,13.458064516129031,79.5,17.983870967741936,18.538709677419355
São Paulo,Sudeste,1989,11,19.34,23.61,15.836666666666668,130.29999999999998,18.15,20.662
São Paulo,Sudeste,1989,12,20.496774193548386,24.309677419354838,17.503225806451614,167.4,18.629032258064516,19.063548387096777
São Paulo,Sudeste,1990,1,23.425806451612903,27.60967741935484,20.093548387096774,175.5,16.190322580645162,21.112903225806452
São Paulo,Sudeste,1990,2,22.464285714285715,26.803571428571427,19.364285714285717,137.1,16.15357142857143,20.306785714285716
São Paulo,Sudeste,1990,3,22.654838709677417,26.661290322580644,19.97741935483871,190.6,13.948387096774193,18.363548387096774
São Paulo,Sudeste,1990,4,22.016666666666666,26.39333333333333,18.723333333333336,104.19999999999999,14.086666666666668,16.343666666666667
São Paulo,Sudeste,1990,5,17.03548387096774,21.570967741935487,13.351612903225806,51.5,15.448387096774193,12.688387096774193
São Paulo,Sudeste,1990,6,16.13,20.95,12.326666666666666,27.6,15.396666666666667,12.004333333333333
São Paulo,Sudeste,1990,7,14.770967741935483,18.983870967741936,11.558064516129033,115.19999999999999,16.058064516129033,10.688387096774195
São Paulo,Sudeste,1990,8,15.55483870967742,20.270967741935483,11.674193548387096,64.2,16.119354838709675,13.11774193548387
São Paulo,Sudeste,1990,9,16.353333333333335,21.2,12.443333333333333,116.0,17.113333333333333,15.891
São Paulo,Sudeste,1990,10,20.312903225806455,24.893548387096775,16.26451612903226,136.3,15.703225806451613,19.05290322580645
São Paulo,Sudeste,1990,11,22.25,26.92,18.529999999999998,111.10000000000001,16.0,22.336666666666666
São Paulo,Sudeste,1990,12,21.174193548387095,25.348387096774193,17.73548387096774,120.4,17.66774193548387,20.962903225806453
São Paulo,Sudeste,1991,1,21.164516129032258,24.993548387096773,18.293548387096774,374.5,16.780645161290323,17.931935483870966
São Paulo,Sudeste,1991,2,21.396428571428572,25.575,18.357142857142858,167.3,15.907142857142857,19.40142857142857
São Paulo,Sudeste,1991,3,20.97741935483871,24.448387096774194,18.41290322580645,211.2,15.790322580645162,14.160967741935485
São Paulo,Sudeste,1991,4,19.956666666666667,24.15666666666667,16.85,98.7,15.146666666666667,15.382666666666667
São Paulo,Sudeste,1991,5,17.903225806451612,22.393548387096775,14.390322580645162,53.3,14.880645161290323,14.00483870967742
São Paulo,Sudeste,1991,6,17.52,21.959999999999997,13.763333333333332,87.5,15.55,11.205333333333334
São Paulo,Sudeste,1991,7,15.62258064516129,20.63225806451613,11.77741935483871,24.4,14.83548387096774,12.991935483870968
São Paulo,Sudeste,1991,8,17.14516129032258,22.458064516129035,12.903225806451612,24.7,15.161290322580646,15.23225806451613
São Paulo,Sudeste,1991,9,17.32,22.58,13.313333333333333,97.2,16.223333333333333,17.395666666666667
São Paulo,Sudeste,1991,10,19.387096774193548,23.948387096774194,15.561290322580644,127.7,17.712903225806453,18.28290322580645
São Paulo,Sudeste,1991,11,20.326666666666664,24.756666666666668,16.720000000000002,105.7,16.503333333333334,21.779333333333334
São Paulo,Sudeste,1991,12,22.42258064516129,26.703225806451613,19.212903225806453,157.4,18.75483870967742,20.904838709677417
São Paulo,Sudeste,1992,1,21.47741935483871,25.283870967741933,18.451612903225808,220.70000000000002,16.79032258064516,18.739032258064515
São Paulo,Sudeste,1992,2,22.675862068965518,27.106896551724137,19.24137931034483,113.10000000000001,14.558620689655172,20.472758620689657
São Paulo,Sudeste,1992,3,22.116129032258065,26.59032258064516,18.73548387096774,149.4,12.606451612903227,18.363225806451613
São Paulo,Sudeste,1992,4,20.113333333333333,24.016666666666666,17.103333333333335,44.5,15.870000000000001,14.169333333333332
São Paulo,Sudeste,1992,5,18.97741935483871,22.874193548387098,15.97741935483871,131.20000000000002,16.970967741935485,11.074838709677419
São Paulo,Sudeste,1992,6,18.023333333333333,22.923333333333336,14.143333333333334,7.1,14.603333333333333,12.668666666666667
São Paulo,Sudeste,1992,7,15.535483870967743,19.712903225806453,12.212903225806452,111.10000000000001,17.038709677419355,10.23741935483871
São Paulo,Sudeste,1992,8,15.658064516129032,20.261290322580646,12.258064516129032,30.8,16.748387096774195,13.77258064516129
São Paulo,Sudeste,1992,9,17.223333333333336,20.80666666666667,14.453333333333335,97.4,16.446666666666665,13.078000000000001
São Paulo,Sudeste,1992,10,19.093548387096774,23.335483870967742,15.570967741935483,126.6,17.703225806451613,17.037096774193547
São Paulo,Sudeste,1992,11,19.586666666666666,23.506666666666668,16.29,102.1,16.746666666666666,18.195333333333334
São Paulo,Sudeste,1992,12,20.438709677419357,24.87741935483871,16.548387096774192,162.1,17.551612903225806,23.148709677419355
São Paulo,Sudeste,1993,1,22.822580645161292,26.96451612903226,19.4741935483871,152.4,15.54516129032258,20.13774193548387
São Paulo,Sudeste,1993,2,21.860714285714288,25.817857142857143,19.196428571428573,233.6,15.014285714285714,17.35607142857143
São Paulo,Sudeste,1993,3,21.94193548387097,26.138709677419353,19.12258064516129,158.9,14.035483870967743,18.30354838709677
São Paulo,Sudeste,1993,4,20.66,24.903333333333332,17.65666666666667,78.39999999999999,13.046666666666669,16.526
São Paulo,Sudeste,1993,5,17.887096774193548,22.216129032258067,14.54516129032258,73.5,17.19677419354839,13.028064516129032
São Paulo,Sudeste,1993,6,15.9,20.503333333333334,12.18,58.2,16.433333333333334,11.116333333333333
São Paulo,Sudeste,1993,7,16.95483870967742,21.822580645161292,13.170967741935485,32.3,15.941935483870967,12.011935483870968
São Paulo,Sudeste,1993,8,15.66451612903226,20.94516129032258,11.525806451612903,36.2,15.351612903225806,15.488709677419354
São Paulo,Sudeste,1993,9,17.526666666666664,21.68,14.126666666666667,189.3,17.459999999999997,13.700999999999999
São Paulo,Sudeste,1993,10,20.383870967741935,25.26451612903226,16.39677419354839,76.7,15.280645161290321,19.93548387096774
São Paulo,Sudeste,1993,11,21.959999999999997,26.673333333333336,17.826666666666664,99.0,17.503333333333334,22.627333333333336
São Paulo,Sudeste,1993,12,21.616129032258065,25.55806451612903,18.370967741935484,117.1,18.006451612903227,19.399032258064516
São Paulo,Sudeste,1994,1,21.419354838709676,25.238709677419354,18.493548387096773,161.5,16.677419354838708,19.08225806451613
São Paulo,Sudeste,1994,2,24.196428571428573,28.59642857142857,20.87142857142857,158.1,13.546428571428573,22.42892857142857
São Paulo,Sudeste,1994,3,20.838709677419356,24.490322580645163,18.306451612903224,142.0,17.393548387096775,15.975806451612904
São Paulo,Sudeste,1994,4,19.696666666666665,23.623333333333335,16.676666666666666,88.3,16.17,14.855666666666668
São Paulo,Sudeste,1994,5,19.13225806451613,23.419354838709676,16.006451612903227,98.10000000000001,13.14516129032258,13.026451612903225
São Paulo,Sudeste,1994,6,15.813333333333333,20.779999999999998,11.946666666666665,66.0,13.976666666666667,12.354333333333333
São Paulo,Sudeste,1994,7,16.161290322580644,21.712903225806453,11.548387096774194,60.900000000000006,15.790322580645162,13.272258064516128
São Paulo,Sudeste,1994,8,16.429032258064517,22.0258064516129,12.283870967741937,4.2,15.30967741935484,15.906451612903227
São Paulo,Sudeste,1994,9,19.326666666666664,25.033333333333335,14.639999999999999,11.6,17.486666666666668,18.537333333333333
São Paulo,Sudeste,1994,10,20.861290322580647,25.90967741935484,17.164516129032258,121.1,18.43548387096774,18.955806451612904
São Paulo,Sudeste,1994,11,21.06,25.44333333333333,17.553333333333335,132.6,16.943333333333335,21.66033333333333
São Paulo,Sudeste,1994,12,22.580645161290324,26.79032258064516,19.093548387096774,228.20000000000002,16.138709677419357,21.464193548387097
São Paulo,Sudeste,1995,1,23.47741935483871,27.438709677419357,20.490322580645163,248.8,16.048387096774192,20.184516129032257
São Paulo,Sudeste,1995,2,22.435714285714287,25.95357142857143,19.835714285714285,405.7,15.010714285714286,15.215
São Paulo,Sudeste,1995,3,21.387096774193548,25.419354838709676,18.45483870967742,161.5,15.341935483870968,17.51516129032258
São Paulo,Sudeste,1995,4,19.63,24.173333333333336,16.3,53.8,14.16,16.307
São Paulo,Sudeste,1995,5,17.748387096774195,21.56451612903226,15.087096774193547,89.60000000000001,13.158064516129032,11.668709677419356
São Paulo,Sudeste,1995,6,16.71,21.75,13.0,28.099999999999998,15.463333333333333,12.062666666666667
São Paulo,Sudeste,1995,7,17.68064516129032,22.835483870967742,13.52258064516129,88.9,14.332258064516129,12.768387096774193
São Paulo,Sudeste,1995,8,18.970967741935485,24.296774193548387,14.483870967741936,32.2,15.274193548387096,16.067741935483873
São Paulo,Sudeste,1995,9,18.513333333333332,23.71333333333333,14.213333333333333,84.0,18.566666666666666,16.782666666666668
São Paulo,Sudeste,1995,10,18.52258064516129,22.748387096774195,15.26774193548387,226.9,17.112903225806452,16.516774193548386
São Paulo,Sudeste,1995,11,19.863333333333333,24.0,16.06,101.5,16.516666666666666,20.359666666666666
São Paulo,Sudeste,1995,12,20.996774193548386,25.29032258064516,17.58709677419355,125.9,17.18064516129032,20.221612903225807
São Paulo,Sudeste,1996,1,23.190322580645162,27.516129032258064,20.038709677419355,231.8,15.067741935483872,20.635483870967743
São Paulo,Sudeste,1996,2,22.627586206896552,26.810344827586206,19.7551724137931,201.1,14.806896551724137,19.535172413793102
São Paulo,Sudeste,1996,3,21.616129032258065,25.51290322580645,19.070967741935487,230.0,14.37741935483871,15.951612903225806
São Paulo,Sudeste,1996,4,20.236666666666668,24.346666666666668,17.233333333333334,59.1,15.363333333333333,16.089000000000002
São Paulo,Sudeste,1996,5,17.0,21.093548387096774,14.096774193548388,65.5,13.87741935483871,12.220322580645162
São Paulo,Sudeste,1996,6,15.65,20.266666666666666,12.18,41.2,15.923333333333334,11.933666666666666
São Paulo,Sudeste,1996,7,14.458064516129031,19.348387096774193,10.780645161290321,20.6,15.816129032258065,11.873225806451613
São Paulo,Sudeste,1996,8,16.238709677419354,21.970967741935485,11.806451612903226,28.5,14.080645161290322,16.00258064516129
São Paulo,Sudeste,1996,9,17.196666666666665,21.53666666666667,13.813333333333333,165.5,17.33,15.049333333333333
São Paulo,Sudeste,1996,10,19.470967741935485,24.038709677419355,15.72258064516129,135.6,16.280645161290323,17.837419354838712
São Paulo,Sudeste,1996,11,19.58,23.576666666666664,16.279999999999998,169.2,17.296666666666667,18.973
São Paulo,Sudeste,1996,12,21.838709677419356,25.858064516129033,18.770967741935483,217.8,17.53548387096774,19.286129032258064
São Paulo,Sudeste,1997,1,22.193548387096776,26.06451612903226,19.438709677419357,279.8,15.96774193548387,18.43967741935484
São Paulo,Sudeste,1997,2,22.63214285714286,27.032142857142855,19.521428571428572,105.89999999999999,15.950000000000001,21.051785714285717
São Paulo,Sudeste,1997,3,20.238709677419354,24.364516129032257,17.206451612903226,68.6,15.90967741935484,18.904838709677417
São Paulo,Sudeste,1997,4,19.383333333333333,23.723333333333336,16.086666666666666,54.699999999999996,16.386666666666667,15.671999999999999
São Paulo,Sudeste,1997,5,17.467741935483872,21.583870967741937,14.319354838709677,62.6,15.864516129032259,12.408709677419356
São Paulo,Sudeste,1997,6,16.256666666666668,20.68,12.716666666666667,119.1,18.546666666666667,11.615333333333332
São Paulo,Sudeste,1997,7,17.219354838709677,22.46451612903226,13.02258064516129,8.9,15.061290322580644,14.044516129032258
São Paulo,Sudeste,1997,8,17.664516129032258,23.51290322580645,12.770967741935483,32.0,14.851612903225806,16.674838709677417
São Paulo,Sudeste,1997,9,19.27,24.66,15.096666666666668,119.3,16.713333333333335,16.712666666666667
São Paulo,Sudeste,1997,10,20.141935483870967,24.938709677419357,16.170967741935485,211.9,18.416129032258063,18.63258064516129
São Paulo,Sudeste,1997,11,21.653333333333332,26.133333333333333,18.346666666666668,234.7,16.496666666666666,19.418
São Paulo,Sudeste,1997,12,22.806451612903224,27.06451612903226,19.364516129032257,153.5,18.11935483870968,21.635161290322582
São Paulo,Sudeste,1998,1,23.37741935483871,27.712903225806453,20.006451612903227,145.2,15.919354838709678,21.301612903225806
São Paulo,Sudeste,1998,2,23.27857142857143,27.035714285714285,20.535714285714285,220.0,15.757142857142856,17.31892857142857
São Paulo,Sudeste,1998,3,22.396774193548385,26.5,19.470967741935485,137.1,14.851612903225808,16.711612903225806
São Paulo,Sudeste,1998,4,20.9,25.076666666666664,17.766666666666666,64.9,16.976666666666667,16.039666666666665
São Paulo,Sudeste,1998,5,17.051612903225806,21.287096774193547,13.59032258064516,117.6,15.7,12.238709677419354
São Paulo,Sudeste,1998,6,15.343333333333334,19.790000000000003,11.946666666666665,31.4,16.55,11.742333333333333
São Paulo,Sudeste,1998,7,16.370967741935484,21.23548387096774,12.706451612903225,16.0,15.225806451612904,12.403870967741934
São Paulo,Sudeste,1998,8,18.874193548387098,23.59032258064516,15.35483870967742,33.5,16.309677419354838,14.006129032258064
São Paulo,Sudeste,1998,9,18.846666666666668,23.37,15.423333333333334,145.4,16.62666666666667,15.067
São Paulo,Sudeste,1998,10,18.906451612903226,22.95483870967742,15.774193548387096,127.5,19.03548387096774,16.66032258064516
São Paulo,Sudeste,1998,11,19.196666666666665,23.279999999999998,15.766666666666667,78.10000000000001,17.773333333333333,19.76066666666667
São Paulo,Sudeste,1998,12,21.9,25.85483870967742,18.706451612903226,195.79999999999998,18.032258064516128,20.404838709677417
São Paulo,Sudeste,1999,1,22.570967741935487,26.419354838709676,19.845161290322583,372.09999999999997,15.04516129032258,18.504193548387097
São Paulo,Sudeste,1999,2,22.650000000000002,26.87857142857143,19.928571428571427,273.9,14.935714285714285,19.118928571428572
São Paulo,Sudeste,1999,3,21.938709677419357,26.074193548387097,18.951612903225808,124.80000000000001,15.596774193548388,19.085483870967742
São Paulo,Sudeste,1999,4,19.503333333333334,23.956666666666667,16.37666666666667,47.7,15.446666666666665,16.76
São Paulo,Sudeste,1999,5,16.887096774193548,21.493548387096773,13.038709677419355,20.6,16.98709677419355,14.056451612903226
São Paulo,Sudeste,1999,6,15.97,20.45,12.713333333333333,60.5,14.26,11.091333333333333
São Paulo,Sudeste,1999,7,16.322580645161292,20.93548387096774,12.832258064516129,26.0,15.509677419354839,11.963870967741935
São Paulo,Sudeste,1999,8,16.799999999999997,22.89032258064516,12.100000000000001,7.0,15.383870967741935,17.02548387096774
São Paulo,Sudeste,1999,9,18.753333333333334,24.293333333333333,14.243333333333334,95.4,17.923333333333336,18.681333333333335
São Paulo,Sudeste,1999,10,17.503225806451614,21.770967741935483,14.09032258064516,79.8,18.858064516129033,17.398709677419355
São Paulo,Sudeste,1999,11,18.313333333333333,22.696666666666665,14.576666666666666,109.2,18.029999999999998,19.663333333333334
São Paulo,Sudeste,1999,12,21.322580645161292,25.69677419354839,17.951612903225808,182.1,17.990322580645163,22.063225806451616
São Paulo,Sudeste,2000,1,21.925806451612903,26.067741935483873,18.638709677419353,236.9,16.799999999999997,19.963870967741936
São Paulo,Sudeste,2000,2,21.555172413793105,25.46206896551724,18.731034482758623,199.3,17.120689655172413,16.94344827586207
São Paulo,Sudeste,2000,3,20.787096774193547,24.81935483870968,17.751612903225805,186.79999999999998,15.899999999999999,16.970000000000002
São Paulo,Sudeste,2000,4,19.89333333333333,24.986666666666668,16.216666666666665,10.3,14.879999999999999,18.454
São Paulo,Sudeste,2000,5,17.751612903225805,22.580645161290324,13.996774193548386,15.5,15.241935483870968,14.34483870967742
São Paulo,Sudeste,2000,6,17.85666666666667,23.69333333333333,13.373333333333333,15.9,14.283333333333333,13.637666666666666
São Paulo,Sudeste,2000,7,14.858064516129033,20.16774193548387,10.416129032258064,55.6,15.332258064516129,12.549032258064516
São Paulo,Sudeste,2000,8,16.493548387096773,21.93548387096774,11.896774193548387,88.7,15.538709677419355,14.746129032258064
São Paulo,Sudeste,2000,9,17.576666666666664,21.86,14.193333333333333,95.8,16.723333333333333,14.538
São Paulo,Sudeste,2000,10,21.538709677419355,26.887096774193548,17.651612903225807,56.8,15.583870967741936,21.154516129032256
São Paulo,Sudeste,2000,11,20.543333333333333,24.81,17.36,268.40000000000003,16.776666666666667,19.730666666666664
São Paulo,Sudeste,2000,12,21.693548387096776,25.9,18.29032258064516,172.5,16.700000000000003,19.776774193548388
São Paulo,Sudeste,2001,1,23.009677419354837,27.48709677419355,19.458064516129035,116.10000000000001,14.970967741935485,23.259354838709676
São Paulo,Sudeste,2001,2,23.38214285714286,27.650000000000002,20.514285714285712,107.2,15.760714285714286,20.462142857142858
São Paulo,Sudeste,2001,3,22.44193548387097,27.0,19.32903225806452,139.9,13.738709677419354,19.29290322580645
São Paulo,Sudeste,2001,4,21.653333333333332,26.666666666666668,17.746666666666666,15.6,15.046666666666665,18.758
São Paulo,Sudeste,2001,5,17.561290322580643,21.516129032258064,14.551612903225807,77.6,15.180645161290322,11.45741935483871
São Paulo,Sudeste,2001,6,16.85,21.44333333333333,13.360000000000001,18.7,13.92,11.990333333333332
São Paulo,Sudeste,2001,7,16.73225806451613,22.241935483870968,12.390322580645162,75.8,15.896774193548387,12.824193548387097
São Paulo,Sudeste,2001,8,17.903225806451612,23.5,13.7,56.0,13.961290322580645,17.00258064516129
São Paulo,Sudeste,2001,9,17.876666666666665,22.36,14.34,69.1,17.003333333333334,15.984333333333332
São Paulo,Sudeste,2001,10,19.293548387096774,24.31935483870968,15.5,104.7,17.05806451612903,21.80032258064516
São Paulo,Sudeste,2001,11,21.066666666666666,25.506666666666668,17.740000000000002,96.6,16.85,20.137666666666668
São Paulo,Sudeste,2001,12,21.08709677419355,24.983870967741936,18.05483870967742,227.9,17.361290322580647,18.69451612903226
São Paulo,Sudeste,2002,1,22.203225806451613,26.258064516129032,19.148387096774194,225.0,16.183870967741935,19.898709677419355
São Paulo,Sudeste,2002,2,21.189285714285713,25.075,18.242857142857144,159.5,17.646428571428572,18.31142857142857
São Paulo,Sudeste,2002,3,23.212903225806453,27.758064516129032,19.75483870967742,124.9,13.919354838709678,20.38225806451613
São Paulo,Sudeste,2002,4,21.873333333333335,26.40666666666667,18.543333333333333,29.3,14.266666666666667,17.60666666666667
São Paulo,Sudeste,2002,5,19.216129032258067,23.75483870967742,15.983870967741936,74.1,13.990322580645161,13.622903225806452
São Paulo,Sudeste,2002,6,18.573333333333334,23.686666666666667,14.573333333333332,1.1,14.59,12.999333333333334
São Paulo,Sudeste,2002,7,16.5258064516129,21.83225806451613,12.609677419354838,13.7,15.412903225806453,13.441612903225806
São Paulo,Sudeste,2002,8,19.77741935483871,25.38064516129032,15.493548387096775,56.4,15.04516129032258,16.13967741935484
São Paulo,Sudeste,2002,9,17.490000000000002,22.553333333333335,13.276666666666667,72.5,17.753333333333334,16.976333333333333
São Paulo,Sudeste,2002,10,22.296774193548387,28.251612903225805,17.787096774193547,48.9,16.206451612903226,22.21741935483871
São Paulo,Sudeste,2002,11,21.486666666666668,26.07,17.913333333333334,140.5,19.19,20.608666666666668
São Paulo,Sudeste,2002,12,22.37741935483871,26.63225806451613,19.083870967741937,161.79999999999998,17.593548387096774,21.001935483870966
São Paulo,Sudeste,2003,1,22.187096774193545,25.864516129032257,19.490322580645163,285.9,16.703225806451616,16.28548387096774
São Paulo,Sudeste,2003,2,24.375,29.032142857142855,20.657142857142855,59.2,13.953571428571427,23.232499999999998
São Paulo,Sudeste,2003,3,21.68064516129032,25.687096774193545,18.98709677419355,112.0,16.112903225806452,17.093870967741935
São Paulo,Sudeste,2003,4,20.453333333333333,24.836666666666666,17.136666666666667,69.3,14.023333333333333,16.105
São Paulo,Sudeste,2003,5,17.432258064516127,22.261290322580646,13.593548387096773,45.3,15.596774193548388,14.65709677419355
São Paulo,Sudeste,2003,6,18.723333333333336,24.236666666666668,14.773333333333333,7.3,13.593333333333334,13.474666666666668
São Paulo,Sudeste,2003,7,17.280645161290323,22.780645161290323,12.912903225806453,15.299999999999999,15.274193548387096,13.511290322580646
São Paulo,Sudeste,2003,8,15.899999999999999,21.048387096774192,11.916129032258064,30.7,14.719354838709679,14.113225806451613
São Paulo,Sudeste,2003,9,17.993333333333332,23.426666666666666,13.893333333333334,36.7,16.503333333333334,18.448333333333334
São Paulo,Sudeste,2003,10,19.532258064516128,24.5,15.787096774193548,136.5,16.929032258064513,19.598387096774193
São Paulo,Sudeste,2003,11,20.316666666666666,24.703333333333333,16.84,112.4,20.84,19.836333333333336
São Paulo,Sudeste,2003,12,21.858064516129033,25.9,18.774193548387096,152.1,18.26774193548387,19.926774193548386
São Paulo,Sudeste,2004,1,20.822580645161292,24.596774193548388,17.864516129032257,243.9,16.083870967741937,17.960322580645162
São Paulo,Sudeste,2004,2,20.82758620689655,24.824137931034482,17.820689655172412,178.8,16.548275862068966,18.764827586206895
São Paulo,Sudeste,2004,3,20.27741935483871,24.51290322580645,17.41290322580645,141.9,14.374193548387098,17.700645161290325
São Paulo,Sudeste,2004,4,20.323333333333334,24.4,17.423333333333336,61.699999999999996,14.56,15.003666666666668
São Paulo,Sudeste,2004,5,16.958064516129035,21.074193548387097,13.861290322580645,70.9,14.85483870967742,12.193548387096774
São Paulo,Sudeste,2004,6,16.203333333333333,21.186666666666667,12.3,64.8,12.733333333333333,12.201666666666666
São Paulo,Sudeste,2004,7,15.441935483870967,19.84193548387097,12.019354838709678,74.9,16.43548387096774,11.598709677419356
São Paulo,Sudeste,2004,8,16.66774193548387,22.416129032258063,12.170967741935485,3.1,14.46774193548387,17.085806451612903
São Paulo,Sudeste,2004,9,20.80666666666667,27.13,16.093333333333334,15.2,16.646666666666665,20.929333333333332
São Paulo,Sudeste,2004,10,18.77741935483871,23.467741935483872,15.080645161290322,134.70000000000002,17.90967741935484,17.82032258064516
São Paulo,Sudeste,2004,11,20.240000000000002,24.353333333333335,16.793333333333333,130.3,18.02,19.764666666666667
São Paulo,Sudeste,2004,12,20.76451612903226,24.97741935483871,17.451612903225808,146.20000000000002,17.13225806451613,20.76967741935484
São Paulo,Sudeste,2005,1,21.712903225806453,25.36774193548387,18.903225806451612,349.1,17.438709677419357,16.243870967741934
São Paulo,Sudeste,2005,2,21.167857142857144,25.478571428571428,17.889285714285712,80.6,16.432142857142857,21.874642857142856
São Paulo,Sudeste,2005,3,21.60967741935484,25.480645161290322,18.825806451612905,132.6,15.67741935483871,17.09903225806452
São Paulo,Sudeste,2005,4,21.293333333333333,25.476666666666667,18.19333333333333,61.599999999999994,14.266666666666667,16.020666666666667
São Paulo,Sudeste,2005,5,18.98709677419355,24.08709677419355,14.806451612903226,65.3,13.96774193548387,14.720967741935484
São Paulo,Sudeste,2005,6,18.15666666666667,23.05666666666667,14.423333333333334,24.400000000000002,13.426666666666668,12.823666666666666
São Paulo,Sudeste,2005,7,16.10967741935484,21.17096774193548,12.051612903225807,19.4,15.929032258064517,12.868709677419355
São Paulo,Sudeste,2005,8,18.770967741935483,24.93548387096774,14.109677419354838,23.8,15.441935483870967,17.29774193548387
São Paulo,Sudeste,2005,9,17.626666666666665,21.986666666666668,14.363333333333333,98.1,18.45,14.609666666666667
São Paulo,Sudeste,2005,10,20.848387096774193,25.335483870967742,17.519354838709678,107.6,16.541935483870965,17.05258064516129
São Paulo,Sudeste,2005,11,19.773333333333333,23.863333333333333,16.37,95.7,17.746666666666666,19.618333333333332
São Paulo,Sudeste,2005,12,20.219354838709677,24.429032258064513,16.729032258064517,114.8,19.55483870967742,20.580967741935485
São Paulo,Sudeste,2006,1,23.016129032258064,27.283870967741933,19.503225806451614,128.5,14.983870967741936,21.06096774193548
São Paulo,Sudeste,2006,2,22.607142857142858,26.72142857142857,19.735714285714288,174.4,15.814285714285715,18.469642857142855
São Paulo,Sudeste,2006,3,22.125806451612902,26.296774193548387,19.161290322580644,121.2,14.638709677419355,18.061612903225804
São Paulo,Sudeste,2006,4,19.279999999999998,23.779999999999998,16.066666666666666,34.199999999999996,15.143333333333334,15.838
São Paulo,Sudeste,2006,5,16.16774193548387,20.45483870967742,12.964516129032257,21.7,14.78709677419355,12.541290322580645
São Paulo,Sudeste,2006,6,16.863333333333333,21.93,12.923333333333334,3.6000000000000005,15.229999999999999,13.036
São Paulo,Sudeste,2006,7,17.783870967741933,23.687096774193545,13.003225806451614,41.8,13.990322580645161,13.697096774193549
São Paulo,Sudeste,2006,8,17.938709677419357,23.73548387096774,13.380645161290323,13.0,16.135483870967743,16.21451612903226
São Paulo,Sudeste,2006,9,17.82,22.88,13.72,84.5,17.946666666666665,16.945
São Paulo,Sudeste,2006,10,19.019354838709678,23.458064516129035,15.680645161290323,82.1,16.516129032258064,17.991935483870968
São Paulo,Sudeste,2006,11,20.1,24.509999999999998,16.529999999999998,173.4,18.063333333333333,19.732333333333333
São Paulo,Sudeste,2006,12,21.80322580645161,25.751612903225805,18.993548387096773,235.3,17.732258064516127,18.648709677419355
São Paulo,Sudeste,2007,1,21.816129032258065,25.425806451612903,19.15806451612903,194.4,17.925806451612903,15.849677419354839
São Paulo,Sudeste,2007,2,22.45357142857143,26.964285714285715,19.064285714285713,144.5,14.989285714285714,21.281785714285714
São Paulo,Sudeste,2007,3,22.993548387096773,27.845161290322583,19.393548387096775,87.0,13.041935483870969,20.53322580645161
São Paulo,Sudeste,2007,4,21.016666666666666,25.37,18.046666666666667,42.5,15.446666666666665,16.152333333333335
São Paulo,Sudeste,2007,5,17.1,21.516129032258064,13.596774193548388,59.199999999999996,15.938709677419356,12.23
São Paulo,Sudeste,2007,6,17.323333333333334,23.026666666666664,12.76,10.700000000000001,15.47,13.685
São Paulo,Sudeste,2007,7,15.838709677419354,20.903225806451612,11.44516129032258,153.6,17.27741935483871,11.845161290322581
São Paulo,Sudeste,2007,8,17.041935483870965,22.758064516129032,12.612903225806452,0.7,15.880645161290323,16.47806451612903
São Paulo,Sudeste,2007,9,20.096666666666668,26.043333333333333,15.53,14.5,16.446666666666665,19.73966666666667
São Paulo,Sudeste,2007,10,20.916129032258063,26.580645161290324,16.593548387096774,81.60000000000001,16.79032258064516,21.411935483870966
São Paulo,Sudeste,2007,11,19.866666666666667,24.03666666666667,16.486666666666668,181.5,19.983333333333334,19.367666666666665
São Paulo,Sudeste,2007,12,21.809677419354838,25.94193548387097,18.348387096774193,139.6,15.899999999999999,21.087741935483873
São Paulo,Sudeste,2008,1,21.261290322580646,24.89032258064516,18.458064516129035,212.4,17.516129032258064,18.333225806451615
São Paulo,Sudeste,2008,2,21.886206896551727,25.951724137931034,18.813793103448276,146.7,15.313793103448276,19.521379310344827
São Paulo,Sudeste,2008,3,20.993548387096773,24.845161290322583,18.22258064516129,136.1,16.019354838709678,17.477096774193548
São Paulo,Sudeste,2008,4,20.066666666666666,24.216666666666665,16.81,121.0,15.139999999999999,13.982333333333335
São Paulo,Sudeste,2008,5,16.416129032258063,20.903225806451612,12.758064516129032,42.3,15.103225806451613,12.64516129032258
São Paulo,Sudeste,2008,6,16.41,21.066666666666666,12.906666666666666,30.900000000000002,15.41,11.316666666666666
São Paulo,Sudeste,2008,7,16.725806451612904,22.93548387096774,11.883870967741935,0.7,13.17741935483871,15.383870967741936
São Paulo,Sudeste,2008,8,18.03548387096774,23.225806451612904,14.109677419354838,90.8,16.858064516129033,14.828387096774193
São Paulo,Sudeste,2008,9,17.23,22.206666666666667,13.6,68.8,17.94,16.871666666666666
São Paulo,Sudeste,2008,10,20.051612903225806,24.638709677419353,16.383870967741935,149.7,17.519354838709678,17.330967741935485
São Paulo,Sudeste,2008,11,19.346666666666668,23.40666666666667,16.353333333333335,181.29999999999998,18.05,20.196
São Paulo,Sudeste,2008,12,20.164516129032258,24.48709677419355,16.793548387096774,174.6,16.06451612903226,20.870967741935484
São Paulo,Sudeste,2009,1,21.729032258064517,25.490322580645163,19.0,233.6,18.335483870967742,18.28322580645161
São Paulo,Sudeste,2009,2,22.660714285714285,26.825,19.775000000000002,206.9,14.414285714285715,19.094642857142855
São Paulo,Sudeste,2009,3,21.932258064516127,26.061290322580643,19.116129032258065,106.4,14.583870967741936,17.786774193548386
São Paulo,Sudeste,2009,4,19.376666666666665,23.540000000000003,16.523333333333333,76.2,14.803333333333335,16.165666666666667
São Paulo,Sudeste,2009,5,18.296774193548387,22.94193548387097,14.85483870967742,56.4,14.719354838709679,13.486451612903226
São Paulo,Sudeste,2009,6,14.84,19.293333333333333,11.213333333333333,37.4,14.229999999999999,11.657666666666668
São Paulo,Sudeste,2009,7,16.141935483870967,20.338709677419356,12.796774193548387,154.6,15.429032258064517,10.038709677419355
São Paulo,Sudeste,2009,8,17.32903225806452,22.580645161290324,13.203225806451613,68.2,16.4,15.221612903225807
São Paulo,Sudeste,2009,9,19.223333333333336,23.57,15.926666666666668,126.4,17.23,14.198
São Paulo,Sudeste,2009,10,19.15806451612903,23.467741935483872,15.912903225806453,120.0,17.22258064516129,16.916774193548385
São Paulo,Sudeste,2009,11,23.05,27.4,19.85666666666667,185.5,17.223333333333336,20.561
São Paulo,Sudeste,2009,12,21.635483870967743,25.538709677419355,18.73225806451613,209.6,16.741935483870968,17.688709677419357
São Paulo,Sudeste,2010,1,23.212903225806453,27.296774193548387,20.174193548387095,294.09999999999997,14.758064516129032,17.68064516129032
São Paulo,Sudeste,2010,2,24.057142857142857,28.614285714285717,20.214285714285715,185.4,14.364285714285714,21.087142857142858
São Paulo,Sudeste,2010,3,22.19677419354839,26.506451612903227,18.929032258064513,103.7,16.94193548387097,18.233870967741936
São Paulo,Sudeste,2010,4,19.55,23.65,16.336666666666666,67.4,15.97,14.927666666666665
São Paulo,Sudeste,2010,5,17.65806451612903,22.219354838709677,14.125806451612902,39.199999999999996,15.296774193548387,13.195483870967742
São Paulo,Sudeste,2010,6,15.66,20.92,11.513333333333332,9.4,15.163333333333332,12.923666666666666
São Paulo,Sudeste,2010,7,17.448387096774194,22.532258064516128,13.529032258064515,58.0,16.238709677419354,12.98258064516129
São Paulo,Sudeste,2010,8,16.25483870967742,21.929032258064513,11.69032258064516,2.6,16.403225806451612,16.20483870967742
São Paulo,Sudeste,2010,9,19.223333333333336,24.756666666666668,15.023333333333333,89.9,17.33,16.771333333333335
São Paulo,Sudeste,2010,10,17.916129032258063,22.51290322580645,14.361290322580645,130.5,18.219354838709677,18.76483870967742
São Paulo,Sudeste,2010,11,20.033333333333335,24.40666666666667,16.636666666666667,182.3,17.123333333333335,20.213666666666665
São Paulo,Sudeste,2010,12,21.638709677419353,25.65806451612903,18.6,251.9,16.96451612903226,18.990645161290324
São Paulo,Sudeste,2011,1,23.0258064516129,26.9741935483871,20.261290322580646,270.3,14.793548387096775,18.51290322580645
São Paulo,Sudeste,2011,2,23.5,27.675,20.467857142857145,170.2,12.514285714285714,19.12607142857143
São Paulo,Sudeste,2011,3,20.654838709677417,23.883870967741935,18.438709677419357,175.4,16.058064516129033,13.503870967741936
São Paulo,Sudeste,2011,4,20.40666666666667,24.466666666666665,17.353333333333335,72.8,14.2,15.308
São Paulo,Sudeste,2011,5,16.61935483870968,20.903225806451612,13.416129032258064,20.8,14.44516129032258,13.172903225806452
São Paulo,Sudeste,2011,6,14.97,20.613333333333333,10.533333333333333,51.2,14.83,13.266333333333334
São Paulo,Sudeste,2011,7,16.648387096774194,22.280645161290323,12.48709677419355,30.1,13.996774193548386,12.720322580645162
São Paulo,Sudeste,2011,8,17.53548387096774,23.25483870967742,13.048387096774194,39.5,18.56451612903226,14.327741935483871
São Paulo,Sudeste,2011,9,17.290000000000003,23.733333333333334,12.69,5.300000000000001,18.03666666666667,20.471
São Paulo,Sudeste,2011,10,19.603225806451615,24.31935483870968,15.780645161290321,111.8,19.083870967741937,18.387096774193548
São Paulo,Sudeste,2011,11,18.666666666666668,23.373333333333335,14.99,183.9,17.46333333333333,20.76966666666667
São Paulo,Sudeste,2011,12,21.17096774193548,25.345161290322583,17.503225806451614,188.5,16.870967741935484,21.019354838709678
São Paulo,Sudeste,2012,1,20.925806451612903,25.090322580645164,17.67096774193548,224.1,16.37741935483871,19.541612903225804
São Paulo,Sudeste,2012,2,23.282758620689656,27.7551724137931,19.675862068965518,111.3,13.06551724137931,21.013793103448275
São Paulo,Sudeste,2012,3,21.46451612903226,26.003225806451614,18.038709677419355,78.5,15.03225806451613,19.769032258064517
São Paulo,Sudeste,2012,4,20.21333333333333,24.3,17.44333333333333,119.1,15.283333333333333,14.472666666666667
São Paulo,Sudeste,2012,5,17.006451612903227,20.793548387096774,14.067741935483872,29.4,16.24838709677419,12.313870967741936
São Paulo,Sudeste,2012,6,17.196666666666665,21.026666666666664,14.153333333333334,166.0,16.566666666666666,9.565666666666667
São Paulo,Sudeste,2012,7,16.238709677419354,21.274193548387096,12.332258064516129,83.5,16.074193548387097,13.32
São Paulo,Sudeste,2012,8,17.84193548387097,23.741935483870968,13.096774193548388,2.7,13.596774193548388,17.832580645161293
São Paulo,Sudeste,2012,9,19.396666666666665,25.35666666666667,14.826666666666666,77.8,18.59333333333333,19.069666666666667
São Paulo,Sudeste,2012,10,21.190322580645162,26.725806451612904,17.009677419354837,78.5,17.03548387096774,21.460645161290323
São Paulo,Sudeste,2012,11,19.846666666666668,24.163333333333334,16.62,99.8,17.35,19.711000000000002
São Paulo,Sudeste,2012,12,23.612903225806452,27.664516129032258,20.506451612903227,191.8,15.458064516129031,20.179354838709674
São Paulo,Sudeste,2013,1,21.138709677419353,24.787096774193547,18.45483870967742,201.5,18.261290322580646,17.572903225806453
São Paulo,Sudeste,2013,2,22.825,26.978571428571428,19.657142857142855,146.2,14.160714285714286,20.11642857142857
São Paulo,Sudeste,2013,3,21.187096774193545,25.009677419354837,18.429032258064513,174.0,16.851612903225806,16.684516129032257
São Paulo,Sudeste,2013,4,18.883333333333333,23.176666666666666,15.620000000000001,93.9,14.796666666666665,15.855333333333332
São Paulo,Sudeste,2013,5,18.05483870967742,22.73225806451613,14.406451612903227,60.6,15.364516129032259,13.029677419354838
São Paulo,Sudeste,2013,6,17.373333333333335,21.59,14.176666666666668,71.2,13.613333333333333,10.550666666666666
São Paulo,Sudeste,2013,7,15.351612903225806,20.016129032258064,11.712903225806452,70.5,14.935483870967742,11.849032258064517
São Paulo,Sudeste,2013,8,16.60967741935484,22.56451612903226,11.874193548387098,7.0,16.725806451612904,16.182580645161288
São Paulo,Sudeste,2013,9,18.646666666666665,24.209999999999997,14.186666666666667,110.80000000000001,16.64,17.584333333333333
São Paulo,Sudeste,2013,10,18.700000000000003,23.141935483870967,15.038709677419355,129.70000000000002,17.322580645161292,17.613548387096774
São Paulo,Sudeste,2013,11,20.496666666666666,24.916666666666668,16.816666666666666,147.1,17.386666666666667,20.113999999999997
São Paulo,Sudeste,2013,12,21.88064516129032,26.26451612903226,18.483870967741936,95.6,18.91290322580645,22.80290322580645
São Paulo,Sudeste,2014,1,24.174193548387095,29.151612903225807,20.18064516129032,83.1,15.416129032258064,25.30838709677419
São Paulo,Sudeste,2014,2,24.63214285714286,29.675,20.542857142857144,83.4,16.478571428571428,22.87142857142857
São Paulo,Sudeste,2014,3,22.164516129032258,26.648387096774194,19.1,101.8,16.119354838709675,18.799999999999997
São Paulo,Sudeste,2014,4,19.93,24.12,16.843333333333334,46.0,15.293333333333333,15.912
São Paulo,Sudeste,2014,5,18.0258064516129,22.76451612903226,14.33548387096774,40.2,15.683870967741935,13.045806451612904
São Paulo,Sudeste,2014,6,17.646666666666665,22.673333333333336,13.776666666666667,4.6,15.753333333333334,11.963666666666665
São Paulo,Sudeste,2014,7,16.258064516129032,20.980645161290322,12.587096774193547,43.199999999999996,15.47741935483871,11.888064516129031
São Paulo,Sudeste,2014,8,17.251612903225805,23.067741935483873,12.535483870967743,36.3,16.174193548387095,16.036129032258064
São Paulo,Sudeste,2014,9,19.613333333333333,25.57,15.263333333333332,70.7,18.173333333333336,18.657666666666668
São Paulo,Sudeste,2014,10,20.606451612903225,26.770967741935483,15.719354838709679,31.5,17.677419354838708,22.911612903225805
São Paulo,Sudeste,2014,11,20.576666666666664,24.83,17.12,144.79999999999998,17.066666666666666,19.328
São Paulo,Sudeste,2014,12,22.280645161290323,26.748387096774195,18.635483870967743,178.8,17.74516129032258,20.906451612903226
São Paulo,Sudeste,2015,1,24.37741935483871,28.835483870967742,20.90967741935484,102.8,15.003225806451614,23.20387096774194
São Paulo,Sudeste,2015,2,22.582142857142856,26.946428571428573,19.639285714285712,176.3,15.717857142857143,19.473214285714285
São Paulo,Sudeste,2015,3,21.387096774193548,25.53548387096774,18.661290322580644,197.70000000000002,14.606451612903227,16.36709677419355
São Paulo,Sudeste,2015,4,19.783333333333335,23.83,16.976666666666667,42.8,16.133333333333333,14.762666666666666
São Paulo,Sudeste,2015,5,18.03548387096774,21.874193548387098,15.058064516129033,78.1,15.274193548387096,11.733225806451614
São Paulo,Sudeste,2015,6,17.136666666666667,21.846666666666668,13.356666666666666,29.700000000000003,16.87,11.581999999999999
São Paulo,Sudeste,2015,7,17.316129032258065,22.138709677419353,13.709677419354838,83.9,15.403225806451612,11.360645161290323
São Paulo,Sudeste,2015,8,19.096774193548388,24.92258064516129,14.332258064516129,30.6,14.3,16.758064516129032
São Paulo,Sudeste,2015,9,20.30666666666667,25.58,16.326666666666668,228.4,16.963333333333335,16.587666666666667
São Paulo,Sudeste,2015,10,21.4,26.551612903225806,17.603225806451615,55.2,17.116129032258065,19.52548387096774
São Paulo,Sudeste,2015,11,21.573333333333334,25.403333333333332,18.763333333333332,222.2,16.553333333333335,16.637666666666668
São Paulo,Sudeste,2015,12,22.693548387096776,26.561290322580643,19.796774193548387,237.9,17.093548387096774,18.23193548387097
São Paulo,Sudeste,2016,1,22.093548387096774,25.864516129032257,19.13225806451613,240.4,18.32903225806452,18.97451612903226
São Paulo,Sudeste,2016,2,23.46896551724138,27.52758620689655,20.393103448275863,171.0,16.26206896551724,18.572068965517243
São Paulo,Sudeste,2016,3,22.08709677419355,26.29032258064516,19.206451612903226,140.8,16.47741935483871,17.649032258064516
São Paulo,Sudeste,2016,4,22.779999999999998,27.626666666666665,18.966666666666665,25.3,13.806666666666667,17.733999999999998
São Paulo,Sudeste,2016,5,17.44193548387097,21.503225806451614,14.48709677419355,64.0,16.270967741935483,11.980322580645161
São Paulo,Sudeste,2016,6,14.556666666666667,18.98,11.393333333333334,111.2,13.79,11.508000000000001
São Paulo,Sudeste,2016,7,16.35806451612903,22.187096774193545,11.783870967741937,7.7,15.119354838709677,14.31516129032258
São Paulo,Sudeste,2016,8,17.503225806451614,23.19677419354839,13.05483870967742,81.6,16.56451612903226,15.17451612903226
São Paulo,Sudeste,2016,9,17.84,22.986666666666668,14.096666666666666,28.799999999999997,18.243333333333332,18.36
São Paulo,Sudeste,2016,10,19.490322580645163,24.125806451612902,16.16774193548387,147.8,17.59032258064516,19.039354838709677
São Paulo,Sudeste,2016,11,19.796666666666667,23.92,16.343333333333334,190.0,16.606666666666666,19.735333333333333
São Paulo,Sudeste,2016,12,22.529032258064515,27.335483870967742,18.448387096774194,107.9,16.061290322580643,22.49451612903226
São Paulo,Sudeste,2017,1,22.248387096774195,26.629032258064516,19.393548387096775,344.3,17.09032258064516,18.06709677419355
São Paulo,Sudeste,2017,2,22.860714285714288,28.15357142857143,18.603571428571428,66.3,17.639285714285712,22.724285714285713
São Paulo,Sudeste,2017,3,20.81935483870968,25.338709677419356,17.919354838709676,153.4,18.141935483870967,17.434516129032257
São Paulo,Sudeste,2017,4,19.126666666666665,23.413333333333334,16.28666666666667,80.7,18.83,12.604666666666667
São Paulo,Sudeste,2017,5,17.796774193548387,22.193548387096776,14.96774193548387,88.39999999999999,16.34516129032258,11.346129032258066
São Paulo,Sudeste,2017,6,16.476666666666667,21.45,12.94,32.3,16.816666666666666,11.604999999999999
São Paulo,Sudeste,2017,7,14.996774193548386,20.816129032258065,10.600000000000001,5.2,16.629032258064516,13.790000000000001
São Paulo,Sudeste,2017,8,16.241935483870968,21.548387096774192,12.387096774193548,37.4,18.770967741935483,12.836774193548386
São Paulo,Sudeste,2017,9,19.836666666666666,27.396666666666665,14.293333333333333,32.0,18.766666666666666,20.122666666666664
São Paulo,Sudeste,2017,10,20.4741935483871,26.009677419354837,16.429032258064517,71.4,19.225806451612904,17.036129032258064
São Paulo,Sudeste,2017,11,19.46333333333333,24.64,15.506666666666666,103.1,20.183333333333334,19.845666666666666
São Paulo,Sudeste,2017,12,21.193548387096776,25.674193548387095,18.280645161290323,163.2,18.835483870967742,18.30548387096774
São Paulo,Sudeste,2018,1,21.529032258064515,25.864516129032257,18.451612903225808,212.6,17.948387096774194,18.171612903225807
São Paulo,Sudeste,2018,2,20.782142857142855,25.182142857142857,17.478571428571428,65.2,19.192857142857143,18.826071428571428
São Paulo,Sudeste,2018,3,22.141935483870967,27.177419354838708,18.916129032258063,116.80000000000001,16.2,17.888387096774192
São Paulo,Sudeste,2018,4,19.586666666666666,24.57,16.279999999999998,24.3,17.28666666666667,16.098
São Paulo,Sudeste,2018,5,17.77741935483871,23.093548387096774,13.980645161290322,26.8,17.73225806451613,13.724516129032258
São Paulo,Sudeste,2018,6,17.303333333333335,22.43,13.53,58.8,16.04,10.829666666666666
São Paulo,Sudeste,2018,7,17.11935483870968,23.570967741935487,12.183870967741935,19.6,15.303225806451612,13.58516129032258
São Paulo,Sudeste,2018,8,15.625806451612902,20.751612903225805,11.832258064516129,59.6,16.91290322580645,13.243870967741936
São Paulo,Sudeste,2018,9,17.866666666666667,23.926666666666666,14.116666666666667,89.5,19.846666666666668,16.420333333333335
São Paulo,Sudeste,2018,10,18.97741935483871,23.541935483870965,15.748387096774193,122.3,19.461290322580645,15.159354838709678
São Paulo,Sudeste,2018,11,19.696666666666665,24.473333333333336,15.94,149.1,20.113333333333333,18.199
São Paulo,Sudeste,2018,12,22.019354838709678,27.612903225806452,17.54516129032258,93.5,17.325806451612905,23.288387096774194
São Paulo,Sudeste,2019,1,24.019354838709678,29.896774193548385,19.738709677419354,159.8,16.283870967741937,23.70451612903226
São Paulo,Sudeste,2019,2,21.771428571428572,26.410714285714285,18.15,271.7,18.25357142857143,17.890714285714285
São Paulo,Sudeste,2019,3,21.187096774193545,25.683870967741935,17.980645161290322,161.1,16.76774193548387,17.622258064516128
São Paulo,Sudeste,2019,4,20.61,25.42,17.253333333333334,107.1,16.28666666666667,15.783
São Paulo,Sudeste,2019,5,18.91290322580645,23.761290322580646,15.464516129032257,59.8,16.26451612903226,12.981935483870968
São Paulo,Sudeste,2019,6,17.14333333333333,22.6,13.083333333333334,26.3,15.516666666666667,13.158333333333333
São Paulo,Sudeste,2019,7,15.26774193548387,21.129032258064516,10.761290322580646,105.29999999999998,16.42258064516129,14.347741935483871
São Paulo,Sudeste,2019,8,16.34516129032258,21.9741935483871,12.26774193548387,18.5,18.496774193548386,14.152258064516129
São Paulo,Sudeste,2019,9,19.006666666666668,25.016666666666666,14.763333333333332,50.9,19.05,15.633666666666667
São Paulo,Sudeste,2019,10,20.906451612903226,27.30322580645161,16.496774193548386,49.6,19.748387096774195,19.66774193548387
São Paulo,Sudeste,2019,11,20.3,25.44333333333333,16.54,110.9,20.396666666666665,17.94633333333333
São Paulo,Sudeste,2019,12,21.1,26.20967741935484,17.45483870967742,97.6,19.32903225806452,20.779677419354837
São Paulo,Sudeste,2020,1,21.651612903225807,26.370967741935484,18.10967741935484,273.09999999999997,18.53548387096774,19.727096774193548
São Paulo,Sudeste,2020,2,21.00689655172414,25.013793103448275,18.0,236.8,18.099999999999998,16.284137931034483
São Paulo,Sudeste,2020,3,19.91290322580645,25.26451612903226,16.316129032258065,86.1,18.361290322580647,20.220967741935485
São Paulo,Sudeste,2020,4,18.7,24.583333333333332,14.74,10.6,19.573333333333334,17.419
São Paulo,Sudeste,2020,5,16.15483870967742,22.138709677419353,11.583870967741936,31.2,18.79032258064516,14.731935483870968
São Paulo,Sudeste,2020,6,17.990000000000002,22.866666666666667,14.066666666666666,62.199999999999996,18.383333333333333,11.767333333333333
São Paulo,Sudeste,2020,7,17.116129032258065,22.809677419354838,12.54516129032258,7.6,18.616129032258065,13.820322580645161
São Paulo,Sudeste,2020,8,16.483870967741936,22.429032258064513,12.16451612903226,78.0,18.241935483870968,15.240322580645161
São Paulo,Sudeste,2020,9,20.676666666666666,27.726666666666667,15.856666666666666,33.9,19.346666666666668,17.861
São Paulo,Sudeste,2020,10,20.59032258064516,26.977419354838712,16.119354838709675,107.30000000000001,20.741935483870968,18.75
São Paulo,Sudeste,2020,11,19.33,25.433333333333334,14.976666666666667,112.1,19.466666666666665,21.988666666666667
São Paulo,Sudeste,2020,12,21.55483870967742,26.596774193548388,18.14516129032258,153.9,18.851612903225806,20.667096774193546
São Paulo,Sudeste,2021,1,22.690322580645162,27.845161290322583,19.293548387096774,209.6,16.861290322580647,21.87258064516129
São Paulo,Sudeste,2021,2,21.235714285714288,26.407142857142855,17.514285714285712,165.8,17.20357142857143,20.966785714285717
São Paulo,Sudeste,2021,3,21.799999999999997,27.096774193548388,18.190322580645162,111.0,16.361290322580643,20.333548387096776
São Paulo,Sudeste,2021,4,18.19,23.35666666666667,14.629999999999999,57.0,18.396666666666665,16.357
São Paulo,Sudeste,2021,5,17.06451612903226,22.761290322580646,12.980645161290322,36.2,18.16774193548387,13.720967741935485
São Paulo,Sudeste,2021,6,15.786666666666667,20.84333333333333,12.389999999999999,25.599999999999998,16.01,11.868
São Paulo,Sudeste,2021,7,14.325806451612904,21.096774193548388,9.312903225806451,18.900000000000002,17.106451612903225,15.211935483870967
São Paulo,Sudeste,2021,8,17.480645161290322,23.35483870967742,12.693548387096774,33.1,17.874193548387098,15.009354838709678
São Paulo,Sudeste,2021,9,19.946666666666665,27.4,14.99,13.4,20.763333333333332,18.491666666666667
São Paulo,Sudeste,2021,10,18.361290322580647,23.261290322580646,15.02258064516129,156.1,20.406451612903226,15.716451612903224
São Paulo,Sudeste,2021,11,19.386666666666667,25.196666666666665,15.096666666666666,60.1,21.303333333333335,22.941
São Paulo,Sudeste,2021,12,20.129032258064516,25.438709677419357,16.380645161290325,196.8,20.351612903225806,22.688709677419357
São Paulo,Sudeste,2022,1,21.729032258064517,26.58709677419355,18.603225806451615,290.6,18.996774193548386,20.17290322580645
São Paulo,Sudeste,2022,2,21.410714285714285,26.75714285714286,17.664285714285715,105.6,18.814285714285713,22.997142857142855
São Paulo,Sudeste,2022,3,22.19677419354839,27.38064516129032,18.616129032258065,169.6,18.26774193548387,19.683870967741935
São Paulo,Sudeste,2022,4,19.56,24.966666666666665,15.936666666666667,62.4,19.473333333333336,16.642333333333333
São Paulo,Sudeste,2022,5,16.506451612903227,21.887096774193548,12.364516129032259,24.400000000000002,19.85483870967742,14.375806451612902
São Paulo,Sudeste,2022,6,15.71,21.096666666666668,12.046666666666665,51.3,17.456666666666667,12.329666666666666
São Paulo,Sudeste,2022,7,17.306451612903224,23.94516129032258,12.396774193548387,8.6,17.874193548387098,15.200967741935484
São Paulo,Sudeste,2022,8,15.97741935483871,22.280645161290323,11.67741935483871,38.4,21.816129032258065,14.247741935483871
São Paulo,Sudeste,2022,9,16.103333333333335,21.8,12.03,133.7,20.986666666666668,15.182666666666668
São Paulo,Sudeste,2022,10,19.42258064516129,25.08709677419355,15.603225806451613,152.4,21.04516129032258,19.246129032258064
São Paulo,Sudeste,2022,11,17.936666666666667,23.496666666666666,14.07,130.7,22.07,22.593666666666667
São Paulo,Sudeste,2022,12,20.322580645161292,25.18064516129032,16.835483870967742,264.7,20.55806451612903,21.073548387096775
São Paulo,Sudeste,2023,1,21.019354838709678,25.567741935483873,17.641935483870967,208.2,20.074193548387097,20.80548387096774
São Paulo,Sudeste,2023,2,21.77857142857143,26.464285714285715,18.642857142857142,243.9,20.832142857142856,19.06
São Paulo,Sudeste,2023,3,21.532258064516128,26.94516129032258,17.75483870967742,182.4,17.125806451612902,20.764193548387098
São Paulo,Sudeste,2023,4,18.573333333333334,23.553333333333335,15.103333333333333,113.3,18.27,16.246666666666666
São Paulo,Sudeste,2023,5,17.361290322580647,23.05483870967742,13.319354838709677,49.1,15.716129032258063,14.761935483870968
São Paulo,Sudeste,2023,6,15.746666666666666,21.416666666666668,11.47,29.3,15.793333333333333,13.447000000000001
São Paulo,Sudeste,2023,7,16.351612903225806,22.23548387096774,11.893548387096773,20.2,17.990322580645163,13.589677419354837
São Paulo,Sudeste,2023,8,18.164516129032258,24.293548387096774,13.758064516129032,35.1,19.816129032258065,15.098064516129032
São Paulo,Sudeste,2023,9,21.28666666666667,28.446666666666665,15.51,49.6,21.959999999999997,18.358999999999998
São Paulo,Sudeste,2023,10,20.53548387096774,25.70967741935484,16.929032258064513,188.4,21.887096774193548,17.003225806451614
São Paulo,Sudeste,2023,11,22.366666666666667,28.10666666666667,17.583333333333332,137.0,22.23,22.647
São Paulo,Sudeste,2023,12,22.729032258064517,29.074193548387097,18.03548387096774,82.2,21.370967741935484,25.759354838709676
São Paulo,Sudeste,2024,1,22.193548387096776,27.177419354838708,18.45483870967742,196.7,20.69677419354839,22.279999999999998
São Paulo,Sudeste,2024,2,22.25172413793103,27.589655172413792,18.54137931034483,174.7,19.279310344827586,21.526896551724136
São Paulo,Sudeste,2024,3,22.03548387096774,27.116129032258065,18.503225806451614,142.4,19.190322580645162,19.98193548387097
São Paulo,Sudeste,2024,4,21.06,26.779999999999998,16.823333333333334,54.3,16.093333333333334,17.645666666666667
São Paulo,Sudeste,2024,5,20.309677419354838,25.896774193548385,15.929032258064517,38.400000000000006,19.429032258064513,14.600322580645162
São Paulo,Sudeste,2024,6,18.23,24.43,13.213333333333333,6.0,18.9,14.315
São Paulo,Sudeste,2024,7,16.229032258064517,22.296774193548387,11.864516129032259,36.9,16.335483870967742,13.235806451612904
São Paulo,Sudeste,2024,8,17.01290322580645,24.403225806451612,11.029032258064515,58.2,17.306451612903224,17.45483870967742
São Paulo,Sudeste,2024,9,21.779999999999998,29.436666666666667,15.813333333333333,14.299999999999999,21.03666666666667,19.91433333333333
São Paulo,Sudeste,2024,10,19.961290322580645,26.116129032258065,15.864516129032259,91.3,22.751612903225805,19.011290322580646
São Paulo,Sudeste,2024,11,21.236666666666668,26.43,17.176666666666666,199.4,15.403333333333334,19.327333333333335
São Paulo,Sudeste,2024,12,22.190322580645162,27.41290322580645,18.651612903225807,235.5,15.53225806451613,20.96709677419355
